id,token,bio_tag
1.0,The,O
1.0,aforesaid,O
1.0,charge-sheet,B-DOCUMENT
1.0,was,O
1.0,submitted,O
1.0,against,O
1.0,10(ten),O
1.0,persons,O
1.0,including,O
1.0,the,O
1.0,present,O
1.0,petitioner.,B-LEGAL_ROLE
1.0,An,O
1.0,FIR,B-DOCUMENT
1.0,was,O
1.0,filed,O
1.0,by,O
1.0,one,O
1.0,Smti,O
1.0,Hardeep,O
1.0,Kaur,O
1.0,"Sondhi,",O
1.0,wife,O
1.0,of,O
1.0,late,O
1.0,Tej,B-PERSON
1.0,Pal,I-PERSON
1.0,Singh,I-PERSON
1.0,Sondhi,I-PERSON
1.0,with,O
1.0,the,O
1.0,"Officer-In-Charge,",B-LEGAL_ROLE
1.0,Dispur,B-POLICE_STATION
1.0,Police,B-POLICE_STATION
1.0,Station,I-POLICE_STATION
1.0,on,O
1.0,2.9.2008,B-DATE
1.0,which,O
1.0,was,O
1.0,registered,O
1.0,as,O
1.0,Dispur,O
1.0,P.S.Case,O
1.0,No.1383/09,O
1.0,under,O
1.0,Sections,B-SECTION
1.0,120(B)/468/447/506/506,I-SECTION
1.0,IPC.,I-SECTION
1.0,It,I-SECTION
1.0,has,I-SECTION
1.0,been,I-SECTION
1.0,stated,I-SECTION
1.0,in,I-SECTION
1.0,the,I-SECTION
1.0,FIR,B-DOCUMENT
1.0,that,B-SECTION
1.0,the,I-SECTION
1.0,informant's,O
1.0,family,O
1.0,owned,O
1.0,and,O
1.0,possessed,O
1.0,a,O
1.0,plot,O
1.0,of,O
1.0,land,O
1.0,measuring,O
1.0,4,O
1.0,Bighas,O
1.0,covered,O
1.0,by,O
1.0,Dag,B-PROPERTY
1.0,"No.209,",I-PROPERTY
1.0,K,I-PROPERTY
1.0,P,I-PROPERTY
1.0,Patta,B-PROPERTY
1.0,No.52,I-PROPERTY
1.0,at,I-PROPERTY
1.0,revenue,O
1.0,village,O
1.0,Rukmininagar,B-LOCATION
1.0,under,O
1.0,Beltola,B-LOCATION
1.0,Mouza,I-LOCATION
1.0,in,O
1.0,the,O
1.0,District,B-LOCATION
1.0,of,I-LOCATION
1.0,Kamrup(M),I-LOCATION
1.0,adjacent,O
1.0,to,O
1.0,the,O
1.0,Down,O
1.0,Town,O
1.0,Hospital.,O
1.0,From,O
1.0,the,O
1.0,aforesaid,O
1.0,plot,O
1.0,of,O
1.0,land,O
1.0,2,O
1.0,Bighas,O
1.0,2,O
1.0,Kathas,O
1.0,of,O
1.0,land,O
1.0,was,O
1.0,sold,O
1.0,to,O
1.0,two,O
1.0,different,O
1.0,buyers,O
1.0,and,O
1.0,the,O
1.0,rest,O
1.0,was,O
1.0,still,O
1.0,belonging,O
1.0,to,O
1.0,informant's,O
1.0,family.,O
1.0,It,O
1.0,is,O
1.0,alleged,O
1.0,that,O
1.0,taking,O
1.0,advantage,O
1.0,of,O
1.0,long,O
1.0,absence,O
1.0,from,O
1.0,Guwahati,B-LOCATION
1.0,some,O
1.0,miscreants,O
1.0,fraudulently,O
1.0,executed,O
1.0,and,O
1.0,registered,O
1.0,sale,O
1.0,deed,O
1.0,in,O
1.0,the,O
1.0,names,O
1.0,of,O
1.0,her,O
1.0,father-in-law,O
1.0,and,O
1.0,her,O
1.0,deceased,O
1.0,"husband,",O
1.0,who,O
1.0,was,O
1.0,an,O
1.0,Advocate,B-DESIGNATION
1.0,of,O
1.0,Gauhati,B-COURT
1.0,High,I-COURT
1.0,Court.,I-COURT
1.0,It,O
1.0,is,O
1.0,also,O
1.0,alleged,O
1.0,that,O
1.0,the,O
1.0,miscreants,O
1.0,started,O
1.0,construction,O
1.0,of,O
1.0,boundary,O
1.0,wall,O
1.0,without,O
1.0,her,O
1.0,knowledge,O
1.0,and,O
1.0,having,O
1.0,come,O
1.0,to,O
1.0,know,O
1.0,about,O
1.0,it,O
1.0,from,O
1.0,reliable,O
1.0,"source,",O
1.0,she,O
1.0,went,O
1.0,to,O
1.0,prevent,O
1.0,the,O
1.0,construction,O
1.0,works,O
1.0,but,O
1.0,the,O
1.0,miscreants,O
1.0,threatened,O
1.0,her,O
1.0,with,O
1.0,dire,O
1.0,consequences,O
1.0,compelling,O
1.0,her,O
1.0,to,O
1.0,file,O
1.0,the,O
1.0,FIR.,B-DOCUMENT
,,O
2.0,This,O
2.0,is,O
2.0,an,O
2.0,application,B-DOCUMENT
2.0,under,O
2.0,Section,B-SECTION
2.0,115,I-SECTION
2.0,read,I-SECTION
2.0,with,I-SECTION
2.0,Section,B-SECTION
2.0,151,I-SECTION
2.0,of,I-SECTION
2.0,the,I-SECTION
2.0,Code,I-SECTION
2.0,of,I-SECTION
2.0,Civil,I-SECTION
2.0,Procedure.,I-SECTION
2.0,Under,I-SECTION
2.0,challenge,I-SECTION
2.0,are,I-SECTION
2.0,the,I-SECTION
2.0,orders,I-SECTION
2.0,dated,I-SECTION
2.0,22.02.2006,B-DATE
2.0,and,B-SECTION
2.0,28.02.2006,B-DATE
2.0,passed,B-SECTION
2.0,by,I-SECTION
2.0,the,I-SECTION
2.0,learned,I-SECTION
2.0,Civil,I-SECTION
2.0,Judge,B-DESIGNATION
2.0,(Junior,B-SECTION
2.0,Division),I-SECTION
2.0,No.,I-SECTION
2.0,"2,",I-SECTION
2.0,Morigaon,I-SECTION
2.0,in,I-SECTION
2.0,Title,I-SECTION
2.0,Execution,I-SECTION
2.0,No.,I-SECTION
2.0,4/2005,I-SECTION
2.0,arising,I-SECTION
2.0,out,I-SECTION
2.0,of,I-SECTION
2.0,Title,I-SECTION
2.0,Suit,I-SECTION
2.0,No.,I-SECTION
2.0,9,I-SECTION
2.0,of,I-SECTION
2.0,2002.,I-SECTION
2.0,The,I-SECTION
2.0,"petitioners,",I-SECTION
2.0,as,I-SECTION
2.0,"plaintiffs,",I-SECTION
2.0,instituted,I-SECTION
2.0,a,I-SECTION
2.0,title,I-SECTION
2.0,suit,I-SECTION
2.0,against,I-SECTION
2.0,the,I-SECTION
2.0,present,I-SECTION
2.0,opposite,I-SECTION
2.0,parties,I-SECTION
2.0,and,I-SECTION
2.0,one,I-SECTION
2.0,Sri,I-SECTION
2.0,Panchal,I-SECTION
2.0,Bordoloi,I-SECTION
2.0,which,I-SECTION
2.0,was,I-SECTION
2.0,registered,I-SECTION
2.0,as,I-SECTION
2.0,Title,I-SECTION
2.0,Suit,I-SECTION
2.0,No.,I-SECTION
2.0,9/2002,I-SECTION
2.0,in,I-SECTION
2.0,the,I-SECTION
2.0,Court,I-SECTION
2.0,of,I-SECTION
2.0,Civil,I-SECTION
2.0,Judge,B-DESIGNATION
2.0,(Junior,B-SECTION
2.0,Division),I-SECTION
2.0,"No.2,",I-SECTION
2.0,Morigaon,I-SECTION
2.0,for,I-SECTION
2.0,declaration,I-SECTION
2.0,of,I-SECTION
2.0,"right,",I-SECTION
2.0,title,I-SECTION
2.0,and,I-SECTION
2.0,interest,I-SECTION
2.0,in,I-SECTION
2.0,respect,I-SECTION
2.0,of,I-SECTION
2.0,the,I-SECTION
2.0,suit,I-SECTION
2.0,land,I-SECTION
2.0,described,I-SECTION
2.0,in,I-SECTION
2.0,Schedule,I-SECTION
2.0,A,I-SECTION
2.0,of,I-SECTION
2.0,the,I-SECTION
2.0,"plaint,",I-SECTION
2.0,and,I-SECTION
2.0,for,I-SECTION
2.0,khas,I-SECTION
2.0,possession,I-SECTION
2.0,of,I-SECTION
2.0,the,I-SECTION
2.0,suit,I-SECTION
2.0,land,I-SECTION
2.0,by,I-SECTION
2.0,evicting,I-SECTION
2.0,the,I-SECTION
2.0,principal,I-SECTION
2.0,defendants,I-SECTION
2.0,along,I-SECTION
2.0,with,I-SECTION
2.0,other,I-SECTION
2.0,members,I-SECTION
2.0,of,I-SECTION
2.0,their,I-SECTION
2.0,families,I-SECTION
2.0,etc.,I-SECTION
,,O
3.0,Sri,O
3.0,"Roy,",O
3.0,learned,B-PERSON
3.0,counsel,I-PERSON
3.0,for,O
3.0,the,O
3.0,petitioner,B-DESIGNATION
3.0,submitted,O
3.0,that,O
3.0,the,O
3.0,respondent/defendant,O
3.0,"No.4,",O
3.0,M/s,B-ORGANIZATION
3.0,Ganesh,I-ORGANIZATION
3.0,Plantations,I-ORGANIZATION
3.0,Pvt.,I-ORGANIZATION
3.0,Ltd,I-ORGANIZATION
3.0,had,O
3.0,already,O
3.0,appeared,O
3.0,in,O
3.0,the,O
3.0,suit,O
3.0,through,O
3.0,a,O
3.0,lawyer,O
3.0,and,O
3.0,no,O
3.0,written,B-DOCUMENT
3.0,statement,I-DOCUMENT
3.0,was,O
3.0,"filed,",O
3.0,despite,O
3.0,taking,O
3.0,adjournments.,O
3.0,"Suddenly,",O
3.0,after,O
3.0,more,O
3.0,than,O
3.0,four,O
3.0,years,O
3.0,of,O
3.0,filing,O
3.0,of,O
3.0,the,O
3.0,"suit,",O
3.0,the,O
3.0,respondent,B-DESIGNATION
3.0,No.10(not,O
3.0,a,O
3.0,party,O
3.0,in,O
3.0,the,O
3.0,suit),O
3.0,filed,O
3.0,a,O
3.0,petition,B-DOCUMENT
3.0,under,O
3.0,Section,B-SECTION
3.0,151,I-SECTION
3.0,of,I-SECTION
3.0,the,I-SECTION
3.0,Code,I-SECTION
3.0,of,I-SECTION
3.0,Civil,I-SECTION
3.0,Procedure,I-SECTION
3.0,representing,I-SECTION
3.0,himself,I-SECTION
3.0,as,I-SECTION
3.0,the,I-SECTION
3.0,Director-cum-Executive,I-SECTION
3.0,Officer,I-SECTION
3.0,of,I-SECTION
3.0,defendant,I-SECTION
3.0,No.4,I-SECTION
3.0,and,I-SECTION
3.0,prayed,I-SECTION
3.0,for,I-SECTION
3.0,allowing,I-SECTION
3.0,the,I-SECTION
3.0,said,I-SECTION
3.0,defendant,I-SECTION
3.0,to,I-SECTION
3.0,submit,I-SECTION
3.0,their,I-SECTION
3.0,written,I-SECTION
3.0,statement,I-SECTION
3.0,and,I-SECTION
3.0,to,I-SECTION
3.0,contest,I-SECTION
3.0,the,I-SECTION
3.0,suit.,I-SECTION
3.0,According,I-SECTION
3.0,to,I-SECTION
3.0,the,I-SECTION
3.0,learned,I-SECTION
3.0,"counsel,",I-SECTION
3.0,the,I-SECTION
3.0,respondent,B-DESIGNATION
3.0,No.10,B-SECTION
3.0,was,I-SECTION
3.0,not,I-SECTION
3.0,impleaded,I-SECTION
3.0,in,I-SECTION
3.0,the,I-SECTION
3.0,suit,I-SECTION
3.0,by,I-SECTION
3.0,name,I-SECTION
3.0,nor,I-SECTION
3.0,he,I-SECTION
3.0,had,I-SECTION
3.0,authority,I-SECTION
3.0,to,I-SECTION
3.0,file,I-SECTION
3.0,the,I-SECTION
3.0,objection,I-SECTION
3.0,since,I-SECTION
3.0,the,I-SECTION
3.0,defendant,I-SECTION
3.0,No.4,I-SECTION
3.0,was,I-SECTION
3.0,already,I-SECTION
3.0,represented,I-SECTION
3.0,by,I-SECTION
3.0,its,I-SECTION
3.0,Director.,I-SECTION
,,O
4.0,The,B-ORGANIZATION
4.0,Bodoland,B-ORGANIZATION
4.0,Territorial,I-ORGANIZATION
4.0,Council,I-ORGANIZATION
4.0,(for,O
4.0,short,O
4.0,hereafter,O
4.0,referred,O
4.0,to,O
4.0,as,O
4.0,the,O
4.0,Council),O
4.0,by,O
4.0,the,O
4.0,instant,O
4.0,application,B-DOCUMENT
4.0,seeks,O
4.0,a,O
4.0,review,O
4.0,of,O
4.0,the,O
4.0,order,B-DOCUMENT
4.0,dated,O
4.0,"20.09.2002,",B-DATE
4.0,passed,O
4.0,by,O
4.0,this,O
4.0,Court,O
4.0,in,O
4.0,WP(C),O
4.0,No.,O
4.0,"2721/2001,directing",O
4.0,the,O
4.0,competent,B-ORGANIZATION
4.0,authority,I-ORGANIZATION
4.0,to,O
4.0,appoint,O
4.0,the,O
4.0,opposite,O
4.0,party/respondent,O
4.0,No.,O
4.0,4,O
4.0,and/or,O
4.0,pass,O
4.0,necessary,O
4.0,orders,O
4.0,for,O
4.0,the,O
4.0,regularization,O
4.0,of,O
4.0,his,O
4.0,services,O
4.0,in,O
4.0,the,O
4.0,light,O
4.0,of,O
4.0,the,O
4.0,order,B-DOCUMENT
4.0,dated,O
4.0,07.12.1999,B-DATE
4.0,(Annexure,O
4.0,B,O
4.0,to,O
4.0,the,O
4.0,writ,O
4.0,petition).,B-DOCUMENT
4.0,I,O
4.0,have,O
4.0,heard,O
4.0,Mr.,O
4.0,D,O
4.0,"Das,",O
4.0,learned,O
4.0,Standing,O
4.0,"Counsel,",O
4.0,Bodoland,O
4.0,Territorial,O
4.0,Council,O
4.0,and,O
4.0,Mr.,O
4.0,A,O
4.0,"Deka,",O
4.0,learned,O
4.0,Standing,O
4.0,"Counsel,",O
4.0,Education,B-ORGANIZATION
4.0,Department,I-ORGANIZATION
4.0,for,O
4.0,opposite,O
4.0,party,O
4.0,No.,O
4.0,"1,",O
4.0,2,O
4.0,&,O
4.0,3.,O
4.0,Also,O
4.0,heard,O
4.0,Mr.,O
4.0,KP,O
4.0,"Sarma,",O
4.0,Senior,O
4.0,Advocate,B-DESIGNATION
4.0,for,O
4.0,the,O
4.0,opposite,O
4.0,party,O
4.0,No.,O
4.0,4/writ,O
4.0,petitioner.,B-LEGAL_ROLE
,,O
5.0,The,O
5.0,respondent,B-DESIGNATION
5.0,No.,B-PERSON
5.0,1,I-PERSON
5.0,in,O
5.0,this,O
5.0,appeal,B-DOCUMENT
5.0,filed,O
5.0,the,O
5.0,writ,B-DOCUMENT
5.0,petition,B-DOCUMENT
5.0,being,O
5.0,W.P(C),B-DOCUMENT
5.0,No.,I-DOCUMENT
5.0,1687,I-DOCUMENT
5.0,of,I-DOCUMENT
5.0,2012,I-DOCUMENT
5.0,challenging,O
5.0,the,O
5.0,notice,B-DOCUMENT
5.0,dated,O
5.0,28.02.2011,B-DATE
5.0,issued,O
5.0,by,O
5.0,the,O
5.0,Secretary,O
5.0,and,O
5.0,the,O
5.0,Executive,O
5.0,"Officer,",O
5.0,Assam,B-ORGANIZATION
5.0,Anchalik,I-ORGANIZATION
5.0,Panchayat,I-ORGANIZATION
5.0,for,O
5.0,convening,O
5.0,the,O
5.0,special,O
5.0,meeting,O
5.0,of,O
5.0,Boalipar,B-ORGANIZATION
5.0,Gaon,I-ORGANIZATION
5.0,Panchayat,I-ORGANIZATION
5.0,on,O
5.0,04.03.2011,B-DATE
5.0,for,O
5.0,discussing,O
5.0,the,O
5.0,no,O
5.0,confidence,O
5.0,motion,O
5.0,against,O
5.0,the,O
5.0,President,O
5.0,of,O
5.0,the,O
5.0,said,O
5.0,Gaon,O
5.0,Panchayat.,O
5.0,Pursuant,O
5.0,to,O
5.0,the,O
5.0,said,O
5.0,notice,B-DOCUMENT
5.0,dated,O
5.0,28.02.2011,B-DATE
5.0,the,O
5.0,special,O
5.0,meeting,O
5.0,adopted,O
5.0,the,O
5.0,resolution,O
5.0,of,O
5.0,no,O
5.0,confidence,O
5.0,against,O
5.0,the,O
5.0,President,O
5.0,of,O
5.0,the,O
5.0,said,O
5.0,Gaon,O
5.0,Panchayat.,O
,,O
6.0,work,O
6.0,executed,O
6.0,by,O
6.0,the,O
6.0,petitioner,B-DESIGNATION
6.0,in,O
6.0,relation,O
6.0,to,O
6.0,the,O
6.0,work,O
6.0,contract,O
6.0,entered,O
6.0,with,O
6.0,the,O
6.0,respondent,B-DESIGNATION
6.0,(Railways).,O
6.0,On,O
6.0,such,O
6.0,application,B-DOCUMENT
6.0,being,O
6.0,"filed,",O
6.0,the,O
6.0,appropriate,B-ORGANIZATION
6.0,authority,I-ORGANIZATION
6.0,will,O
6.0,decide,O
6.0,the,O
6.0,application,B-DOCUMENT
6.0,in,O
6.0,accordance,O
6.0,with,O
6.0,the,O
6.0,provisions,O
6.0,of,O
6.0,the,O
6.0,Act,B-LAW
6.0,keeping,O
6.0,in,O
6.0,view,O
6.0,the,O
6.0,facts,O
6.0,pleaded,O
6.0,by,O
6.0,the,O
6.0,petitioner,B-DESIGNATION
6.0,in,O
6.0,their,O
6.0,application,B-DOCUMENT
6.0,and,O
6.0,may,B-DATE
6.0,consider,O
6.0,to,O
6.0,grant,O
6.0,certificate,O
6.0,or/and,O
6.0,"reject,",O
6.0,as,O
6.0,the,O
6.0,case,B-CASE_NUMBER
6.0,may,B-DATE
6.0,"be,",O
6.0,after,O
6.0,affording,O
6.0,an,O
6.0,opportunity,O
6.0,to,O
6.0,the,O
6.0,petitioner,B-DESIGNATION
6.0,of,O
6.0,hearing.,O
6.0,Indeed,O
6.0,when,O
6.0,the,O
6.0,remedy,O
6.0,of,O
6.0,filing,O
6.0,an,O
6.0,application,B-DOCUMENT
6.0,is,O
6.0,provided,O
6.0,under,O
6.0,Section,B-SECTION
6.0,47,I-SECTION
6.0,ibid,I-SECTION
6.0,to,I-SECTION
6.0,a,I-SECTION
6.0,"dealer,",I-SECTION
6.0,then,I-SECTION
6.0,it,I-SECTION
6.0,is,I-SECTION
6.0,this,I-SECTION
6.0,statutory,I-SECTION
6.0,remedy,I-SECTION
6.0,which,I-SECTION
6.0,must,I-SECTION
6.0,be,I-SECTION
6.0,resorted,I-SECTION
6.0,to,I-SECTION
6.0,by,I-SECTION
6.0,the,I-SECTION
6.0,dealer,I-SECTION
6.0,in,I-SECTION
6.0,order,I-SECTION
6.0,to,I-SECTION
6.0,resolve,I-SECTION
6.0,the,I-SECTION
6.0,dispute,I-SECTION
6.0,of,I-SECTION
6.0,the,I-SECTION
6.0,nature,I-SECTION
6.0,raised,I-SECTION
6.0,herein,I-SECTION
6.0,rather,I-SECTION
6.0,than,I-SECTION
6.0,to,I-SECTION
6.0,take,I-SECTION
6.0,recourse,I-SECTION
6.0,to,I-SECTION
6.0,the,I-SECTION
6.0,extra,I-SECTION
6.0,ordinary,I-SECTION
6.0,remedy,I-SECTION
6.0,of,I-SECTION
6.0,writ,I-SECTION
6.0,petition,B-DOCUMENT
6.0,under,B-SECTION
6.0,Article,B-SECTION
6.0,226,I-SECTION
6.0,of,I-SECTION
6.0,the,I-SECTION
6.0,Constitution,B-LAW
6.0,in,B-SECTION
6.0,the,I-SECTION
6.0,High,I-SECTION
6.0,Court.,I-SECTION
6.0,Indeed,I-SECTION
6.0,Mr.,I-SECTION
6.0,S.,I-SECTION
6.0,"Saikia,",I-SECTION
6.0,learned,I-SECTION
6.0,Standing,I-SECTION
6.0,"Counsel,",I-SECTION
6.0,Finance,I-SECTION
6.0,"Department,",I-SECTION
6.0,who,I-SECTION
6.0,appeared,I-SECTION
6.0,on,I-SECTION
6.0,behalf,I-SECTION
6.0,of,I-SECTION
6.0,the,I-SECTION
6.0,State,I-SECTION
6.0,on,I-SECTION
6.0,advance,I-SECTION
6.0,notice,I-SECTION
6.0,did,I-SECTION
6.0,not,I-SECTION
6.0,dispute,I-SECTION
6.0,this,I-SECTION
6.0,legal,I-SECTION
6.0,proposition,I-SECTION
6.0,arising,I-SECTION
6.0,in,I-SECTION
6.0,the,I-SECTION
6.0,"case,",I-SECTION
6.0,so,I-SECTION
6.0,also,I-SECTION
6.0,the,I-SECTION
6.0,learned,I-SECTION
6.0,counsel,I-SECTION
6.0,appearing,I-SECTION
6.0,for,I-SECTION
6.0,the,I-SECTION
6.0,petitioner.,I-SECTION
6.0,In,I-SECTION
6.0,the,I-SECTION
6.0,light,I-SECTION
6.0,of,I-SECTION
6.0,this,I-SECTION
6.0,limited,I-SECTION
6.0,"discussion,",I-SECTION
6.0,we,I-SECTION
6.0,are,I-SECTION
6.0,not,I-SECTION
6.0,inclined,I-SECTION
6.0,to,I-SECTION
6.0,entertain,I-SECTION
6.0,the,I-SECTION
6.0,writ,I-SECTION
6.0,petition,B-DOCUMENT
6.0,for,B-SECTION
6.0,deciding,I-SECTION
6.0,the,I-SECTION
6.0,controversy,I-SECTION
6.0,on,I-SECTION
6.0,merits,I-SECTION
6.0,and,I-SECTION
6.0,grant,I-SECTION
6.0,liberty,I-SECTION
6.0,to,I-SECTION
6.0,the,I-SECTION
6.0,petitioner,B-DESIGNATION
6.0,to,B-SECTION
6.0,take,I-SECTION
6.0,recourse,I-SECTION
6.0,to,I-SECTION
6.0,the,I-SECTION
6.0,remedy,I-SECTION
6.0,available,I-SECTION
6.0,to,I-SECTION
6.0,them,I-SECTION
6.0,under,I-SECTION
6.0,Section,B-SECTION
6.0,47(b)(i),I-SECTION
6.0,of,I-SECTION
6.0,the,I-SECTION
6.0,Act,I-SECTION
6.0,as,I-SECTION
6.0,mentioned,I-SECTION
6.0,above.,I-SECTION
6.0,In,I-SECTION
6.0,"case,",I-SECTION
6.0,if,I-SECTION
6.0,an,I-SECTION
6.0,application,I-SECTION
6.0,is,I-SECTION
6.0,made,I-SECTION
6.0,by,I-SECTION
6.0,the,I-SECTION
6.0,petitioner,B-DESIGNATION
6.0,to,B-SECTION
6.0,the,I-SECTION
6.0,prescribed,I-SECTION
6.0,authority,I-SECTION
6.0,under,I-SECTION
6.0,the,I-SECTION
6.0,"Act,",I-SECTION
6.0,then,I-SECTION
6.0,the,I-SECTION
6.0,prescribed,I-SECTION
,,O
7.0,Respondent,B-DESIGNATION
7.0,herein,O
7.0,as,O
7.0,the,O
7.0,writ,O
7.0,petitioner,B-DESIGNATION
7.0,had,O
7.0,filed,O
7.0,the,O
7.0,related,O
7.0,writ,B-DOCUMENT
7.0,petition,B-DOCUMENT
7.0,challenging,O
7.0,the,O
7.0,order,B-DOCUMENT
7.0,dated,O
7.0,11-08-2010,B-DATE
7.0,passed,O
7.0,by,O
7.0,the,O
7.0,Commissioner,B-PERSON
7.0,of,O
7.0,"Taxes,",O
7.0,Assam,B-LOCATION
7.0,(Commissioner),B-LEGAL_ROLE
7.0,under,O
7.0,section,B-SECTION
7.0,105,I-SECTION
7.0,of,I-SECTION
7.0,the,I-SECTION
7.0,Assam,I-SECTION
7.0,Value,I-SECTION
7.0,Added,I-SECTION
7.0,Tax,I-SECTION
7.0,"Act,",I-SECTION
7.0,2003,I-SECTION
7.0,(Act),I-SECTION
7.0,on,I-SECTION
7.0,a,I-SECTION
7.0,petition,B-DOCUMENT
7.0,filed,B-SECTION
7.0,by,I-SECTION
7.0,the,I-SECTION
7.0,Superintendent,I-SECTION
7.0,of,I-SECTION
7.0,"Taxes,",I-SECTION
7.0,"Guwahati,",I-SECTION
7.0,Unit-B,I-SECTION
7.0,seeking,I-SECTION
7.0,clarification,I-SECTION
7.0,on,I-SECTION
7.0,the,I-SECTION
7.0,rate,I-SECTION
7.0,of,I-SECTION
7.0,tax,I-SECTION
7.0,on,I-SECTION
7.0,"\""Ujala",O
7.0,"Supreme\""",O
7.0,manufactured,O
7.0,by,O
7.0,the,O
7.0,petitioner.,B-LEGAL_ROLE
7.0,Case,B-CASE_NUMBER
7.0,as,O
7.0,projected,O
7.0,in,O
7.0,the,O
7.0,writ,O
7.0,petition,B-DOCUMENT
7.0,is,O
7.0,that,O
7.0,respondent,B-DESIGNATION
7.0,is,O
7.0,engaged,O
7.0,in,O
7.0,the,O
7.0,business,O
7.0,of,O
7.0,making,O
7.0,and,O
7.0,selling,O
7.0,of,O
7.0,"\""Ujala",O
7.0,"Supreme\""",O
7.0,"(product),",O
7.0,which,O
7.0,is,O
7.0,the,O
7.0,brand,O
7.0,name,O
7.0,for,O
7.0,diluted,O
7.0,Acid,O
7.0,Violate,O
7.0,Paste,O
7.0,(AVP).,O
7.0,It,O
7.0,is,O
7.0,a,O
7.0,dealer,O
7.0,under,O
7.0,the,O
7.0,Act,B-LAW
7.0,and,O
7.0,has,O
7.0,been,O
7.0,filing,O
7.0,returns,O
7.0,for,O
7.0,the,O
7.0,product,O
7.0,in,O
7.0,accordance,O
7.0,with,O
7.0,the,O
7.0,provisions,O
7.0,of,O
7.0,the,O
7.0,Act,O
7.0,and,O
7.0,the,O
7.0,Rules,O
7.0,framed,O
7.0,thereunder,O
7.0,by,O
7.0,classifying,O
7.0,it,O
7.0,under,O
7.0,HSN,O
7.0,Code,O
7.0,No.3204,O
7.0,12,O
7.0,"94,",O
7.0,paying,O
7.0,value,O
7.0,added,O
7.0,tax,O
7.0,(VAT),O
7.0,@4%,O
7.0,in,O
7.0,terms,O
7.0,of,O
7.0,part-C,O
7.0,of,O
7.0,second,O
7.0,schedule,O
7.0,to,O
7.0,the,O
7.0,Act,O
7.0,and,O
7.0,in,O
7.0,turn,O
7.0,collecting,O
7.0,the,O
7.0,said,O
7.0,amount,O
7.0,from,O
7.0,its,O
7.0,consumers.,O
,,O
8.0,The,B-ORGANIZATION
8.0,petitioner–village,I-ORGANIZATION
8.0,council,I-ORGANIZATION
8.0,is,O
8.0,challenging,O
8.0,the,O
8.0,order,B-DOCUMENT
8.0,dated,O
8.0,20.11.2009,B-DATE
8.0,passed,O
8.0,by,O
8.0,the,O
8.0,Respondent,B-DESIGNATION
8.0,"No.3,",O
8.0,SDO(Civil),B-COURT
8.0,Sechu-zubza,I-COURT
8.0,under,O
8.0,Kohima,O
8.0,"District,",O
8.0,whereby,O
8.0,a,O
8.0,collective,O
8.0,fine,O
8.0,of,O
8.0,Rs.1,O
8.0,lac,O
8.0,has,O
8.0,been,O
8.0,imposed,O
8.0,on,O
8.0,the,O
8.0,petitioner-village,O
8.0,for,O
8.0,alleged,O
8.0,willful,O
8.0,damage,O
8.0,and,O
8.0,destruction,O
8.0,of,O
8.0,various,B-PROPERTY
8.0,properties,I-PROPERTY
8.0,belonging,O
8.0,to,O
8.0,Respondent,B-DESIGNATION
8.0,"No.4,",O
8.0,Sechuma,B-ORGANIZATION
8.0,Village,I-ORGANIZATION
8.0,Council,I-ORGANIZATION
8.0,with,O
8.0,direction,O
8.0,to,O
8.0,deposit,O
8.0,the,O
8.0,said,O
8.0,amount,O
8.0,on,O
8.0,or,O
8.0,before,O
8.0,18.12.2009,B-DATE
8.0,and,O
8.0,in,O
8.0,"default,",O
8.0,the,O
8.0,amount,O
8.0,shall,O
8.0,be,O
8.0,deducted,O
8.0,from,O
8.0,the,O
8.0,VDB,O
8.0,grant-in-aid,O
8.0,fund,O
8.0,of,O
8.0,the,O
8.0,petitioner,B-DESIGNATION
8.0,village,O
8.0,to,O
8.0,be,O
8.0,realised,O
8.0,through,O
8.0,the,O
8.0,Project,O
8.0,"Director,",O
8.0,"DRDA,",O
8.0,Kohima.,O
,,O
9.0,The,O
9.0,writ,B-DOCUMENT
9.0,petitions,I-DOCUMENT
9.0,were,O
9.0,admitted,O
9.0,for,O
9.0,hearing,O
9.0,by,O
9.0,order,B-DOCUMENT
9.0,dated,O
9.0,29.08.2011,B-DATE
9.0,and,O
9.0,recording,O
9.0,the,O
9.0,statements,O
9.0,made,O
9.0,by,O
9.0,the,O
9.0,learned,B-PERSON
9.0,counsel,I-PERSON
9.0,for,O
9.0,the,O
9.0,respondent,B-DESIGNATION
9.0,No.,O
9.0,8,O
9.0,that,O
9.0,the,B-DOCUMENT
9.0,writ,I-DOCUMENT
9.0,petitions,I-DOCUMENT
9.0,are,O
9.0,not,O
9.0,"maintainable,",O
9.0,irrespective,O
9.0,of,O
9.0,admission,O
9.0,of,O
9.0,the,O
9.0,same,O
9.0,for,O
9.0,"hearing,",O
9.0,the,O
9.0,question,O
9.0,of,O
9.0,maintainability,O
9.0,of,O
9.0,the,O
9.0,writ,O
9.0,petitions,O
9.0,was,O
9.0,kept,O
9.0,open.,O
9.0,During,O
9.0,the,O
9.0,course,O
9.0,of,O
9.0,hearing,O
9.0,of,O
9.0,the,O
9.0,writ,O
9.0,petitions,O
9.0,learned,B-PERSON
9.0,counsel,I-PERSON
9.0,for,I-PERSON
9.0,the,I-PERSON
9.0,respondents,I-PERSON
9.0,submitted,O
9.0,that,O
9.0,in,O
9.0,view,O
9.0,of,O
9.0,the,O
9.0,earlier,O
9.0,writ,O
9.0,proceedings,O
9.0,with,O
9.0,the,O
9.0,finality,O
9.0,to,O
9.0,the,O
9.0,same,O
9.0,even,O
9.0,at,O
9.0,the,O
9.0,level,O
9.0,of,O
9.0,the,O
9.0,Apex,O
9.0,"Court,",O
9.0,the,O
9.0,petitioners,B-PERSON
9.0,are,O
9.0,precluded,O
9.0,from,O
9.0,re-agitating,O
9.0,their,O
9.0,grievance,O
9.0,in,O
9.0,the,O
9.0,form,O
9.0,of,O
9.0,present,O
9.0,two,O
9.0,writ,O
9.0,petitions.,O
9.0,According,O
9.0,to,O
9.0,"them,",O
9.0,the,O
9.0,writ,O
9.0,petitions,O
9.0,are,O
9.0,misconceived,O
9.0,and,O
9.0,clearly,O
9.0,barred,O
9.0,by,O
9.0,the,O
9.0,principles,O
9.0,of,O
9.0,resjudicata,O
9.0,and/or,O
9.0,constructive,O
9.0,res-judicata.,O
,,O
10.0,The,B-ORGANIZATION
10.0,University,I-ORGANIZATION
10.0,Grants,I-ORGANIZATION
10.0,Commission,I-ORGANIZATION
10.0,(UGC),O
10.0,had,O
10.0,framed,O
10.0,UGC,B-ORGANIZATION
10.0,(Minimum,O
10.0,Qualifications,O
10.0,Required,O
10.0,for,O
10.0,the,O
10.0,Appointment,O
10.0,and,O
10.0,Career,O
10.0,Advancement,O
10.0,of,O
10.0,Teachers,O
10.0,in,O
10.0,Universities,O
10.0,and,O
10.0,Institutions,O
10.0,Affiliated,O
10.0,to,O
10.0,it),O
10.0,"Regulation,",O
10.0,2000.,O
10.0,This,O
10.0,Regulation,B-DOCUMENT
10.0,was,O
10.0,subjected,O
10.0,to,O
10.0,a,O
10.0,number,O
10.0,of,O
10.0,amendments.,O
10.0,In,O
10.0,the,O
10.0,original,O
10.0,2000,O
10.0,"Regulation,",O
10.0,it,O
10.0,was,O
10.0,provided,O
10.0,that,O
10.0,NET,B-ORGANIZATION
10.0,shall,O
10.0,remain,O
10.0,the,O
10.0,compulsory,O
10.0,requirement,O
10.0,for,O
10.0,appointment,O
10.0,as,O
10.0,Lecturers,B-DESIGNATION
10.0,even,O
10.0,for,O
10.0,candidates,B-PERSON
10.0,having,O
10.0,Ph.D,O
10.0,Degree;,O
10.0,"however,",O
10.0,candidates,O
10.0,who,O
10.0,had,O
10.0,completed,O
10.0,M.Phil,O
10.0,Degree,O
10.0,or,O
10.0,had,O
10.0,submitted,O
10.0,Ph.D,O
10.0,thesis,O
10.0,upto,O
10.0,31.12.1993,B-DATE
10.0,were,O
10.0,exempted,O
10.0,from,O
10.0,appearing,O
10.0,in,O
10.0,the,O
10.0,NET,O
10.0,examination.,O
,,O
11.0,The,O
11.0,OA,B-DOCUMENT
11.0,was,O
11.0,filed,O
11.0,by,O
11.0,the,O
11.0,respondent,B-DESIGNATION
11.0,No.,B-PERSON
11.0,1,I-PERSON
11.0,Corporation,B-ORGANIZATION
11.0,in,O
11.0,respect,O
11.0,of,O
11.0,the,O
11.0,loan,O
11.0,that,O
11.0,was,O
11.0,sanctioned,O
11.0,in,O
11.0,favour,O
11.0,of,O
11.0,the,O
11.0,respondent,B-DESIGNATION
11.0,No.,B-PERSON
11.0,2,I-PERSON
11.0,who,O
11.0,was,O
11.0,the,O
11.0,defendant,B-PERSON
11.0,No.,I-PERSON
11.0,1,I-PERSON
11.0,in,O
11.0,the,O
11.0,OA.,O
11.0,It,O
11.0,was,O
11.0,held,O
11.0,by,O
11.0,the,O
11.0,Tribunal,B-COURT
11.0,that,O
11.0,the,O
11.0,defendant,B-LEGAL_ROLE
11.0,"No.1,",O
11.0,i.e.,O
11.0,the,O
11.0,respondent,B-DESIGNATION
11.0,No.,O
11.0,2,O
11.0,in,O
11.0,this,O
11.0,proceeding,O
11.0,after,O
11.0,availing,O
11.0,the,O
11.0,loan,O
11.0,stood,O
11.0,defaulter,O
11.0,and,O
11.0,accordingly,O
11.0,the,O
11.0,respondent/Corporation,O
11.0,as,O
11.0,the,O
11.0,applicant,O
11.0,was,O
11.0,entitled,O
11.0,to,O
11.0,get,O
11.0,a,O
11.0,certificate,O
11.0,to,O
11.0,recover,O
11.0,the,O
11.0,outstanding,O
11.0,dues,O
11.0,from,O
11.0,the,O
11.0,defendants.,O
11.0,The,O
11.0,defendants,O
11.0,were,O
11.0,held,O
11.0,jointly,O
11.0,and,O
11.0,severally,O
11.0,liable.,O
11.0,By,O
11.0,the,O
11.0,said,O
11.0,order,B-DOCUMENT
11.0,direction,O
11.0,was,O
11.0,issued,O
11.0,for,O
11.0,issuance,O
11.0,of,O
11.0,the,O
11.0,certificate,O
11.0,of,O
11.0,recovery,O
11.0,of,O
11.0,Rs.,O
11.0,"1,08,10,060.70",O
11.0,in,O
11.0,favour,O
11.0,of,O
11.0,respondent,B-DESIGNATION
11.0,No.,O
11.0,1,O
11.0,Corporation,O
11.0,with,O
11.0,interest,O
11.0,therein,O
11.0,@,O
11.0,10%,O
11.0,P.A.,O
11.0,from,O
11.0,the,O
11.0,date,O
11.0,of,O
11.0,filing,O
11.0,of,O
11.0,the,O
11.0,application.,B-DOCUMENT
,,O
12.0,The,O
12.0,pleaded,O
12.0,case,B-CASE_NUMBER
12.0,of,O
12.0,the,O
12.0,petitioner,B-DESIGNATION
12.0,sans,O
12.0,unnecessary,O
12.0,details,O
12.0,is,O
12.0,that,O
12.0,after,O
12.0,having,O
12.0,been,O
12.0,engaged,O
12.0,as,O
12.0,a,O
12.0,part,B-DESIGNATION
12.0,time,I-DESIGNATION
12.0,menial,I-DESIGNATION
12.0,on,O
12.0,daily,O
12.0,wage,O
12.0,basis,O
12.0,in,O
12.0,the,O
12.0,Office,O
12.0,of,O
12.0,the,O
12.0,District,O
12.0,&,O
12.0,Sessions,O
12.0,"Judge,",B-LEGAL_ROLE
12.0,Karimganj,B-LOCATION
12.0,vide,O
12.0,order,B-DOCUMENT
12.0,dated,O
12.0,"07.10.2004,",B-DATE
12.0,he,B-PERSON
12.0,continued,O
12.0,in,O
12.0,various,O
12.0,capacities,O
12.0,thereafter,O
12.0,on,O
12.0,the,O
12.0,same,O
12.0,"arrangement,",O
12.0,"however,",O
12.0,with,O
12.0,intermittent,O
12.0,breaks.,O
12.0,Though,O
12.0,in,O
12.0,the,O
12.0,process,O
12.0,he,O
12.0,was,O
12.0,once,O
12.0,terminated,O
12.0,w.e.f.,O
12.0,"01.12.2007,",B-DATE
12.0,he,O
12.0,was,O
12.0,engaged,O
12.0,again,O
12.0,as,O
12.0,part,O
12.0,time,O
12.0,menial,O
12.0,w.e.f.,O
12.0,08.01.2008.,B-DATE
12.0,According,O
12.0,to,O
12.0,"him,",O
12.0,he,O
12.0,is,O
12.0,continuing,O
12.0,as,O
12.0,such,O
12.0,with,O
12.0,breaks,O
12.0,as,O
12.0,on,O
12.0,date.,O
12.0,The,O
12.0,petitioner,B-DESIGNATION
12.0,has,O
12.0,averred,O
12.0,that,O
12.0,the,O
12.0,proforma,O
12.0,respondent,B-DESIGNATION
12.0,Nos.,O
12.0,"3,",O
12.0,4,O
12.0,and,O
12.0,5,O
12.0,were,O
12.0,engaged,O
12.0,after,O
12.0,him,O
12.0,also,O
12.0,on,O
12.0,temporary,O
12.0,basis,O
12.0,and,O
12.0,though,O
12.0,all,O
12.0,of,O
12.0,them,O
12.0,were,O
12.0,at,O
12.0,par,O
12.0,on,O
12.0,every,O
12.0,essential,O
12.0,"aspect,",O
12.0,"vis-à-vis,",O
12.0,their,O
12.0,claim,O
12.0,for,O
12.0,regular,O
12.0,appointment,O
12.0,and,O
12.0,or,O
12.0,regularization,O
12.0,of,O
12.0,their,O
12.0,"services,",O
12.0,vide,O
12.0,the,O
12.0,orders,O
12.0,impugned,O
12.0,they,O
12.0,were,O
12.0,appointed,O
12.0,as,O
12.0,peon,O
12.0,against,O
12.0,substantive,O
12.0,vacancies,O
12.0,in,O
12.0,the,O
12.0,Office,O
12.0,of,O
12.0,District,O
12.0,&,O
12.0,Sessions,O
12.0,"Judge,",B-LEGAL_ROLE
12.0,Karimganj,O
12.0,to,O
12.0,his,O
12.0,exclusion,O
12.0,and,O
12.0,without,O
12.0,following,O
12.0,any,O
12.0,procedure,O
12.0,prescribed,O
12.0,contemplated,O
12.0,by,O
12.0,law.,O
,,O
13.0,Incidentally,O
13.0,the,O
13.0,respondents/applicants,O
13.0,in,O
13.0,OA,B-CASE_NUMBER
13.0,No.25/2006,I-CASE_NUMBER
13.0,and,O
13.0,EP,B-CASE_NUMBER
13.0,No.5/2009,I-CASE_NUMBER
13.0,had,O
13.0,approached,O
13.0,the,O
13.0,learned,B-COURT
13.0,Tribunal,I-COURT
13.0,seeking,O
13.0,grant,O
13.0,of,O
13.0,Special,O
13.0,Duty,O
13.0,Allowances,O
13.0,on,O
13.0,the,O
13.0,basis,O
13.0,of,O
13.0,their,O
13.0,all,B-LAW
13.0,India,I-LAW
13.0,transfer,I-LAW
13.0,liability,I-LAW
13.0,as,O
13.0,well,O
13.0,as,O
13.0,their,O
13.0,postings,O
13.0,in,O
13.0,the,O
13.0,North,B-LOCATION
13.0,Eastern,I-LOCATION
13.0,Region,I-LOCATION
13.0,of,O
13.0,the,O
13.0,country,O
13.0,as,O
13.0,contemplated,O
13.0,by,O
13.0,the,O
13.0,relevant,O
13.0,Official,O
13.0,Memorandum,O
13.0,issued,O
13.0,by,O
13.0,the,O
13.0,Central,B-ORGANIZATION
13.0,Government,I-ORGANIZATION
13.0,to,O
13.0,that,O
13.0,effect.,O
13.0,Vide,O
13.0,judgment,B-DOCUMENT
13.0,and,O
13.0,order,B-DOCUMENT
13.0,dated,O
13.0,01.08.2007,B-DATE
13.0,referred,O
13.0,to,O
13.0,"hereinabove,",O
13.0,the,O
13.0,learned,O
13.0,Tribunal,O
13.0,on,O
13.0,a,O
13.0,due,O
13.0,analysis,O
13.0,of,O
13.0,the,O
13.0,facts,O
13.0,involved,O
13.0,granted,O
13.0,the,O
13.0,reliefs,O
13.0,prayed,O
13.0,for,O
13.0,and,O
13.0,parted,O
13.0,with,O
13.0,the,O
13.0,proceedings,O
13.0,with,O
13.0,the,O
13.0,following,O
13.0,operative,O
13.0,directions,O
,,O
14.0,The,O
14.0,impugned,O
14.0,order,B-DOCUMENT
14.0,dated,O
14.0,13.8.2010,B-DATE
14.0,has,O
14.0,been,O
14.0,noted,O
14.0,above.,O
14.0,The,O
14.0,Enquiry,B-PERSON
14.0,Officer,I-PERSON
14.0,has,O
14.0,exonerated,O
14.0,the,O
14.0,petitioner,B-DESIGNATION
14.0,from,O
14.0,all,O
14.0,the,O
14.0,five,O
14.0,charges.,O
14.0,Under,O
14.0,Rule,O
14.0,9,O
14.0,of,O
14.0,the,O
14.0,Assam,O
14.0,Services,O
14.0,(Discipline,O
14.0,and,O
14.0,Appeal),B-DOCUMENT
14.0,"Rules,",O
14.0,"1964,",O
14.0,on,O
14.0,conclusion,O
14.0,of,O
14.0,the,O
14.0,"enquiry,",O
14.0,the,O
14.0,Enquiring,B-ORGANIZATION
14.0,Authority,I-ORGANIZATION
14.0,shall,O
14.0,prepare,O
14.0,a,O
14.0,report,B-DOCUMENT
14.0,of,I-DOCUMENT
14.0,the,I-DOCUMENT
14.0,enquiry,I-DOCUMENT
14.0,recording,O
14.0,his,O
14.0,findings,O
14.0,on,O
14.0,which,O
14.0,all,O
14.0,the,O
14.0,charges,O
14.0,together,O
14.0,with,O
14.0,the,O
14.0,reasons,O
14.0,there,O
14.0,for.,O
14.0,"Thereafter,",O
14.0,the,O
14.0,enquiry,B-DOCUMENT
14.0,report,I-DOCUMENT
14.0,is,O
14.0,to,O
14.0,be,O
14.0,submitted,O
14.0,to,O
14.0,the,O
14.0,disciplinary,O
14.0,authority.,O
14.0,Under,O
14.0,Rule,O
14.0,"9(9),",O
14.0,the,O
14.0,disciplinary,B-ORGANIZATION
14.0,authority,I-ORGANIZATION
14.0,is,O
14.0,to,O
14.0,consider,O
14.0,the,O
14.0,report,O
14.0,of,O
14.0,the,O
14.0,enquiry,O
14.0,and,O
14.0,record,O
14.0,his,O
14.0,findings,O
14.0,on,O
14.0,each,O
14.0,charges.,O
14.0,"Nowhere,",O
14.0,in,O
14.0,the,O
14.0,said,O
14.0,"provisions,",O
14.0,any,O
14.0,power,O
14.0,of,O
14.0,the,O
14.0,disciplinary,O
14.0,authority,O
14.0,is,O
14.0,contemplated,O
14.0,to,O
14.0,set,O
14.0,aside,O
14.0,the,O
14.0,enquiry,O
14.0,report,O
14.0,and,O
14.0,then,O
14.0,to,O
14.0,order,B-DOCUMENT
14.0,for,O
14.0,further,O
14.0,enquiry,O
14.0,by,O
14.0,appointing,O
14.0,another,O
14.0,Enquiry,O
14.0,Officer.,O
14.0,As,O
14.0,has,O
14.0,been,O
14.0,held,O
14.0,by,O
14.0,the,O
14.0,Apex,O
14.0,Court,O
14.0,in,O
14.0,K.D.,B-PERSON
14.0,Pandey,I-PERSON
14.0,"(Supra),",O
14.0,if,O
14.0,the,O
14.0,impugned,O
14.0,order,B-DOCUMENT
14.0,is,O
14.0,allowed,O
14.0,to,O
14.0,"stand,",O
14.0,the,O
14.0,same,O
14.0,would,O
14.0,be,O
14.0,that,O
14.0,the,O
14.0,enquiry,O
14.0,against,O
14.0,the,O
14.0,petitioner,B-DESIGNATION
14.0,can,O
14.0,go,O
14.0,on,O
14.0,perpetually,O
14.0,untill,O
14.0,the,O
14.0,view,O
14.0,of,O
14.0,the,O
14.0,Enquiry,O
14.0,Officer,O
14.0,is,O
14.0,in,O
14.0,accord,O
14.0,with,O
14.0,that,O
14.0,of,O
14.0,the,O
14.0,disciplinary,O
14.0,authority.,O
14.0,In,O
14.0,the,O
14.0,said,O
14.0,"decision,",O
14.0,the,O
14.0,Supreme,B-COURT
14.0,Court,I-COURT
14.0,has,O
14.0,held,O
14.0,that,O
14.0,such,O
14.0,a,O
14.0,course,O
14.0,of,O
14.0,action,O
14.0,would,O
14.0,an,O
14.0,abuse,O
14.0,of,O
14.0,the,O
14.0,process,O
14.0,of,O
14.0,law.,O
,,O
15.0,Mr.,O
15.0,C.,O
15.0,"Baruah,",O
15.0,learned,O
15.0,counsel,O
15.0,for,O
15.0,the,O
15.0,petitioner,B-DESIGNATION
15.0,submits,O
15.0,that,O
15.0,the,O
15.0,petitioner,B-DESIGNATION
15.0,was,O
15.0,not,O
15.0,furnished,O
15.0,with,O
15.0,the,O
15.0,enquiry,B-DOCUMENT
15.0,report,I-DOCUMENT
15.0,before,O
15.0,imposing,O
15.0,the,O
15.0,penalty,O
15.0,of,O
15.0,dismissal,O
15.0,from,O
15.0,"service,",O
15.0,on,O
15.0,that,O
15.0,score,O
15.0,"alone,",O
15.0,the,O
15.0,impugned,O
15.0,orders,O
15.0,are,O
15.0,liable,O
15.0,to,O
15.0,be,O
15.0,set,O
15.0,aside.,O
15.0,He,O
15.0,further,O
15.0,submits,O
15.0,that,O
15.0,considering,O
15.0,the,O
15.0,gravity,O
15.0,of,O
15.0,the,O
15.0,"charge,",O
15.0,which,O
15.0,is,O
15.0,unauthorised,O
15.0,absence,O
15.0,from,O
15.0,duty,O
15.0,from,O
15.0,22.6.2009,B-DATE
15.0,to,O
15.0,"02.08.2009,",B-DATE
15.0,the,O
15.0,penalty,O
15.0,of,O
15.0,dismissal,O
15.0,from,O
15.0,service,O
15.0,is,O
15.0,grossly,O
15.0,"disproportionate,",O
15.0,requiring,O
15.0,interference,O
15.0,of,O
15.0,this,O
15.0,Court.,O
15.0,In,O
15.0,this,O
15.0,"connection,",O
15.0,he,O
15.0,has,O
15.0,placed,O
15.0,reliance,O
15.0,on,O
15.0,the,O
15.0,decision,O
15.0,of,O
15.0,the,O
15.0,Apex,B-COURT
15.0,Court,I-COURT
15.0,reported,O
15.0,in,O
15.0,(1993),O
15.0,4,B-CASE_NUMBER
15.0,SCC,I-CASE_NUMBER
15.0,727,I-CASE_NUMBER
15.0,(Managing,O
15.0,"Director,",O
15.0,"ECIL,",O
15.0,Hyderabad,B-LOCATION
15.0,Vs.,O
15.0,B.,B-PERSON
15.0,Karunakar,I-PERSON
15.0,and,O
15.0,others).,O
,,O
16.0,Various,O
16.0,grounds,O
16.0,have,O
16.0,been,O
16.0,urged,O
16.0,towards,O
16.0,assailing,O
16.0,the,O
16.0,order,B-DOCUMENT
16.0,of,O
16.0,"dismissal,",O
16.0,such,O
16.0,as,O
16.0,non-maintainability,O
16.0,of,O
16.0,the,O
16.0,departmental,O
16.0,"proceeding,",O
16.0,procedural,O
16.0,irregularity,O
16.0,in,O
16.0,conducting,O
16.0,the,O
16.0,"enquiry,",O
16.0,denial,O
16.0,of,O
16.0,reasonable,O
16.0,opportunity,O
16.0,of,O
16.0,being,O
16.0,"heard,",O
16.0,etc.,O
16.0,According,O
16.0,to,O
16.0,the,O
16.0,"petitioner,",B-LEGAL_ROLE
16.0,the,O
16.0,disciplinary,B-ORGANIZATION
16.0,authority,I-ORGANIZATION
16.0,measurably,O
16.0,failed,O
16.0,to,O
16.0,establish,O
16.0,the,O
16.0,charge,B-DOCUMENT
16.0,against,O
16.0,the,O
16.0,petitioner.,B-LEGAL_ROLE
16.0,It,O
16.0,has,O
16.0,been,O
16.0,contended,O
16.0,that,O
16.0,the,O
16.0,whole,O
16.0,basis,O
16.0,of,O
16.0,the,O
16.0,findings,O
16.0,recorded,O
16.0,by,O
16.0,the,O
16.0,Enquiry,B-PERSON
16.0,Officer,I-PERSON
16.0,and,O
16.0,the,O
16.0,disciplinary,O
16.0,authority,O
16.0,being,O
16.0,based,O
16.0,on,O
16.0,the,O
16.0,report,B-DOCUMENT
16.0,furnished,O
16.0,by,O
16.0,the,O
16.0,Examiner,B-PERSON
16.0,of,I-PERSON
16.0,Documents,I-PERSON
16.0,in,O
16.0,question,O
16.0,ought,O
16.0,to,O
16.0,have,O
16.0,been,O
16.0,examined,O
16.0,in,O
16.0,the,O
16.0,enquiry,O
16.0,and,O
16.0,that,O
16.0,he,O
16.0,having,O
16.0,not,O
16.0,been,O
16.0,"examined,",O
16.0,the,O
16.0,opinion,O
16.0,formed,O
16.0,on,O
16.0,the,O
16.0,basis,O
16.0,of,O
16.0,the,O
16.0,said,O
16.0,report,O
16.0,towards,O
16.0,dismissal,O
16.0,of,O
16.0,the,O
16.0,petitioner,B-DESIGNATION
16.0,from,O
16.0,"service,",O
16.0,is,O
16.0,not,O
16.0,sustainable,O
16.0,in,O
16.0,law.,O
16.0,It,O
16.0,has,O
16.0,also,O
16.0,been,O
16.0,contended,O
16.0,that,O
16.0,in,O
16.0,absence,O
16.0,of,O
16.0,any,O
16.0,specimen,O
16.0,handwritings,O
16.0,of,O
16.0,the,O
16.0,petitioner,B-DESIGNATION
16.0,examined,O
16.0,by,O
16.0,the,O
16.0,purported,O
16.0,handwriting,O
16.0,"expert,",O
16.0,the,O
16.0,enquiry,B-PERSON
16.0,Officer,I-PERSON
16.0,could,O
16.0,not,O
16.0,have,O
16.0,recorded,O
16.0,the,O
16.0,finding,O
16.0,of,O
16.0,guilt,O
16.0,against,O
16.0,the,O
16.0,petitioner,B-DESIGNATION
16.0,on,O
16.0,the,O
16.0,basis,O
16.0,of,O
16.0,the,O
16.0,expert's,O
16.0,report,O
16.0,prepared,O
16.0,in,O
16.0,reference,O
16.0,to,O
16.0,some,O
16.0,other,O
16.0,documents,O
16.0,purportedly,O
16.0,containing,O
16.0,the,O
16.0,handwritings,O
16.0,of,O
16.0,the,O
16.0,petitioner.,B-LEGAL_ROLE
,,O
17.0,This,O
17.0,Appeal,B-DOCUMENT
17.0,is,O
17.0,presented,O
17.0,against,O
17.0,the,O
17.0,judgment,B-DOCUMENT
17.0,dated,O
17.0,02.06.2007,B-DATE
17.0,in,O
17.0,Sessions,B-CASE_NUMBER
17.0,Case,B-CASE_NUMBER
17.0,No.,I-CASE_NUMBER
17.0,176/2006,I-CASE_NUMBER
17.0,whereby,O
17.0,the,O
17.0,learned,O
17.0,Sessions,O
17.0,"Judge,",B-LEGAL_ROLE
17.0,Barpeta,B-LOCATION
17.0,has,O
17.0,convicted,O
17.0,the,O
17.0,accused/appellant,O
17.0,under,O
17.0,Section,B-SECTION
17.0,376,I-SECTION
17.0,of,I-SECTION
17.0,IPC,B-LAW
17.0,and,B-SECTION
17.0,sentenced,I-SECTION
17.0,him,I-SECTION
17.0,to,I-SECTION
17.0,rigorous,I-SECTION
17.0,imprisonment,I-SECTION
17.0,of,I-SECTION
17.0,10,I-SECTION
17.0,years,I-SECTION
17.0,with,I-SECTION
17.0,fine,I-SECTION
17.0,of,I-SECTION
17.0,Rs.,I-SECTION
17.0,"20,000/-",I-SECTION
17.0,and,I-SECTION
17.0,in,I-SECTION
17.0,default,I-SECTION
17.0,of,I-SECTION
17.0,"fine,",I-SECTION
17.0,further,I-SECTION
17.0,R.I.,I-SECTION
17.0,for,I-SECTION
17.0,2,I-SECTION
17.0,years.,I-SECTION
17.0,Heard,I-SECTION
17.0,Mr.,I-SECTION
17.0,B.N.,I-SECTION
17.0,"Sarma,",I-SECTION
17.0,the,I-SECTION
17.0,learned,I-SECTION
17.0,Counsel,I-SECTION
17.0,for,I-SECTION
17.0,the,I-SECTION
17.0,appellant,B-DESIGNATION
17.0,and,B-SECTION
17.0,Mr.,I-SECTION
17.0,B.,I-SECTION
17.0,"Sinha,",I-SECTION
17.0,the,I-SECTION
17.0,learned,I-SECTION
17.0,Addl.,I-SECTION
17.0,Public,I-SECTION
17.0,Prosecutor.,I-SECTION
17.0,The,I-SECTION
17.0,prosecution,I-SECTION
17.0,case,B-CASE_NUMBER
17.0,as,B-SECTION
17.0,revealed,I-SECTION
17.0,from,I-SECTION
17.0,the,I-SECTION
17.0,F.I.R.,I-SECTION
17.0,shows,I-SECTION
17.0,that,I-SECTION
17.0,on,I-SECTION
17.0,16.5.2006,B-DATE
17.0,while,B-SECTION
17.0,the,I-SECTION
17.0,prosecutrix,I-SECTION
17.0,was,I-SECTION
17.0,at,I-SECTION
17.0,Barpeta,I-SECTION
17.0,for,I-SECTION
17.0,marketing,I-SECTION
17.0,"purpose,",I-SECTION
17.0,the,I-SECTION
17.0,accused,B-DESIGNATION
17.0,being,B-SECTION
17.0,married,I-SECTION
17.0,to,I-SECTION
17.0,the,I-SECTION
17.0,victim's,O
17.0,cousin,O
17.0,"sister,",O
17.0,informed,O
17.0,her,O
17.0,that,O
17.0,her,O
17.0,sister,O
17.0,is,O
17.0,ailing,O
17.0,and,O
17.0,with,O
17.0,this,O
17.0,information,O
17.0,enticed,O
17.0,the,O
17.0,victim,B-PERSON
17.0,to,O
17.0,Guwahati.,O
17.0,The,O
17.0,victim,O
17.0,was,O
17.0,told,O
17.0,that,O
17.0,her,O
17.0,sister,O
17.0,was,O
17.0,in,O
17.0,a,O
17.0,hotel,O
17.0,at,O
17.0,Paltanbazar,B-LOCATION
17.0,and,O
17.0,where,O
17.0,the,O
17.0,accused,B-DESIGNATION
17.0,took,O
17.0,the,O
17.0,victim,O
17.0,and,O
17.0,threatening,O
17.0,"her,",O
17.0,he,O
17.0,sexually,O
17.0,assaulted,O
17.0,the,O
17.0,victim,O
17.0,in,O
17.0,the,O
17.0,hotel,O
17.0,on,O
17.0,16.5.2006.,B-DATE
17.0,Next,O
17.0,day,O
17.0,on,O
17.0,17.5.2006,B-DATE
17.0,with,O
17.0,assurance,O
17.0,of,O
17.0,"marriage,",O
17.0,the,O
17.0,victim,O
17.0,was,O
17.0,taken,O
17.0,to,O
17.0,the,O
17.0,accused's,O
17.0,home,O
17.0,at,O
17.0,"Howli,",O
17.0,but,O
17.0,family,O
17.0,members,O
17.0,of,O
17.0,the,O
17.0,accused,B-DESIGNATION
17.0,did,O
17.0,not,O
17.0,allow,O
17.0,the,O
17.0,victim,O
17.0,to,O
17.0,stay,O
17.0,in,O
17.0,the,O
17.0,house,O
17.0,and,O
17.0,accordingly,O
17.0,the,O
17.0,victim,O
17.0,was,O
17.0,taken,O
17.0,by,O
17.0,the,O
17.0,accused,B-DESIGNATION
17.0,to,O
17.0,Muku,B-LOCATION
17.0,hotel,I-LOCATION
17.0,at,O
17.0,Barpeta.,O
17.0,In,O
17.0,this,O
17.0,hotel,O
17.0,"also,",O
17.0,the,O
17.0,victim,O
17.0,was,O
,,O
18.0,The,O
18.0,Labour,O
18.0,"Court,",O
18.0,upon,O
18.0,appreciation,O
18.0,of,O
18.0,the,O
18.0,evidence,O
18.0,on,O
18.0,"record,",O
18.0,has,O
18.0,held,O
18.0,that,O
18.0,the,O
18.0,workman,O
18.0,was,O
18.0,guilty,O
18.0,of,O
18.0,minor,O
18.0,"misconduct,",O
18.0,i.e.,O
18.0,absence,O
18.0,of,O
18.0,duty,O
18.0,for,O
18.0,3,O
18.0,"days,",O
18.0,"namely,",O
18.0,21st,O
18.0,"February,",B-DATE
18.0,2001;,O
18.0,22nd,B-DATE
18.0,"February,",I-DATE
18.0,2001,I-DATE
18.0,and,O
18.0,23rd,O
18.0,"February,",B-DATE
18.0,"2001,",O
18.0,which,O
18.0,does,O
18.0,not,O
18.0,warrant,O
18.0,major,O
18.0,punishment,O
18.0,of,O
18.0,dismissal,O
18.0,from,O
18.0,service.,O
18.0,The,O
18.0,order,B-DOCUMENT
18.0,of,O
18.0,dismissal,O
18.0,from,O
18.0,service,O
18.0,dated,O
18.0,23rd,B-DATE
18.0,"March,",I-DATE
18.0,2001,I-DATE
18.0,has,O
18.0,accordingly,O
18.0,been,O
18.0,set,O
18.0,"aside,",O
18.0,more,O
18.0,so,O
18.0,keeping,O
18.0,in,O
18.0,view,O
18.0,the,O
18.0,fact,O
18.0,that,O
18.0,admittedly,O
18.0,no,O
18.0,disciplinary,O
18.0,proceeding,O
18.0,was,O
18.0,initiated,O
18.0,against,O
18.0,the,O
18.0,respondent,B-DESIGNATION
18.0,No.3/workman.,O
18.0,Having,O
18.0,held,O
18.0,"so,",O
18.0,the,B-COURT
18.0,Labour,I-COURT
18.0,Court,I-COURT
18.0,has,O
18.0,directed,O
18.0,reinstatement,O
18.0,of,O
18.0,the,O
18.0,respondent,B-DESIGNATION
18.0,No.3/workman,O
18.0,in,O
18.0,service,O
18.0,with,O
18.0,full,O
18.0,backwage.,O
18.0,The,O
18.0,said,O
18.0,award,O
18.0,has,O
18.0,been,O
18.0,challenged,O
18.0,in,O
18.0,the,O
18.0,present,B-DOCUMENT
18.0,writ,I-DOCUMENT
18.0,petition,B-DOCUMENT
18.0,only,O
18.0,in,O
18.0,respect,O
18.0,of,O
18.0,grant,O
18.0,of,O
18.0,back-wage.,O
18.0,The,O
18.0,Management,B-ORGANIZATION
18.0,"has,",O
18.0,pursuant,O
18.0,to,O
18.0,the,O
18.0,aforesaid,O
18.0,"award,",O
18.0,already,O
18.0,reinstated,O
18.0,the,O
18.0,respondent,B-DESIGNATION
18.0,No.3,B-PERSON
18.0,in,O
18.0,service.,O
,,O
19.0,The,O
19.0,applicants,B-PERSON
19.0,were,O
19.0,charged,O
19.0,under,O
19.0,Section,B-SECTION
19.0,436/149,I-SECTION
19.0,IPC,B-LAW
19.0,in,B-SECTION
19.0,Sessions,I-SECTION
19.0,Case,B-CASE_NUMBER
19.0,No.20/2000,I-CASE_NUMBER
19.0,for,B-SECTION
19.0,causing,I-SECTION
19.0,mischief,I-SECTION
19.0,to,I-SECTION
19.0,an,I-SECTION
19.0,extent,I-SECTION
19.0,of,I-SECTION
19.0,"Rs.2,00,000/-",I-SECTION
19.0,by,I-SECTION
19.0,setting,I-SECTION
19.0,fire,I-SECTION
19.0,into,I-SECTION
19.0,the,I-SECTION
19.0,dwelling,I-SECTION
19.0,house,I-SECTION
19.0,of,I-SECTION
19.0,the,I-SECTION
19.0,informant,I-SECTION
19.0,in,I-SECTION
19.0,village,I-SECTION
19.0,Harishnagar,I-SECTION
19.0,Part-III,I-SECTION
19.0,under,I-SECTION
19.0,Katlicherra,I-SECTION
19.0,Police,B-POLICE_STATION
19.0,Station,I-POLICE_STATION
19.0,on,B-SECTION
19.0,the,I-SECTION
19.0,midnight,I-SECTION
19.0,of,I-SECTION
19.0,"12.12.1997,",B-DATE
19.0,where,B-SECTION
19.0,all,I-SECTION
19.0,the,I-SECTION
19.0,household,I-SECTION
19.0,belonging,I-SECTION
19.0,including,I-SECTION
19.0,the,I-SECTION
19.0,paddy,I-SECTION
19.0,and,I-SECTION
19.0,some,I-SECTION
19.0,live-stocks,I-SECTION
19.0,like,I-SECTION
19.0,"hens,",I-SECTION
19.0,goats,I-SECTION
19.0,etc.,I-SECTION
19.0,were,I-SECTION
19.0,burnt,I-SECTION
19.0,into,I-SECTION
19.0,ashes.,I-SECTION
19.0,On,I-SECTION
19.0,the,I-SECTION
19.0,basis,I-SECTION
19.0,of,I-SECTION
19.0,such,I-SECTION
19.0,allegation,I-SECTION
19.0,initially,I-SECTION
19.0,Katlicherra,I-SECTION
19.0,P.S.,I-SECTION
19.0,Case,B-CASE_NUMBER
19.0,No.227/1997,I-CASE_NUMBER
19.0,was,B-SECTION
19.0,registered,I-SECTION
19.0,and,I-SECTION
19.0,upon,I-SECTION
19.0,completion,I-SECTION
19.0,of,I-SECTION
19.0,the,I-SECTION
19.0,investigation,I-SECTION
19.0,Charge-sheet,B-DOCUMENT
19.0,dated,B-SECTION
19.0,22.08.1998,B-DATE
19.0,was,B-SECTION
19.0,filed,I-SECTION
19.0,against,I-SECTION
19.0,14,I-SECTION
19.0,accused,B-DESIGNATION
19.0,persons.,B-SECTION
19.0,The,I-SECTION
19.0,case,B-CASE_NUMBER
19.0,was,B-SECTION
19.0,committed,I-SECTION
19.0,to,I-SECTION
19.0,the,I-SECTION
19.0,Court,I-SECTION
19.0,of,I-SECTION
19.0,Sessions,I-SECTION
19.0,for,I-SECTION
19.0,trial,I-SECTION
19.0,on,I-SECTION
19.0,27.01.2000,B-DATE
19.0,and,B-SECTION
19.0,accordingly,I-SECTION
19.0,the,I-SECTION
19.0,charges,I-SECTION
19.0,against,I-SECTION
19.0,all,I-SECTION
19.0,the,I-SECTION
19.0,14,I-SECTION
19.0,accused,B-DESIGNATION
19.0,persons,B-SECTION
19.0,were,I-SECTION
19.0,framed.,I-SECTION
19.0,The,I-SECTION
19.0,learned,I-SECTION
19.0,Sessions,I-SECTION
19.0,"Judge,",I-SECTION
19.0,on,I-SECTION
19.0,conclusion,I-SECTION
19.0,of,I-SECTION
19.0,the,I-SECTION
19.0,"trial,",I-SECTION
19.0,found,I-SECTION
19.0,all,I-SECTION
19.0,the,I-SECTION
19.0,accused,B-DESIGNATION
19.0,"persons,",B-SECTION
19.0,including,I-SECTION
19.0,the,I-SECTION
19.0,"applicants,",I-SECTION
19.0,guilty,I-SECTION
19.0,of,I-SECTION
19.0,charge,B-DOCUMENT
19.0,under,B-SECTION
19.0,Section,B-SECTION
19.0,436/149,I-SECTION
19.0,IPC,B-LAW
19.0,vide,B-SECTION
19.0,judgment,B-DOCUMENT
19.0,dated,B-SECTION
19.0,06.03.2003,B-DATE
19.0,and,B-SECTION
19.0,sentenced,I-SECTION
19.0,them,I-SECTION
19.0,to,I-SECTION
19.0,under,I-SECTION
19.0,rigorous,I-SECTION
19.0,imprisonment,I-SECTION
19.0,for,I-SECTION
19.0,10,I-SECTION
19.0,years,I-SECTION
19.0,and,I-SECTION
19.0,to,I-SECTION
19.0,pay,I-SECTION
19.0,a,I-SECTION
19.0,find,I-SECTION
19.0,of,I-SECTION
19.0,"Rs.5,000/-",I-SECTION
19.0,"each,",I-SECTION
19.0,in,I-SECTION
19.0,"default,",I-SECTION
19.0,to,I-SECTION
19.0,undergo,I-SECTION
19.0,rigorous,I-SECTION
19.0,imprisonment,I-SECTION
19.0,for,I-SECTION
19.0,a,I-SECTION
19.0,further,I-SECTION
19.0,period,I-SECTION
19.0,of,I-SECTION
19.0,6,I-SECTION
19.0,"months,",I-SECTION
19.0,vide,I-SECTION
19.0,order,I-SECTION
19.0,dated,I-SECTION
19.0,07.03.2003.,B-DATE
,,O
20.0,Learned,B-PERSON
20.0,counsel,I-PERSON
20.0,for,O
20.0,the,O
20.0,petitioner,B-DESIGNATION
20.0,submits,O
20.0,that,O
20.0,the,O
20.0,petitioner,B-DESIGNATION
20.0,being,O
20.0,the,O
20.0,lowest,O
20.0,bidder,O
20.0,in,O
20.0,the,O
20.0,earlier,O
20.0,tender,B-DOCUMENT
20.0,process,O
20.0,and,O
20.0,being,O
20.0,the,O
20.0,only,O
20.0,bidder,O
20.0,in,O
20.0,the,O
20.0,present,O
20.0,"process,",O
20.0,could,O
20.0,not,O
20.0,be,O
20.0,denied,O
20.0,consideration,O
20.0,on,O
20.0,non-existent,O
20.0,grounds,O
20.0,and,O
20.0,such,O
20.0,a,O
20.0,course,O
20.0,will,O
20.0,not,O
20.0,only,O
20.0,be,O
20.0,against,O
20.0,interest,O
20.0,of,O
20.0,the,O
20.0,petitioner,B-DESIGNATION
20.0,but,O
20.0,also,O
20.0,against,O
20.0,public,O
20.0,interest.,O
20.0,"Even,",O
20.0,according,O
20.0,to,O
20.0,the,O
20.0,stand,O
20.0,of,O
20.0,the,O
20.0,"State,",O
20.0,the,O
20.0,project,O
20.0,was,O
20.0,of,O
20.0,urgent,O
20.0,nature,O
20.0,requiring,O
20.0,installation,O
20.0,of,O
20.0,high,O
20.0,tension,O
20.0,transmission,O
20.0,lines.,O
20.0,Reliance,O
20.0,has,O
20.0,been,O
20.0,placed,O
20.0,on,O
20.0,judgment,B-DOCUMENT
20.0,of,O
20.0,the,O
20.0,Hon'ble,O
20.0,Supreme,B-COURT
20.0,Court,I-COURT
20.0,in,O
20.0,HARMINDER,B-PERSON
20.0,SINGH,I-PERSON
20.0,ARORA,I-PERSON
20.0,VS.,O
20.0,UNION,B-ORGANIZATION
20.0,OF,I-ORGANIZATION
20.0,INDIA,I-ORGANIZATION
20.0,AND,O
20.0,"OTHERS,",O
20.0,(1986),O
20.0,3,O
20.0,SC,O
20.0,"247,",O
20.0,laying,O
20.0,down,O
20.0,that,O
20.0,once,O
20.0,the,O
20.0,Government,B-ORGANIZATION
20.0,decides,O
20.0,to,O
20.0,award,O
20.0,contract,O
20.0,on,O
20.0,the,O
20.0,basis,O
20.0,of,O
20.0,bids,O
20.0,by,O
20.0,"tender,",O
20.0,it,O
20.0,must,O
20.0,abide,O
20.0,by,O
20.0,the,O
20.0,terms,O
20.0,of,O
20.0,the,O
20.0,tender,O
20.0,and,O
20.0,cannot,O
20.0,reject,O
20.0,the,O
20.0,most,O
20.0,suitable,O
20.0,offer,O
20.0,of,O
20.0,a,O
20.0,contractor,O
20.0,in,O
20.0,contravention,O
20.0,of,O
20.0,terms,O
20.0,of,O
20.0,the,O
20.0,tender.,O
,,O
21.0,This,O
21.0,writ,O
21.0,petition,B-DOCUMENT
21.0,has,O
21.0,been,O
21.0,filed,O
21.0,by,O
21.0,the,O
21.0,petitioner,B-DESIGNATION
21.0,Miss,B-PERSON
21.0,Rajashree,I-PERSON
21.0,Khound,I-PERSON
21.0,seeking,O
21.0,an,O
21.0,order,B-DOCUMENT
21.0,from,O
21.0,this,O
21.0,Court,O
21.0,directing,O
21.0,the,O
21.0,Respondents,B-ORGANIZATION
21.0,to,O
21.0,allow,O
21.0,her,O
21.0,to,O
21.0,take,O
21.0,admission,O
21.0,in,O
21.0,MBBS,O
21.0,course,O
21.0,for,O
21.0,the,O
21.0,session,B-DATE
21.0,2012,I-DATE
21.0,on,O
21.0,the,O
21.0,basis,O
21.0,of,O
21.0,her,O
21.0,selection,O
21.0,in,O
21.0,the,O
21.0,Combined,O
21.0,Entrance,O
21.0,Examination,O
21.0,as,O
21.0,per,O
21.0,the,O
21.0,result,O
21.0,published,O
21.0,on,O
21.0,24.07.2012.,B-DATE
21.0,The,O
21.0,petitioner,B-DESIGNATION
21.0,has,O
21.0,demonstrated,O
21.0,academic,O
21.0,excellence,O
21.0,by,O
21.0,way,O
21.0,of,O
21.0,securing,O
21.0,89.3%,O
21.0,marks,O
21.0,in,O
21.0,HSLC,O
21.0,Examination,O
21.0,followed,O
21.0,by,O
21.0,86.6%,O
21.0,marks,O
21.0,in,O
21.0,Higher,O
21.0,Secondary,O
21.0,(Science).,O
21.0,Thereafter,O
21.0,she,O
21.0,contested,O
21.0,for,O
21.0,admission,O
21.0,to,O
21.0,MBBS/BDS,O
21.0,courses,O
21.0,in,O
21.0,the,O
21.0,Medical,B-ORGANIZATION
21.0,Colleges,I-ORGANIZATION
21.0,of,I-ORGANIZATION
21.0,Assam,I-ORGANIZATION
21.0,and,O
21.0,Regional,B-ORGANIZATION
21.0,Dental,I-ORGANIZATION
21.0,College,I-ORGANIZATION
21.0,at,O
21.0,Guwahati,B-LOCATION
21.0,for,O
21.0,the,O
21.0,session,O
21.0,2012,O
21.0,through,O
21.0,the,O
21.0,Combined,O
21.0,Entrance,O
21.0,Examination.,O
21.0,The,O
21.0,petitioner,B-DESIGNATION
21.0,secured,O
21.0,186,O
21.0,marks,O
21.0,and,O
21.0,her,O
21.0,rank,O
21.0,in,O
21.0,the,O
21.0,Entrance,O
21.0,Examination,O
21.0,is,O
21.0,claimed,O
21.0,to,O
21.0,be,O
21.0,199.,O
21.0,In,O
21.0,the,O
21.0,Educational,B-DOCUMENT
21.0,Notice,I-DOCUMENT
21.0,published,O
21.0,showing,O
21.0,the,O
21.0,names,O
21.0,of,O
21.0,candidates,O
21.0,who,O
21.0,appeared,O
21.0,for,O
21.0,counseling,O
21.0,and,O
21.0,selected,O
21.0,by,O
21.0,a,O
21.0,Selection,O
21.0,Board,O
21.0,thereby,O
21.0,allowed,O
21.0,for,O
21.0,provisional,O
21.0,admission,O
21.0,into,O
21.0,the,O
21.0,First,O
21.0,Year,O
21.0,MBBS/BDS,O
21.0,courses,O
21.0,in,O
21.0,the,O
21.0,Medical,O
21.0,Colleges,O
21.0,of,O
21.0,Assam,O
21.0,and,O
21.0,Regional,O
21.0,Dental,O
21.0,College,O
21.0,at,O
21.0,Guwahati,O
21.0,for,O
21.0,the,O
21.0,session,O
21.0,"2012,",O
21.0,the,O
21.0,name,O
21.0,of,O
21.0,the,O
21.0,petitioner,B-DESIGNATION
21.0,bearing,O
21.0,Roll,O
21.0,No.,O
21.0,381071,O
21.0,finds,O
21.0,place,O
21.0,against,O
21.0,Serial,O
21.0,No.,O
21.0,6,O
21.0,in,O
21.0,the,O
21.0,list,O
21.0,of,O
21.0,"\""Un-reserved",O
21.0,(General,O
21.0,"Merit)\""",O
21.0,candidates,O
21.0,for,O
21.0,Jorhat,B-LOCATION
21.0,Medical,O
21.0,"College,",O
21.0,Jorhat.,O
,,O
22.0,I,O
22.0,have,O
22.0,heard,O
22.0,Mr.,O
22.0,G.N.,O
22.0,"Sahewalla,",O
22.0,learned,O
22.0,Sr.,O
22.0,counsel,O
22.0,assisted,O
22.0,by,O
22.0,Mr.,B-PERSON
22.0,S.,I-PERSON
22.0,Mohendro,I-PERSON
22.0,and,O
22.0,Mr.,O
22.0,M.,O
22.0,N.,O
22.0,Anix,O
22.0,"Singh,",O
22.0,learned,O
22.0,counsel,O
22.0,for,O
22.0,the,O
22.0,petitioners.,O
22.0,I,O
22.0,have,O
22.0,also,O
22.0,heard,O
22.0,Mr.,O
22.0,Th.,O
22.0,Ibohal,O
22.0,"Singh,",O
22.0,learned,O
22.0,Sr.,O
22.0,"G.A.,",O
22.0,Manipur,O
22.0,alongwith,O
22.0,Mr.,O
22.0,K.R.,O
22.0,"Baruah,",O
22.0,learned,O
22.0,counsel,O
22.0,for,O
22.0,the,O
22.0,State,O
22.0,respondents.,O
22.0,I,O
22.0,have,O
22.0,also,O
22.0,heard,O
22.0,Mr.,O
22.0,"Genanda,",O
22.0,learned,O
22.0,counsel,O
22.0,appearing,O
22.0,for,O
22.0,the,O
22.0,respondent,B-DESIGNATION
22.0,No.,O
22.0,"3,",O
22.0,i.e.,O
22.0,Manipur,B-ORGANIZATION
22.0,Public,I-ORGANIZATION
22.0,Service,I-ORGANIZATION
22.0,Commission,I-ORGANIZATION
22.0,as,O
22.0,well,O
22.0,as,O
22.0,Mr.,B-PERSON
22.0,M.,I-PERSON
22.0,Bhuyan,I-PERSON
22.0,alongwith,O
22.0,Mr.,O
22.0,P.,O
22.0,"Hazarika,",O
22.0,learned,O
22.0,counsel,O
22.0,appearing,O
22.0,for,O
22.0,the,O
22.0,private,O
22.0,respondents.,O
22.0,I,O
22.0,have,O
22.0,also,O
22.0,considered,O
22.0,the,O
22.0,entire,O
22.0,materials,O
22.0,on,O
22.0,record.,O
22.0,At,O
22.0,the,O
22.0,time,O
22.0,of,O
22.0,filing,O
22.0,of,O
22.0,the,O
22.0,writ,B-DOCUMENT
22.0,petitions,I-DOCUMENT
22.0,in,O
22.0,the,O
22.0,year,O
22.0,"2006,",O
22.0,the,O
22.0,petitioners,B-PERSON
22.0,were,O
22.0,functioning,O
22.0,in,O
22.0,the,O
22.0,cadre,O
22.0,of,O
22.0,MHS,B-ORGANIZATION
22.0,Grade-III,O
22.0,(Formerly,O
22.0,Grade-IV).,O
22.0,It,O
22.0,was,O
22.0,contended,O
22.0,that,O
22.0,they,O
22.0,were,O
22.0,eligible,O
22.0,for,O
22.0,promotion,O
22.0,to,O
22.0,the,O
22.0,next,O
22.0,higher,O
22.0,"grade,",O
22.0,i.e.,O
22.0,MHS,O
22.0,Grade-II.,O
22.0,It,O
22.0,was,O
22.0,also,O
22.0,contended,O
22.0,that,O
22.0,although,O
22.0,they,O
22.0,had,O
22.0,the,O
22.0,requisite,O
22.0,"qualification,",O
22.0,i.e.,O
22.0,Post,O
22.0,Graduate,O
22.0,Degree,O
22.0,in,O
22.0,their,O
22.0,respective,O
22.0,"specialities,",O
22.0,but,O
22.0,due,O
22.0,to,O
22.0,non-availability,O
22.0,of,O
22.0,the,O
22.0,adequate,O
22.0,number,O
22.0,of,O
22.0,vacancies,O
22.0,in,O
22.0,the,O
22.0,specialised,O
22.0,"posts,",O
22.0,they,O
22.0,could,O
22.0,not,O
22.0,be,O
22.0,offered,O
22.0,promotion,O
,,O
23.0,The,O
23.0,petitioner,B-DESIGNATION
23.0,is,O
23.0,the,O
23.0,wife,O
23.0,of,O
23.0,the,O
23.0,detenu,B-PERSON
23.0,namely,O
23.0,Kh.,O
23.0,Ibotombi,O
23.0,Singh.,O
23.0,She,O
23.0,has,O
23.0,filed,O
23.0,this,O
23.0,writ,O
23.0,petition,B-DOCUMENT
23.0,challenging,O
23.0,the,O
23.0,Annexure-A/1,B-DOCUMENT
23.0,order,B-DOCUMENT
23.0,dated,O
23.0,"6.1.2012,",B-DATE
23.0,by,O
23.0,"which,",O
23.0,the,O
23.0,detenu,O
23.0,has,O
23.0,been,O
23.0,detained,O
23.0,under,O
23.0,Section,B-SECTION
23.0,3(2),I-SECTION
23.0,of,I-SECTION
23.0,the,I-SECTION
23.0,National,I-SECTION
23.0,Security,I-SECTION
23.0,"Act,",I-SECTION
23.0,1980.,I-SECTION
23.0,The,I-SECTION
23.0,said,I-SECTION
23.0,order,I-SECTION
23.0,was,I-SECTION
23.0,passed,I-SECTION
23.0,when,I-SECTION
23.0,four,I-SECTION
23.0,cases,I-SECTION
23.0,one,I-SECTION
23.0,of,I-SECTION
23.0,which,I-SECTION
23.0,is,I-SECTION
23.0,FIR,B-DOCUMENT
23.0,No.,B-SECTION
23.0,143(6)2001,I-SECTION
23.0,SJM,I-SECTION
23.0,PS,I-SECTION
23.0,u/s,I-SECTION
23.0,10/13,I-SECTION
23.0,UA(P)Act,I-SECTION
23.0,were,I-SECTION
23.0,pending,I-SECTION
23.0,against,I-SECTION
23.0,the,I-SECTION
23.0,detenu.,I-SECTION
23.0,In,I-SECTION
23.0,the,I-SECTION
23.0,order,I-SECTION
23.0,of,I-SECTION
23.0,"detention,",I-SECTION
23.0,there,I-SECTION
23.0,is,I-SECTION
23.0,a,I-SECTION
23.0,reference,I-SECTION
23.0,to,I-SECTION
23.0,another,I-SECTION
23.0,case,B-CASE_NUMBER
23.0,being,B-SECTION
23.0,FIR,B-DOCUMENT
23.0,No.,B-SECTION
23.0,210(5)2011,I-SECTION
23.0,SJM,I-SECTION
23.0,PS,I-SECTION
23.0,u/s,I-SECTION
23.0,20,I-SECTION
23.0,UA(P),I-SECTION
23.0,Act,I-SECTION
23.0,involving,I-SECTION
23.0,another,I-SECTION
23.0,accused.,I-SECTION
23.0,The,I-SECTION
23.0,ground,I-SECTION
23.0,on,I-SECTION
23.0,which,I-SECTION
23.0,the,I-SECTION
23.0,detention,I-SECTION
23.0,order,I-SECTION
23.0,has,I-SECTION
23.0,been,I-SECTION
23.0,passed,I-SECTION
23.0,states,I-SECTION
23.0,that,I-SECTION
23.0,the,I-SECTION
23.0,accused,B-DESIGNATION
23.0,involved,B-SECTION
23.0,in,I-SECTION
23.0,FIR,B-DOCUMENT
23.0,No.,B-SECTION
23.0,210(5)2011,I-SECTION
23.0,SJM,I-SECTION
23.0,PS,I-SECTION
23.0,u/s,I-SECTION
23.0,20,I-SECTION
23.0,UA(P),I-SECTION
23.0,Act.,I-SECTION
23.0,having,I-SECTION
23.0,been,I-SECTION
23.0,granted,I-SECTION
23.0,"bail,",I-SECTION
23.0,there,I-SECTION
23.0,is,I-SECTION
23.0,likelihood,I-SECTION
23.0,of,I-SECTION
23.0,the,I-SECTION
23.0,detenu,I-SECTION
23.0,being,I-SECTION
23.0,released,I-SECTION
23.0,on,I-SECTION
23.0,"bail,",I-SECTION
23.0,although,I-SECTION
23.0,the,I-SECTION
23.0,fact,I-SECTION
23.0,of,I-SECTION
23.0,the,I-SECTION
23.0,matter,I-SECTION
23.0,is,I-SECTION
23.0,that,I-SECTION
23.0,he,I-SECTION
23.0,is,I-SECTION
23.0,not,I-SECTION
23.0,involved,I-SECTION
23.0,in,I-SECTION
23.0,the,I-SECTION
23.0,said,I-SECTION
23.0,case,B-CASE_NUMBER
23.0,nor,I-CASE_NUMBER
23.0,any,B-SECTION
23.0,co-accused,I-SECTION
23.0,has,I-SECTION
23.0,been,I-SECTION
23.0,released,I-SECTION
23.0,in,I-SECTION
23.0,connection,I-SECTION
23.0,with,I-SECTION
23.0,FIR,B-DOCUMENT
23.0,No.,B-SECTION
23.0,143(6)2001,I-SECTION
23.0,SJM,I-SECTION
23.0,PS,I-SECTION
23.0,u/s,I-SECTION
23.0,10/13,I-SECTION
23.0,UA(P)Act,I-SECTION
23.0,in,I-SECTION
23.0,which,I-SECTION
23.0,the,I-SECTION
23.0,petitioner,B-DESIGNATION
23.0,is,B-SECTION
23.0,involved.,I-SECTION
23.0,In,I-SECTION
23.0,this,I-SECTION
23.0,"connection,",I-SECTION
23.0,learned,I-SECTION
23.0,counsel,I-SECTION
23.0,for,I-SECTION
23.0,the,I-SECTION
23.0,petitioner,B-DESIGNATION
23.0,has,B-SECTION
23.0,placed,I-SECTION
23.0,reliance,I-SECTION
23.0,on,I-SECTION
23.0,the,I-SECTION
23.0,decision,I-SECTION
23.0,of,I-SECTION
23.0,the,I-SECTION
23.0,Apex,I-SECTION
23.0,Court,I-SECTION
23.0,reported,I-SECTION
23.0,in,I-SECTION
23.0,AIR,I-SECTION
23.0,2012,I-SECTION
23.0,SC,I-SECTION
23.0,2002,I-SECTION
23.0,(Huidrom,I-SECTION
23.0,Konungao,I-SECTION
23.0,Singh,I-SECTION
23.0,Vs.,I-SECTION
23.0,State,I-SECTION
23.0,of,I-SECTION
23.0,Manipur,I-SECTION
23.0,&,O
23.0,Ors.),O
,,O
24.0,By,O
24.0,means,O
24.0,of,O
24.0,this,O
24.0,writ,O
24.0,"petition,",B-DOCUMENT
24.0,the,O
24.0,"petitioner,",B-LEGAL_ROLE
24.0,who,O
24.0,is,O
24.0,the,O
24.0,wife,O
24.0,of,O
24.0,the,O
24.0,detenu,B-PERSON
24.0,Mr.,O
24.0,Marim,O
24.0,Sanglien,O
24.0,"Chothe,",O
24.0,has,O
24.0,challenged,O
24.0,the,O
24.0,order,B-DOCUMENT
24.0,of,O
24.0,detention,O
24.0,dated,O
24.0,3.4.2012,B-DATE
24.0,"(Annexure-N/1),",O
24.0,issued,O
24.0,by,O
24.0,the,O
24.0,District,O
24.0,"Magistrate,",B-LEGAL_ROLE
24.0,Churachandpur,B-LOCATION
24.0,and,O
24.0,all,O
24.0,consequential,O
24.0,orders,O
24.0,of,O
24.0,confirmation,O
24.0,etc.,O
24.0,According,O
24.0,to,O
24.0,the,O
24.0,"petitioner,",B-LEGAL_ROLE
24.0,the,O
24.0,order,B-DOCUMENT
24.0,dated,O
24.0,3.4.2012,B-DATE
24.0,and,O
24.0,the,O
24.0,grounds,O
24.0,of,O
24.0,detention,O
24.0,conveyed,O
24.0,by,O
24.0,letter,O
24.0,dated,O
24.0,5.4.2012,B-DATE
24.0,are,O
24.0,not,O
24.0,sustainable,O
24.0,in,O
24.0,law,O
24.0,as,O
24.0,there,O
24.0,was,O
24.0,no,O
24.0,material,O
24.0,before,O
24.0,the,O
24.0,detaining,O
24.0,authority,O
24.0,towards,O
24.0,passing,O
24.0,the,O
24.0,said,O
24.0,orders.,O
24.0,It,O
24.0,is,O
24.0,the,O
24.0,case,B-CASE_NUMBER
24.0,of,O
24.0,the,O
24.0,petitioners,O
24.0,that,O
24.0,there,O
24.0,was,O
24.0,absolutely,O
24.0,no,O
24.0,material,O
24.0,towards,O
24.0,formation,O
24.0,of,O
24.0,the,O
24.0,subjective,O
24.0,satisfaction,O
24.0,as,O
24.0,required,O
24.0,in,O
24.0,passing,O
24.0,an,O
24.0,order,B-DOCUMENT
24.0,of,O
24.0,detention,O
24.0,under,O
24.0,Section,B-SECTION
24.0,3,I-SECTION
24.0,of,I-SECTION
24.0,the,I-SECTION
24.0,NSA.,I-SECTION
24.0,Another,I-SECTION
24.0,ground,I-SECTION
24.0,urged,I-SECTION
24.0,is,I-SECTION
24.0,that,I-SECTION
24.0,the,I-SECTION
24.0,representation,I-SECTION
24.0,made,I-SECTION
24.0,by,I-SECTION
24.0,the,I-SECTION
24.0,detenu,I-SECTION
24.0,having,I-SECTION
24.0,not,I-SECTION
24.0,been,I-SECTION
24.0,disposed,I-SECTION
24.0,of,I-SECTION
24.0,by,I-SECTION
24.0,the,I-SECTION
24.0,respondent,B-DESIGNATION
24.0,No.1,B-SECTION
24.0,i.e.,I-SECTION
24.0,the,I-SECTION
24.0,Government,I-SECTION
24.0,of,I-SECTION
24.0,"Manipur,",I-SECTION
24.0,on,I-SECTION
24.0,that,I-SECTION
24.0,ground,I-SECTION
24.0,"alone,",I-SECTION
24.0,the,I-SECTION
24.0,impugned,I-SECTION
24.0,order,I-SECTION
24.0,of,I-SECTION
24.0,detention,I-SECTION
24.0,is,I-SECTION
24.0,liable,I-SECTION
24.0,to,I-SECTION
24.0,be,I-SECTION
24.0,interfered,I-SECTION
24.0,with.,I-SECTION
24.0,In,I-SECTION
24.0,this,I-SECTION
24.0,"connection,",I-SECTION
24.0,the,I-SECTION
24.0,learned,I-SECTION
24.0,counsel,I-SECTION
24.0,for,I-SECTION
24.0,the,I-SECTION
24.0,petitioner,B-DESIGNATION
24.0,has,B-SECTION
24.0,referred,I-SECTION
24.0,to,I-SECTION
24.0,the,I-SECTION
24.0,statement,I-SECTION
24.0,made,I-SECTION
24.0,in,I-SECTION
24.0,paragraph,I-SECTION
24.0,17,I-SECTION
24.0,of,I-SECTION
24.0,the,I-SECTION
24.0,writ,I-SECTION
24.0,"petition,",I-SECTION
,,O
25.0,This,O
25.0,appeal,B-DOCUMENT
25.0,is,O
25.0,directed,O
25.0,against,O
25.0,the,O
25.0,judgment,B-DOCUMENT
25.0,and,O
25.0,"order,",B-DOCUMENT
25.0,dated,O
25.0,"06-09-2007,",B-DATE
25.0,passed,O
25.0,by,O
25.0,the,O
25.0,learned,O
25.0,Sessions,O
25.0,"Judge,",B-LEGAL_ROLE
25.0,"Dibrugarh,",O
25.0,in,O
25.0,Sessions,O
25.0,Case,B-CASE_NUMBER
25.0,No.,I-CASE_NUMBER
25.0,142,I-CASE_NUMBER
25.0,of,O
25.0,"2002,",O
25.0,convicting,O
25.0,the,O
25.0,"accused-appellant,",O
25.0,"namely,",O
25.0,Munu,O
25.0,"Mura,",O
25.0,under,O
25.0,Sections,B-SECTION
25.0,302,I-SECTION
25.0,and,I-SECTION
25.0,201,I-SECTION
25.0,read,I-SECTION
25.0,with,I-SECTION
25.0,Section,B-SECTION
25.0,34,I-SECTION
25.0,IPC,B-LAW
25.0,and,B-SECTION
25.0,sentencing,I-SECTION
25.0,him,I-SECTION
25.0,to,I-SECTION
25.0,"undergo,",I-SECTION
25.0,for,I-SECTION
25.0,his,I-SECTION
25.0,conviction,I-SECTION
25.0,under,I-SECTION
25.0,Section,B-SECTION
25.0,302,I-SECTION
25.0,read,I-SECTION
25.0,with,I-SECTION
25.0,Section,B-SECTION
25.0,34,I-SECTION
25.0,"IPC,",I-SECTION
25.0,imprisonment,I-SECTION
25.0,for,I-SECTION
25.0,life,I-SECTION
25.0,and,I-SECTION
25.0,pay,I-SECTION
25.0,a,I-SECTION
25.0,fine,I-SECTION
25.0,of,I-SECTION
25.0,"Rs.5,000/-",I-SECTION
25.0,"and,",I-SECTION
25.0,in,I-SECTION
25.0,default,I-SECTION
25.0,of,I-SECTION
25.0,payment,I-SECTION
25.0,of,I-SECTION
25.0,"fine,",I-SECTION
25.0,suffer,I-SECTION
25.0,rigorous,I-SECTION
25.0,imprisonment,I-SECTION
25.0,for,I-SECTION
25.0,a,I-SECTION
25.0,period,I-SECTION
25.0,of,I-SECTION
25.0,two,I-SECTION
25.0,months,I-SECTION
25.0,and,I-SECTION
25.0,to,I-SECTION
25.0,further,I-SECTION
25.0,"undergo,",I-SECTION
25.0,for,I-SECTION
25.0,his,I-SECTION
25.0,conviction,I-SECTION
25.0,under,I-SECTION
25.0,Section,B-SECTION
25.0,201,I-SECTION
25.0,read,I-SECTION
25.0,with,I-SECTION
25.0,Section,B-SECTION
25.0,34,I-SECTION
25.0,"IPC,",I-SECTION
25.0,rigorous,I-SECTION
25.0,imprisonment,I-SECTION
25.0,for,I-SECTION
25.0,two,I-SECTION
25.0,"years,",I-SECTION
25.0,both,I-SECTION
25.0,the,I-SECTION
25.0,sentences,I-SECTION
25.0,having,I-SECTION
25.0,been,I-SECTION
25.0,directed,I-SECTION
25.0,to,I-SECTION
25.0,run,I-SECTION
25.0,concurrently.,I-SECTION
,,O
26.0,This,O
26.0,appeal,B-DOCUMENT
26.0,has,O
26.0,been,O
26.0,preferred,O
26.0,against,O
26.0,the,O
26.0,judgment,B-DOCUMENT
26.0,and,O
26.0,"order,",B-DOCUMENT
26.0,dated,O
26.0,"22-02-2008,",B-DATE
26.0,"passed,",O
26.0,by,O
26.0,the,O
26.0,learned,O
26.0,Sessions,O
26.0,"Judge,",B-LEGAL_ROLE
26.0,"Darrang,",O
26.0,"Mangaldoi,",O
26.0,in,O
26.0,Sessions,O
26.0,Case,B-CASE_NUMBER
26.0,No.,I-CASE_NUMBER
26.0,11,I-CASE_NUMBER
26.0,(DM),I-CASE_NUMBER
26.0,"2006,",I-CASE_NUMBER
26.0,convicting,O
26.0,the,O
26.0,"accused-appellant,",O
26.0,under,O
26.0,Section,B-SECTION
26.0,302,I-SECTION
26.0,IPC,B-LAW
26.0,and,B-SECTION
26.0,sentencing,I-SECTION
26.0,him,I-SECTION
26.0,to,I-SECTION
26.0,suffer,I-SECTION
26.0,imprisonment,I-SECTION
26.0,for,I-SECTION
26.0,life,I-SECTION
26.0,and,I-SECTION
26.0,pay,I-SECTION
26.0,fine,I-SECTION
26.0,of,I-SECTION
26.0,"Rs.5,000/-",I-SECTION
26.0,"and,",I-SECTION
26.0,in,I-SECTION
26.0,default,I-SECTION
26.0,of,I-SECTION
26.0,payment,I-SECTION
26.0,of,I-SECTION
26.0,"fine,",I-SECTION
26.0,suffer,I-SECTION
26.0,rigorous,I-SECTION
26.0,imprisonment,I-SECTION
26.0,for,I-SECTION
26.0,a,I-SECTION
26.0,period,I-SECTION
26.0,of,I-SECTION
26.0,three,I-SECTION
26.0,months.,I-SECTION
,,O
27.0,Age,O
27.0,is,O
27.0,the,O
27.0,important,O
27.0,factor,O
27.0,in,O
27.0,the,O
27.0,case,B-CASE_NUMBER
27.0,involving,O
27.0,offence,O
27.0,of,O
27.0,rape,O
27.0,under,O
27.0,Section,B-SECTION
27.0,376,I-SECTION
27.0,IPC.,I-SECTION
27.0,As,I-SECTION
27.0,per,I-SECTION
27.0,medical,I-SECTION
27.0,evidence,I-SECTION
27.0,led,I-SECTION
27.0,by,I-SECTION
27.0,PW-7,I-SECTION
27.0,the,I-SECTION
27.0,prosecutrix,I-SECTION
27.0,was,I-SECTION
27.0,medically,I-SECTION
27.0,examined,I-SECTION
27.0,by,I-SECTION
27.0,him,I-SECTION
27.0,on,I-SECTION
27.0,19.3.2008,B-DATE
27.0,in,B-SECTION
27.0,the,I-SECTION
27.0,Dhemaji,I-SECTION
27.0,Civil,I-SECTION
27.0,Hospital.,I-SECTION
27.0,As,I-SECTION
27.0,per,I-SECTION
27.0,X-ray,I-SECTION
27.0,report,I-SECTION
27.0,her,I-SECTION
27.0,age,I-SECTION
27.0,was,I-SECTION
27.0,about,I-SECTION
27.0,18,I-SECTION
27.0,years,I-SECTION
27.0,and,I-SECTION
27.0,below,I-SECTION
27.0,20,I-SECTION
27.0,years.,I-SECTION
27.0,The,I-SECTION
27.0,"occurrence,",I-SECTION
27.0,as,I-SECTION
27.0,per,I-SECTION
27.0,FIR,B-DOCUMENT
27.0,filed,B-SECTION
27.0,by,I-SECTION
27.0,the,I-SECTION
27.0,prosecutrix,I-SECTION
27.0,"herself,",I-SECTION
27.0,took,I-SECTION
27.0,place,I-SECTION
27.0,some,I-SECTION
27.0,time,I-SECTION
27.0,in,I-SECTION
27.0,the,I-SECTION
27.0,last,I-SECTION
27.0,part,I-SECTION
27.0,of,I-SECTION
27.0,2007,I-SECTION
27.0,and,I-SECTION
27.0,she,I-SECTION
27.0,was,I-SECTION
27.0,above,I-SECTION
27.0,16,I-SECTION
27.0,years,I-SECTION
27.0,of,I-SECTION
27.0,age,I-SECTION
27.0,at,I-SECTION
27.0,the,I-SECTION
27.0,time,I-SECTION
27.0,of,I-SECTION
27.0,occurrence.,I-SECTION
27.0,The,I-SECTION
27.0,medical,I-SECTION
27.0,officer,I-SECTION
27.0,prepared,I-SECTION
27.0,the,I-SECTION
27.0,medical,I-SECTION
27.0,report,I-SECTION
27.0,Ext.2,I-SECTION
27.0,"recording,",I-SECTION
27.0,amongst,I-SECTION
27.0,"other,",I-SECTION
27.0,the,I-SECTION
27.0,age,I-SECTION
27.0,of,I-SECTION
27.0,the,I-SECTION
27.0,prosecutrix,I-SECTION
27.0,and,I-SECTION
27.0,also,I-SECTION
27.0,stating,I-SECTION
27.0,that,I-SECTION
27.0,she,I-SECTION
27.0,was,I-SECTION
27.0,pregnant,I-SECTION
27.0,of,I-SECTION
27.0,16,I-SECTION
27.0,weeks,I-SECTION
27.0,with,I-SECTION
27.0,live,I-SECTION
27.0,active,I-SECTION
27.0,foetus.,I-SECTION
27.0,In,I-SECTION
27.0,view,I-SECTION
27.0,of,I-SECTION
27.0,the,I-SECTION
27.0,above,I-SECTION
27.0,medical,I-SECTION
27.0,"report,",I-SECTION
27.0,it,I-SECTION
27.0,is,I-SECTION
27.0,established,I-SECTION
27.0,that,I-SECTION
27.0,the,I-SECTION
27.0,victim,I-SECTION
27.0,girl,I-SECTION
27.0,was,I-SECTION
27.0,not,I-SECTION
27.0,minor,I-SECTION
27.0,at,I-SECTION
27.0,the,I-SECTION
27.0,time,I-SECTION
27.0,of,I-SECTION
27.0,occurrence.,I-SECTION
27.0,As,I-SECTION
27.0,she,I-SECTION
27.0,was,I-SECTION
27.0,above,I-SECTION
27.0,16,I-SECTION
27.0,years,I-SECTION
27.0,of,I-SECTION
27.0,age,I-SECTION
27.0,she,I-SECTION
27.0,attained,I-SECTION
27.0,the,I-SECTION
27.0,age,I-SECTION
27.0,of,I-SECTION
27.0,consent.,I-SECTION
,,O
28.0,This,O
28.0,is,O
28.0,an,O
28.0,appeal,B-DOCUMENT
28.0,against,O
28.0,the,O
28.0,judgement,B-DOCUMENT
28.0,and,O
28.0,"order,",B-DOCUMENT
28.0,dated,O
28.0,"30.01.2008,",B-DATE
28.0,"passed,",O
28.0,in,O
28.0,Sessions,O
28.0,Case,B-CASE_NUMBER
28.0,No.,I-CASE_NUMBER
28.0,"113/2003,",I-CASE_NUMBER
28.0,by,O
28.0,the,O
28.0,learned,O
28.0,Additional,O
28.0,Sessions,O
28.0,Judge,B-DESIGNATION
28.0,"(FTC),",O
28.0,"Dibrugarh,",O
28.0,convicting,O
28.0,the,O
28.0,two,O
28.0,"accused-appellants,",O
28.0,"namely,",O
28.0,Ratneswar,B-PERSON
28.0,Konwar,I-PERSON
28.0,and,O
28.0,Smt.,O
28.0,Jaya,O
28.0,"Gogoi,",O
28.0,under,O
28.0,Sections,B-SECTION
28.0,302,I-SECTION
28.0,and,I-SECTION
28.0,201,I-SECTION
28.0,read,I-SECTION
28.0,with,I-SECTION
28.0,Section,B-SECTION
28.0,34,I-SECTION
28.0,"IPC,",I-SECTION
28.0,and,I-SECTION
28.0,sentencing,I-SECTION
28.0,each,I-SECTION
28.0,of,I-SECTION
28.0,them,I-SECTION
28.0,to,I-SECTION
28.0,"undergo,",I-SECTION
28.0,for,I-SECTION
28.0,their,I-SECTION
28.0,conviction,I-SECTION
28.0,under,I-SECTION
28.0,Section,B-SECTION
28.0,302,I-SECTION
28.0,read,I-SECTION
28.0,with,I-SECTION
28.0,Section,B-SECTION
28.0,34,I-SECTION
28.0,"IPC,",I-SECTION
28.0,imprisonment,I-SECTION
28.0,for,I-SECTION
28.0,life,I-SECTION
28.0,with,I-SECTION
28.0,fine,I-SECTION
28.0,of,I-SECTION
28.0,Rs.,I-SECTION
28.0,"2,000/-",I-SECTION
28.0,"and,",I-SECTION
28.0,in,I-SECTION
28.0,default,I-SECTION
28.0,of,I-SECTION
28.0,payment,I-SECTION
28.0,of,I-SECTION
28.0,"fine,",I-SECTION
28.0,suffer,I-SECTION
28.0,rigorous,I-SECTION
28.0,imprisonment,I-SECTION
28.0,for,I-SECTION
28.0,another,I-SECTION
28.0,two,I-SECTION
28.0,months,I-SECTION
28.0,and,I-SECTION
28.0,also,I-SECTION
28.0,to,I-SECTION
28.0,"undergo,",I-SECTION
28.0,for,I-SECTION
28.0,their,I-SECTION
28.0,conviction,I-SECTION
28.0,under,I-SECTION
28.0,Section,B-SECTION
28.0,201,I-SECTION
28.0,read,I-SECTION
28.0,with,I-SECTION
28.0,Section,B-SECTION
28.0,34,I-SECTION
28.0,"IPC,",I-SECTION
28.0,rigorous,I-SECTION
28.0,imprisonment,I-SECTION
28.0,for,I-SECTION
28.0,5,I-SECTION
28.0,(five),I-SECTION
28.0,years,I-SECTION
28.0,and,I-SECTION
28.0,pay,I-SECTION
28.0,fine,I-SECTION
28.0,of,I-SECTION
28.0,Rs.,I-SECTION
28.0,"1,000/-",I-SECTION
28.0,"and,",I-SECTION
28.0,in,I-SECTION
28.0,default,I-SECTION
28.0,of,I-SECTION
28.0,payment,I-SECTION
28.0,of,I-SECTION
28.0,"fine,",I-SECTION
28.0,suffer,I-SECTION
28.0,rigorous,I-SECTION
28.0,imprisonment,I-SECTION
28.0,for,I-SECTION
28.0,1,I-SECTION
28.0,(one),I-SECTION
28.0,"month,",I-SECTION
28.0,both,I-SECTION
28.0,the,I-SECTION
28.0,sentences,I-SECTION
28.0,having,I-SECTION
28.0,been,I-SECTION
28.0,directed,I-SECTION
28.0,to,I-SECTION
28.0,run,I-SECTION
28.0,concurrently.,I-SECTION
,,O
29.0,Page,O
29.0,2,O
29.0,of,O
29.0,2,O
29.0,metho,O
29.0,d,O
29.0,adopted,O
29.0,by,O
29.0,respondent,B-DESIGNATION
29.0,on,O
29.0,them,O
29.0,or,O
29.0,by,O
29.0,playing,O
29.0,fraud,O
29.0,or,O
29.0,misrepresentation,O
29.0,"and,",O
29.0,"therefore,",O
29.0,she,O
29.0,did,O
29.0,not,O
29.0,ensure,O
29.0,its,O
29.0,compliance,O
29.0,in,O
29.0,the,O
29.0,manner,O
29.0,agreed,O
29.0,upon,O
29.0,in,O
29.0,such,O
29.0,illegal,O
29.0,and,O
29.0,enforcable,O
29.0,agreement.,O
29.0,"We,",O
29.0,"therefore,",O
29.0,see,O
29.0,no,O
29.0,justification,O
29.0,to,O
29.0,entertain,O
29.0,this,O
29.0,petition,B-DOCUMENT
29.0,as,O
29.0,in,O
29.0,our,O
29.0,opinion,O
29.0,it,O
29.0,does,O
29.0,not,O
29.0,disclose,O
29.0,debatable,O
29.0,issue,O
29.0,on,O
29.0,facts/law.,O
29.0,Learned,B-PERSON
29.0,counsel,I-PERSON
29.0,for,I-PERSON
29.0,the,I-PERSON
29.0,petitioner,B-DESIGNATION
29.0,s,B-PERSON
29.0,however,O
29.0,contended,O
29.0,that,O
29.0,the,O
29.0,petition,B-DOCUMENT
29.0,ers,O
29.0,may,B-DATE
29.0,be,O
29.0,given,O
29.0,some,O
29.0,more,O
29.0,time,O
29.0,to,O
29.0,pay,O
29.0,the,O
29.0,money,O
29.0,in,O
29.0,terms,O
29.0,of,O
29.0,the,O
29.0,agreement,O
29.0,dated,O
29.0,1.3.2013,B-DATE
29.0,(Annexure-,O
29.0,6).,O
29.0,Suffice,O
29.0,i,O
29.0,t,O
29.0,to,O
29.0,say,O
29.0,",",O
29.0,this,O
29.0,contention,O
29.0,cannot,O
29.0,be,O
29.0,accepted,O
29.0,by,O
29.0,this,O
29.0,Court,O
29.0,.,O
29.0,The,O
29.0,petitioner,B-DESIGNATION
29.0,s,O
29.0,in,O
29.0,our,O
29.0,view,O
29.0,are,O
29.0,always,O
29.0,free,O
29.0,to,O
29.0,approach,O
29.0,t,O
29.0,he,O
29.0,Bank,B-ORGANIZATION
29.0,and,O
29.0,request,O
29.0,for,O
29.0,extension,O
29.0,of,O
29.0,time,O
29.0,to,O
29.0,pay,O
29.0,.,O
29.0,It,O
29.0,is,O
29.0,then,O
29.0,for,O
29.0,the,O
29.0,Bank,O
29.0,to,O
29.0,decide,O
29.0,whether,O
29.0,to,O
29.0,grant,O
29.0,time,O
29.0,or,O
29.0,not.,O
29.0,We,O
29.0,neither,O
29.0,express,O
29.0,any,O
29.0,opinion,O
29.0,nor,O
29.0,we,O
29.0,go,O
29.0,into,O
29.0,these,O
29.0,issues,O
29.0,because,O
29.0,these,O
29.0,issues,O
29.0,solely,O
29.0,rest,O
29.0,with,O
29.0,the,O
29.0,Bank,O
29.0,to,O
29.0,consider,O
29.0,and,O
29.0,not,O
29.0,for,O
29.0,Court,O
29.0,to,O
29.0,decide.,O
29.0,It,O
29.0,is,O
29.0,for,O
29.0,these,O
29.0,reasons,O
29.0,",",O
29.0,we,O
29.0,find,O
29.0,no,O
29.0,merit,O
29.0,in,O
29.0,the,O
29.0,petition,B-DOCUMENT
29.0,which,O
29.0,thus,O
29.0,fails,O
29.0,and,O
29.0,is,O
29.0,hereby,O
29.0,dismissed,O
29.0,in,O
29.0,liminie.,O
29.0,No,O
29.0,cost.,O
,,O
30.0,While,O
30.0,staying,O
30.0,at,O
30.0,the,O
30.0,house,O
30.0,of,O
30.0,her,O
30.0,"husband,",O
30.0,Hasina,B-PERSON
30.0,lodged,O
30.0,an,O
30.0,"Ejahar,",O
30.0,in,O
30.0,"writing,",O
30.0,making,O
30.0,the,O
30.0,allegations,O
30.0,as,O
30.0,mentioned,O
30.0,above,O
30.0,against,O
30.0,her,O
30.0,husband.,O
30.0,Treating,O
30.0,the,O
30.0,said,O
30.0,"Ejahar,",O
30.0,as,O
30.0,First,B-DOCUMENT
30.0,Information,I-DOCUMENT
30.0,Report,I-DOCUMENT
30.0,(in,O
30.0,"short,",O
30.0,"'FIR'),",B-DOCUMENT
30.0,Borghat,B-POLICE_STATION
30.0,Police,B-POLICE_STATION
30.0,Station,I-POLICE_STATION
30.0,Case,B-CASE_NUMBER
30.0,No.,I-CASE_NUMBER
30.0,45,I-CASE_NUMBER
30.0,of,O
30.0,"1998,",O
30.0,under,O
30.0,Sections,B-SECTION
30.0,498A/342/302/506,I-SECTION
30.0,"IPC,",I-SECTION
30.0,was,I-SECTION
30.0,registered,I-SECTION
30.0,against,I-SECTION
30.0,the,I-SECTION
30.0,accused.,I-SECTION
30.0,During,I-SECTION
30.0,"investigation,",I-SECTION
30.0,police,I-SECTION
30.0,disinterred,I-SECTION
30.0,the,I-SECTION
30.0,skeletal,I-SECTION
30.0,remains,I-SECTION
30.0,of,I-SECTION
30.0,the,I-SECTION
30.0,dead-body,I-SECTION
30.0,of,I-SECTION
30.0,the,I-SECTION
30.0,baby,I-SECTION
30.0,from,I-SECTION
30.0,inside,I-SECTION
30.0,a,I-SECTION
30.0,grave,I-SECTION
30.0,in,I-SECTION
30.0,the,I-SECTION
30.0,compound,I-SECTION
30.0,of,I-SECTION
30.0,the,I-SECTION
30.0,house,I-SECTION
30.0,of,I-SECTION
30.0,the,I-SECTION
30.0,accused,B-DESIGNATION
30.0,and,B-SECTION
30.0,inquest,I-SECTION
30.0,"was,",I-SECTION
30.0,"then,",I-SECTION
30.0,held,I-SECTION
30.0,over,I-SECTION
30.0,the,I-SECTION
30.0,remains,I-SECTION
30.0,of,I-SECTION
30.0,the,I-SECTION
30.0,dead,I-SECTION
30.0,body,I-SECTION
30.0,of,I-SECTION
30.0,the,I-SECTION
30.0,said,I-SECTION
30.0,baby,I-SECTION
30.0,and,I-SECTION
30.0,the,I-SECTION
30.0,same,I-SECTION
30.0,was,I-SECTION
30.0,also,I-SECTION
30.0,sent,I-SECTION
30.0,for,I-SECTION
30.0,post,I-SECTION
30.0,mortem,I-SECTION
30.0,examination.,I-SECTION
30.0,The,I-SECTION
30.0,cause,I-SECTION
30.0,of,I-SECTION
30.0,death,I-SECTION
30.0,could,I-SECTION
30.0,not,I-SECTION
30.0,be,I-SECTION
30.0,medically,I-SECTION
30.0,determined.,I-SECTION
30.0,"However,",I-SECTION
30.0,on,I-SECTION
30.0,completion,I-SECTION
30.0,of,I-SECTION
30.0,"investigation,",I-SECTION
30.0,police,I-SECTION
30.0,laid,I-SECTION
30.0,"charge-sheet,",I-SECTION
30.0,under,I-SECTION
30.0,Sections,B-SECTION
30.0,498A/342/302/506,I-SECTION
30.0,"IPC,",I-SECTION
30.0,against,I-SECTION
30.0,the,I-SECTION
30.0,accused.,I-SECTION
,,O
31.0,The,O
31.0,"petitioner,",B-LEGAL_ROLE
31.0,who,O
31.0,has,O
31.0,been,O
31.0,identified,O
31.0,as,O
31.0,'D',O
31.0,(Doubtful),O
31.0,"voter,",O
31.0,has,O
31.0,filed,O
31.0,this,O
31.0,writ,O
31.0,"petition,",B-DOCUMENT
31.0,challenging,O
31.0,the,O
31.0,proceeding,O
31.0,that,O
31.0,has,O
31.0,been,O
31.0,initiated,O
31.0,against,O
31.0,him,O
31.0,by,O
31.0,the,O
31.0,Foreigners,O
31.0,"Tribunal,",O
31.0,Goalpara,B-LOCATION
31.0,vide,O
31.0,FT,B-CASE_NUMBER
31.0,Case,B-CASE_NUMBER
31.0,No.,I-CASE_NUMBER
31.0,5368/G/12,I-CASE_NUMBER
31.0,arising,O
31.0,out,O
31.0,of,O
31.0,district,O
31.0,Case,B-CASE_NUMBER
31.0,No.,I-CASE_NUMBER
31.0,793/2010.,I-CASE_NUMBER
31.0,Apart,O
31.0,from,O
31.0,claiming,O
31.0,that,O
31.0,initiation,O
31.0,of,O
31.0,such,O
31.0,proceeding,O
31.0,is,O
31.0,uncalled,O
31.0,for,O
31.0,in,O
31.0,view,O
31.0,of,O
31.0,the,O
31.0,fact,O
31.0,that,O
31.0,the,O
31.0,petitioner,B-DESIGNATION
31.0,is,O
31.0,an,O
31.0,Indian,O
31.0,"citizen,",O
31.0,the,O
31.0,said,O
31.0,proceeding,O
31.0,has,O
31.0,also,O
31.0,been,O
31.0,questioned,O
31.0,on,O
31.0,the,O
31.0,ground,O
31.0,of,O
31.0,pendency,O
31.0,of,O
31.0,a,O
31.0,suit,O
31.0,being,O
31.0,Title,B-CASE_NUMBER
31.0,Suit,I-CASE_NUMBER
31.0,No.,I-CASE_NUMBER
31.0,95/2012,I-CASE_NUMBER
31.0,in,O
31.0,the,O
31.0,Court,O
31.0,of,O
31.0,the,O
31.0,learned,O
31.0,Munsif,O
31.0,"No.1,",O
31.0,"Goalpara,",O
31.0,by,O
31.0,which,O
31.0,the,O
31.0,petitioner,B-DESIGNATION
31.0,as,O
31.0,the,O
31.0,plaintiff,B-LEGAL_ROLE
31.0,has,O
31.0,prayed,O
31.0,for,O
31.0,a,O
31.0,declaration,O
31.0,that,O
31.0,he,O
31.0,is,O
31.0,an,O
31.0,Indian,B-PERSON
31.0,citizen,I-PERSON
31.0,as,O
31.0,defined,O
31.0,in,O
31.0,the,O
31.0,Citizenship,B-LAW
31.0,Act,I-LAW
31.0,and,O
31.0,that,O
31.0,the,O
31.0,alphabet,O
31.0,"\""D\""",O
31.0,shown,O
31.0,against,O
31.0,his,O
31.0,name,O
31.0,in,O
31.0,the,O
31.0,electoral,B-DOCUMENT
31.0,roll,I-DOCUMENT
31.0,be,O
31.0,removed,O
31.0,entitling,O
31.0,him,O
31.0,to,O
31.0,cast,O
31.0,votes,O
31.0,in,O
31.0,elections.,O
,,O
32.0,This,O
32.0,writ,O
32.0,petition,B-DOCUMENT
32.0,is,O
32.0,directed,O
32.0,against,O
32.0,the,O
32.0,Annexure-N,B-DOCUMENT
32.0,order,I-DOCUMENT
32.0,dated,O
32.0,"22.8.2003,",B-DATE
32.0,by,O
32.0,which,O
32.0,the,O
32.0,learned,O
32.0,presiding,O
32.0,"officer,",O
32.0,Industrial,O
32.0,"Tribunal,",O
32.0,"Silchar,",O
32.0,declined,O
32.0,to,O
32.0,grant,O
32.0,approval,O
32.0,to,O
32.0,the,O
32.0,order,B-DOCUMENT
32.0,of,O
32.0,removal,O
32.0,passed,O
32.0,against,O
32.0,the,O
32.0,concerned,O
32.0,workman,O
32.0,pursuant,O
32.0,to,O
32.0,a,O
32.0,domestic,O
32.0,enquiry.,O
32.0,Such,O
32.0,approval,O
32.0,was,O
32.0,required,O
32.0,to,O
32.0,be,O
32.0,obtained,O
32.0,in,O
32.0,view,O
32.0,of,O
32.0,the,O
32.0,provisions,O
32.0,contained,O
32.0,in,O
32.0,Section,B-SECTION
32.0,33(2)(b),I-SECTION
32.0,of,I-SECTION
32.0,the,I-SECTION
32.0,Industrial,I-SECTION
32.0,Disputes,I-SECTION
32.0,"Act,",I-SECTION
32.0,1947.,I-SECTION
32.0,At,I-SECTION
32.0,the,I-SECTION
32.0,time,I-SECTION
32.0,of,I-SECTION
32.0,seeking,I-SECTION
32.0,the,I-SECTION
32.0,"approval,",I-SECTION
32.0,there,I-SECTION
32.0,was,I-SECTION
32.0,another,I-SECTION
32.0,reference,I-SECTION
32.0,pending,I-SECTION
32.0,by,I-SECTION
32.0,and,I-SECTION
32.0,between,I-SECTION
32.0,the,I-SECTION
32.0,"parties,",I-SECTION
32.0,which,I-SECTION
32.0,was,I-SECTION
32.0,registered,I-SECTION
32.0,and,I-SECTION
32.0,numbered,I-SECTION
32.0,as,I-SECTION
32.0,Reference,I-SECTION
32.0,Case,B-CASE_NUMBER
32.0,No.,I-CASE_NUMBER
32.0,9/95,I-CASE_NUMBER
32.0,and,B-SECTION
32.0,9/96.,I-SECTION
32.0,Be,I-SECTION
32.0,it,I-SECTION
32.0,stated,I-SECTION
32.0,here,I-SECTION
32.0,that,I-SECTION
32.0,as,I-SECTION
32.0,per,I-SECTION
32.0,the,I-SECTION
32.0,requirement,I-SECTION
32.0,of,I-SECTION
32.0,Section,B-SECTION
32.0,33(2)(b),I-SECTION
32.0,while,I-SECTION
32.0,removing,I-SECTION
32.0,the,I-SECTION
32.0,workman,I-SECTION
32.0,from,I-SECTION
32.0,service,I-SECTION
32.0,pursuant,I-SECTION
32.0,to,I-SECTION
32.0,the,I-SECTION
32.0,departmental,I-SECTION
32.0,"enquiry,",I-SECTION
32.0,he,I-SECTION
32.0,was,I-SECTION
32.0,offered,I-SECTION
32.0,one,I-SECTION
32.0,month's,O
32.0,wages.,O
,,O
33.0,The,B-PERSON
33.0,petitioner,B-DESIGNATION
33.0,is,O
33.0,aggrieved,O
33.0,by,O
33.0,the,O
33.0,Annexure-G,B-DOCUMENT
33.0,order,B-DOCUMENT
33.0,dated,O
33.0,"29.1.2005,",B-DATE
33.0,by,O
33.0,which,O
33.0,his,O
33.0,earlier,O
33.0,penalty,O
33.0,of,O
33.0,compulsory,O
33.0,retirement,O
33.0,was,O
33.0,reduced,O
33.0,to,O
33.0,that,O
33.0,of,O
33.0,reversion,O
33.0,to,O
33.0,the,O
33.0,lower,O
33.0,post,O
33.0,of,O
33.0,Watchman,B-PERSON
33.0,with,O
33.0,further,O
33.0,direction,O
33.0,to,O
33.0,fix,O
33.0,his,O
33.0,pay,O
33.0,scale,O
33.0,of,O
33.0,Watchman,O
33.0,at,O
33.0,the,O
33.0,stage,O
33.0,from,O
33.0,which,O
33.0,he,O
33.0,was,O
33.0,promoted,O
33.0,to,O
33.0,the,O
33.0,post,O
33.0,of,O
33.0,AG-III(D),O
33.0,till,O
33.0,his,O
33.0,retirement,O
33.0,on,O
33.0,attaining,O
33.0,the,O
33.0,age,O
33.0,of,O
33.0,superannuation,O
33.0,on,O
33.0,30.4.2011.,B-DATE
33.0,It,O
33.0,was,O
33.0,further,O
33.0,provided,O
33.0,that,O
33.0,the,B-PERSON
33.0,petitioner,B-DESIGNATION
33.0,would,O
33.0,be,O
33.0,entitled,O
33.0,to,O
33.0,increments,O
33.0,of,O
33.0,pay,O
33.0,in,O
33.0,the,O
33.0,scale,O
33.0,of,O
33.0,Watchman.,O
,,O
34.0,This,O
34.0,writ,O
34.0,petition,B-DOCUMENT
34.0,is,O
34.0,directed,O
34.0,against,O
34.0,the,O
34.0,award,O
34.0,dated,O
34.0,11.1.2002,B-DATE
34.0,passed,O
34.0,by,O
34.0,the,O
34.0,learned,O
34.0,Labour,O
34.0,"Court,",O
34.0,Dibrugarh,B-LOCATION
34.0,in,O
34.0,Reference,O
34.0,Case,B-CASE_NUMBER
34.0,No.,I-CASE_NUMBER
34.0,"26/2000,",I-CASE_NUMBER
34.0,by,O
34.0,which,O
34.0,the,O
34.0,issues,O
34.0,raised,O
34.0,vide,O
34.0,Govt.,B-DOCUMENT
34.0,notification,I-DOCUMENT
34.0,dated,O
34.0,14.12.2000,B-DATE
34.0,have,O
34.0,been,O
34.0,answered,O
34.0,against,O
34.0,the,O
34.0,workmen.,O
34.0,Being,O
34.0,aggrieved,O
34.0,by,O
34.0,the,O
34.0,said,O
34.0,"award,",O
34.0,which,O
34.0,was,O
34.0,"exparte,",O
34.0,the,O
34.0,concerned,O
34.0,workmen,B-PERSON
34.0,had,O
34.0,filed,O
34.0,an,O
34.0,application,B-DOCUMENT
34.0,registered,O
34.0,as,O
34.0,Misc.,B-CASE_NUMBER
34.0,Case,B-CASE_NUMBER
34.0,No.,I-CASE_NUMBER
34.0,3/2003,I-CASE_NUMBER
34.0,on,O
34.0,1.1.2003,B-DATE
34.0,for,O
34.0,setting,O
34.0,aside,O
34.0,the,O
34.0,said,O
34.0,exparte,O
34.0,award.,O
34.0,"However,",O
34.0,the,O
34.0,said,O
34.0,application,B-DOCUMENT
34.0,was,O
34.0,also,O
34.0,dismissed,O
34.0,by,O
34.0,order,B-DOCUMENT
34.0,dated,O
34.0,2.6.2003.,B-DATE
34.0,Being,O
34.0,"aggrieved,",O
34.0,the,O
34.0,petitioners,O
34.0,have,O
34.0,filed,O
34.0,the,O
34.0,instant,O
34.0,writ,O
34.0,petition.,B-DOCUMENT
,,O
35.0,Through,O
35.0,this,O
35.0,application,B-DOCUMENT
35.0,under,O
35.0,Section,B-SECTION
35.0,11,I-SECTION
35.0,of,I-SECTION
35.0,the,I-SECTION
35.0,Arbitration,I-SECTION
35.0,&,B-LAW
35.0,Conciliation,I-LAW
35.0,"Act,",I-LAW
35.0,1996,I-LAW
35.0,(hereinafter,O
35.0,referred,O
35.0,to,O
35.0,as,O
35.0,'the,O
35.0,Arbitration,O
35.0,Act'),O
35.0,the,O
35.0,petitioner,B-DESIGNATION
35.0,prays,O
35.0,for,O
35.0,appointment,O
35.0,of,O
35.0,Arbitrator,B-PERSON
35.0,to,O
35.0,adjudicate,O
35.0,the,O
35.0,dispute,O
35.0,arising,O
35.0,out,O
35.0,of,O
35.0,the,O
35.0,agreement,B-DOCUMENT
35.0,dated,O
35.0,14.9.1999,B-DATE
35.0,(Annexure-B).,O
35.0,Through,O
35.0,this,O
35.0,agreement,O
35.0,executed,O
35.0,by,O
35.0,the,O
35.0,petitioner,B-DESIGNATION
35.0,under,O
35.0,its,O
35.0,previous,O
35.0,name,O
35.0,'M/s,O
35.0,Derby,O
35.0,Tea,O
35.0,&,O
35.0,Industries,O
35.0,Limited',O
35.0,and,O
35.0,the,O
35.0,respondent,B-DESIGNATION
35.0,'Rossell,O
35.0,Tea,O
35.0,"Limited',",O
35.0,the,O
35.0,petitioner,B-DESIGNATION
35.0,had,O
35.0,agreed,O
35.0,to,O
35.0,transfer,O
35.0,the,O
35.0,Nagrijuli,B-PROPERTY
35.0,Tea,I-PROPERTY
35.0,Estate,I-PROPERTY
35.0,for,O
35.0,a,O
35.0,total,O
35.0,consideration,O
35.0,of,O
35.0,Rs.18.00,O
35.0,crores.,O
35.0,The,O
35.0,consideration,O
35.0,amount,O
35.0,was,O
35.0,payable,O
35.0,in,O
35.0,a,O
35.0,phased,O
35.0,manner,O
35.0,and,O
35.0,after,O
35.0,possession,O
35.0,of,O
35.0,the,O
35.0,T.E.,O
35.0,is,O
35.0,"delivered,",O
35.0,the,O
35.0,respondent,B-DESIGNATION
35.0,was,O
35.0,required,O
35.0,to,O
35.0,bear,O
35.0,the,O
35.0,expenses,O
35.0,for,O
35.0,managing,O
35.0,the,O
35.0,T.E.,O
35.0,w.e.f.,O
35.0,11.10.1999,B-DATE
35.0,i.e.,O
35.0,the,O
35.0,date,O
35.0,of,O
35.0,delivery,O
35.0,of,O
35.0,possession.,O
35.0,The,O
35.0,record,O
35.0,shows,O
35.0,that,O
35.0,between,O
35.0,29.9.1999,B-DATE
35.0,to,O
35.0,"31.3.2000,",B-DATE
35.0,Rs.17.5,O
35.0,crores,O
35.0,was,O
35.0,paid,O
35.0,by,O
35.0,the,O
35.0,respondent,B-DESIGNATION
35.0,but,O
35.0,the,O
35.0,balance,O
35.0,amount,O
35.0,of,O
35.0,Rs.50,O
35.0,lakh,O
35.0,is,O
35.0,not,O
35.0,yet,O
35.0,paid.,O
,,O
36.0,The,O
36.0,short,O
36.0,but,O
36.0,interesting,O
36.0,question,O
36.0,of,O
36.0,law,O
36.0,involved,O
36.0,in,O
36.0,this,O
36.0,criminal,O
36.0,revision,B-DOCUMENT
36.0,is,O
36.0,whether,O
36.0,the,O
36.0,learned,B-JUDGE
36.0,Sub-Divisional,I-JUDGE
36.0,Judicial,I-JUDGE
36.0,Magistrate,I-JUDGE
36.0,"(M),",O
36.0,Rangia,B-LOCATION
36.0,('SDJM',O
36.0,for,O
36.0,short),O
36.0,has,O
36.0,correctly,O
36.0,exercised,O
36.0,his,O
36.0,jurisdiction,O
36.0,in,O
36.0,accepting,O
36.0,the,O
36.0,final,B-DOCUMENT
36.0,report,I-DOCUMENT
36.0,submitted,O
36.0,by,O
36.0,the,O
36.0,police,B-ORGANIZATION
36.0,('FR'),O
36.0,on,O
36.0,the,O
36.0,ground,O
36.0,of,O
36.0,lack,O
36.0,of,O
36.0,evidence,O
36.0,and,O
36.0,in,O
36.0,simultaneously,O
36.0,taking,O
36.0,cognizance,O
36.0,of,O
36.0,the,O
36.0,offence,O
36.0,on,O
36.0,the,O
36.0,basis,O
36.0,of,O
36.0,the,O
36.0,protest,B-DOCUMENT
36.0,petition,B-DOCUMENT
36.0,filed,O
36.0,by,O
36.0,the,O
36.0,informant,B-PERSON
36.0,which,O
36.0,does,O
36.0,not,O
36.0,contain,O
36.0,facts,O
36.0,constituting,O
36.0,an,O
36.0,offence,O
36.0,and,O
36.0,thereafter,O
36.0,examining,O
36.0,the,O
36.0,informant/respondent,O
36.0,(respondent,B-LEGAL_ROLE
36.0,2),O
36.0,and,O
36.0,his,O
36.0,witnesses,B-PERSON
36.0,U/s,O
36.0,200,O
36.0,CrPC?,B-LAW
,,O
37.0,The,B-DOCUMENT
37.0,gist,I-DOCUMENT
37.0,of,I-DOCUMENT
37.0,the,I-DOCUMENT
37.0,prosecution,I-DOCUMENT
37.0,case,B-CASE_NUMBER
37.0,is,O
37.0,that,O
37.0,both,O
37.0,the,B-PERSON
37.0,deceased,I-PERSON
37.0,and,O
37.0,the,B-PERSON
37.0,accused,B-DESIGNATION
37.0,persons,O
37.0,had,O
37.0,paddy,B-PROPERTY
37.0,fields,I-PROPERTY
37.0,at,O
37.0,the,B-LOCATION
37.0,place,I-LOCATION
37.0,of,I-LOCATION
37.0,occurrence,I-LOCATION
37.0,with,O
37.0,common,O
37.0,boundary.,O
37.0,In,O
37.0,other,O
37.0,"words,",O
37.0,paddy,O
37.0,fields,O
37.0,of,O
37.0,both,O
37.0,the,O
37.0,parties,O
37.0,were,O
37.0,contiguous,O
37.0,to,O
37.0,each,O
37.0,other.,O
37.0,On,O
37.0,23.7.2002,B-DATE
37.0,at,O
37.0,about,O
37.0,8.30,O
37.0,in,O
37.0,the,O
37.0,morning,O
37.0,the,O
37.0,deceased,O
37.0,and,O
37.0,his,O
37.0,son,O
37.0,Karuna,B-PERSON
37.0,were,O
37.0,draining,O
37.0,out,O
37.0,excessive,O
37.0,water,O
37.0,from,O
37.0,their,O
37.0,plot,B-PROPERTY
37.0,of,I-PROPERTY
37.0,land,I-PROPERTY
37.0,and,O
37.0,the,O
37.0,water,O
37.0,was,O
37.0,being,O
37.0,released,O
37.0,in,O
37.0,the,O
37.0,paddy,O
37.0,field,O
37.0,belonging,O
37.0,to,O
37.0,the,O
37.0,accused,B-DESIGNATION
37.0,Manindra,O
37.0,Suklabaidya.,O
37.0,Since,O
37.0,this,O
37.0,act,O
37.0,of,O
37.0,the,O
37.0,son,O
37.0,of,O
37.0,the,O
37.0,deceased,O
37.0,was,O
37.0,damaging,O
37.0,the,O
37.0,paddy,O
37.0,cultivation,O
37.0,of,O
37.0,the,O
37.0,accused,B-DESIGNATION
37.0,an,O
37.0,altercation,O
37.0,took,O
37.0,place,O
37.0,initially,O
37.0,between,O
37.0,the,O
37.0,accused,B-DESIGNATION
37.0,Manindra,O
37.0,and,O
37.0,the,O
37.0,son,O
37.0,of,O
37.0,the,O
37.0,"deceased,",O
37.0,Karuna.,O
37.0,Immediately,O
37.0,the,O
37.0,deceased,O
37.0,also,O
37.0,intervened,O
37.0,in,O
37.0,the,O
37.0,altercation,O
37.0,and,O
37.0,he,O
37.0,was,O
37.0,assaulted,O
37.0,with,O
37.0,a,O
37.0,spade.,O
,,O
38.0,These,O
38.0,appeals,O
38.0,are,O
38.0,directed,O
38.0,against,O
38.0,the,O
38.0,judgment,B-DOCUMENT
38.0,dated,O
38.0,"04.11.2012,",B-DATE
38.0,passed,O
38.0,by,O
38.0,the,O
38.0,learned,O
38.0,Sessions,O
38.0,"Judge,",B-LEGAL_ROLE
38.0,Darrang,O
38.0,at,O
38.0,Mangaldoi,B-LOCATION
38.0,in,O
38.0,Sessions,O
38.0,Case,B-CASE_NUMBER
38.0,No.,I-CASE_NUMBER
38.0,"39(DM)/1999,",I-CASE_NUMBER
38.0,convicting,O
38.0,both,O
38.0,of,O
38.0,them,O
38.0,under,O
38.0,Sections,B-SECTION
38.0,366/34,I-SECTION
38.0,IPC,B-LAW
38.0,and,B-SECTION
38.0,sentencing,I-SECTION
38.0,them,I-SECTION
38.0,to,I-SECTION
38.0,rigorous,I-SECTION
38.0,imprisonment,I-SECTION
38.0,for,I-SECTION
38.0,7,I-SECTION
38.0,(seven),I-SECTION
38.0,years,I-SECTION
38.0,with,I-SECTION
38.0,a,I-SECTION
38.0,fine,I-SECTION
38.0,of,I-SECTION
38.0,Rs.,I-SECTION
38.0,"5,000/-",I-SECTION
38.0,"each,",I-SECTION
38.0,in,I-SECTION
38.0,"default,",I-SECTION
38.0,rigorous,I-SECTION
38.0,imprisonment,I-SECTION
38.0,for,I-SECTION
38.0,another,I-SECTION
38.0,6,I-SECTION
38.0,(six),I-SECTION
38.0,months.,I-SECTION
38.0,Aggrieved,I-SECTION
38.0,by,I-SECTION
38.0,the,I-SECTION
38.0,aforesaid,I-SECTION
38.0,"judgment,",I-SECTION
38.0,Sri,I-SECTION
38.0,Babul,I-SECTION
38.0,Bania,I-SECTION
38.0,and,I-SECTION
38.0,Sri,I-SECTION
38.0,Dilip,I-SECTION
38.0,Bania,I-SECTION
38.0,preferred,I-SECTION
38.0,these,I-SECTION
38.0,appeals,I-SECTION
38.0,citing,I-SECTION
38.0,several,I-SECTION
38.0,infirmities,I-SECTION
38.0,in,I-SECTION
38.0,the,I-SECTION
38.0,judgment,B-DOCUMENT
38.0,aforementioned.,B-SECTION
38.0,"While,",I-SECTION
38.0,Mr.,I-SECTION
38.0,Babul,I-SECTION
38.0,Bania,I-SECTION
38.0,had,I-SECTION
38.0,preferred,I-SECTION
38.0,this,I-SECTION
38.0,appeal,B-DOCUMENT
38.0,from,B-SECTION
38.0,"jail,",I-SECTION
38.0,Shri,I-SECTION
38.0,Dilip,I-SECTION
38.0,Bania,I-SECTION
38.0,was,I-SECTION
38.0,enlarged,I-SECTION
38.0,on,I-SECTION
38.0,bail,I-SECTION
38.0,during,I-SECTION
38.0,the,I-SECTION
38.0,pendency,I-SECTION
38.0,of,I-SECTION
38.0,present,I-SECTION
38.0,appeal,B-DOCUMENT
38.0,suspending,B-SECTION
38.0,the,I-SECTION
38.0,judgment,B-DOCUMENT
38.0,impugned,B-SECTION
38.0,as,I-SECTION
38.0,far,I-SECTION
38.0,as,I-SECTION
38.0,Sri,I-SECTION
38.0,Dilip,I-SECTION
38.0,Bania,I-SECTION
38.0,is,I-SECTION
38.0,concerned.,I-SECTION
,,O
39.0,This,O
39.0,appeal,B-DOCUMENT
39.0,is,O
39.0,directed,O
39.0,against,O
39.0,the,O
39.0,judgment,B-DOCUMENT
39.0,dated,O
39.0,04.03.2011,B-DATE
39.0,passed,O
39.0,by,O
39.0,the,O
39.0,Addl.,O
39.0,Sessions,O
39.0,"Judge,",B-LEGAL_ROLE
39.0,"F.T.C.,",O
39.0,"Nagaon,",O
39.0,Assam,B-LOCATION
39.0,in,O
39.0,Sessions,B-CASE_NUMBER
39.0,Case,B-CASE_NUMBER
39.0,NO.,I-CASE_NUMBER
39.0,77(N),I-CASE_NUMBER
39.0,of,I-CASE_NUMBER
39.0,2008,I-CASE_NUMBER
39.0,convicting,O
39.0,one,O
39.0,Md.,B-PERSON
39.0,Nur,I-PERSON
39.0,Islam,I-PERSON
39.0,of,O
39.0,offences,O
39.0,under,O
39.0,Section,B-SECTION
39.0,457/,I-SECTION
39.0,376,I-SECTION
39.0,IPC,B-LAW
39.0,and,B-SECTION
39.0,sentencing,I-SECTION
39.0,him,I-SECTION
39.0,to,I-SECTION
39.0,suffer,I-SECTION
39.0,rigorous,I-SECTION
39.0,imprisonment,I-SECTION
39.0,for,I-SECTION
39.0,4,I-SECTION
39.0,½,O
39.0,years,O
39.0,and,O
39.0,fine,O
39.0,of,O
39.0,Rs.,O
39.0,"1,000/-",O
39.0,in,O
39.0,default,O
39.0,to,O
39.0,undergo,O
39.0,simple,O
39.0,imprisonment,O
39.0,for,O
39.0,15,O
39.0,days,O
39.0,for,O
39.0,offence,O
39.0,under,O
39.0,Section,B-SECTION
39.0,376,I-SECTION
39.0,IPC,B-LAW
39.0,and,B-SECTION
39.0,sentencing,I-SECTION
39.0,him,I-SECTION
39.0,to,I-SECTION
39.0,simple,I-SECTION
39.0,imprisonment,I-SECTION
39.0,for,I-SECTION
39.0,3,I-SECTION
39.0,years,I-SECTION
39.0,and,I-SECTION
39.0,a,I-SECTION
39.0,fine,I-SECTION
39.0,of,I-SECTION
39.0,Rs.,I-SECTION
39.0,"1,",I-SECTION
39.0,000/-,I-SECTION
39.0,in,I-SECTION
39.0,default,I-SECTION
39.0,to,I-SECTION
39.0,undergo,I-SECTION
39.0,simple,I-SECTION
39.0,imprisonment,I-SECTION
39.0,for,I-SECTION
39.0,another,I-SECTION
39.0,period,I-SECTION
39.0,of,I-SECTION
39.0,15,I-SECTION
39.0,days,I-SECTION
39.0,for,I-SECTION
39.0,offence,I-SECTION
39.0,under,I-SECTION
39.0,Section,B-SECTION
39.0,457,I-SECTION
39.0,IPC.,I-SECTION
39.0,Being,I-SECTION
39.0,aggrieved,I-SECTION
39.0,by,I-SECTION
39.0,and,I-SECTION
39.0,dissatisfied,I-SECTION
39.0,with,I-SECTION
39.0,aforesaid,I-SECTION
39.0,"judgment,",I-SECTION
39.0,the,I-SECTION
39.0,petitioner,B-DESIGNATION
39.0,Md.,B-SECTION
39.0,Nur,I-SECTION
39.0,"Islam,",I-SECTION
39.0,"hereinafter,",I-SECTION
39.0,referred,I-SECTION
39.0,to,I-SECTION
39.0,as,I-SECTION
39.0,accused,B-DESIGNATION
39.0,"person,",B-SECTION
39.0,preferred,I-SECTION
39.0,this,I-SECTION
39.0,appeal,B-DOCUMENT
39.0,citing,B-SECTION
39.0,several,I-SECTION
39.0,infirmities,I-SECTION
39.0,in,I-SECTION
39.0,the,I-SECTION
39.0,"judgment,",I-SECTION
39.0,impugned.,I-SECTION
,,O
40.0,individual,O
40.0,petitioner,B-DESIGNATION
40.0,after,O
40.0,affording,O
40.0,to,O
40.0,each,O
40.0,petitioner,B-DESIGNATION
40.0,an,O
40.0,opportunity,O
40.0,of,O
40.0,being,O
40.0,heard,O
40.0,in,O
40.0,support,O
40.0,of,O
40.0,his,O
40.0,contentions.,O
40.0,We,O
40.0,also,O
40.0,hasten,O
40.0,to,O
40.0,observe,O
40.0,that,O
40.0,the,O
40.0,Income,B-ORGANIZATION
40.0,Tax,I-ORGANIZATION
40.0,Officer,I-ORGANIZATION
40.0,(TDS),I-ORGANIZATION
40.0,shall,O
40.0,pass,O
40.0,reasoned,O
40.0,order,B-DOCUMENT
40.0,in,O
40.0,each,O
40.0,cases,O
40.0,justifying,O
40.0,his,O
40.0,conclusion,O
40.0,as,O
40.0,to,O
40.0,whether,O
40.0,and,O
40.0,why,O
40.0,and,O
40.0,on,O
40.0,what,O
40.0,basis,O
40.0,the,O
40.0,petitioner,B-DESIGNATION
40.0,(assessee),O
40.0,is,O
40.0,entitled,O
40.0,to,O
40.0,claim,O
40.0,exemption,O
40.0,and,O
40.0,if,O
40.0,not,O
40.0,why?,O
40.0,Let,O
40.0,this,O
40.0,enquiry,O
40.0,be,O
40.0,held,O
40.0,by,O
40.0,the,O
40.0,Income,O
40.0,Tax,O
40.0,Officer,O
40.0,"(TDS),",O
40.0,"Dibrugarh,",O
40.0,Assam,B-LOCATION
40.0,within,O
40.0,a,O
40.0,period,O
40.0,of,O
40.0,six,O
40.0,months,O
40.0,from,O
40.0,today.,O
40.0,Each,O
40.0,of,O
40.0,the,O
40.0,petitioners,O
40.0,shall,O
40.0,submit,O
40.0,proper,B-DOCUMENT
40.0,representation,I-DOCUMENT
40.0,duly,O
40.0,supported,O
40.0,with,O
40.0,documentary,B-DOCUMENT
40.0,evidence,I-DOCUMENT
40.0,and,O
40.0,necessary,B-DOCUMENT
40.0,details,I-DOCUMENT
40.0,to,O
40.0,enable,O
40.0,the,O
40.0,authority,B-ORGANIZATION
40.0,concerned,I-ORGANIZATION
40.0,to,O
40.0,decide,O
40.0,the,O
40.0,said,O
40.0,representation,O
40.0,as,O
40.0,directed,O
40.0,supra,O
40.0,within,O
40.0,the,O
40.0,timeframe,O
40.0,fixed.,O
40.0,It,O
40.0,be,O
40.0,submitted,O
40.0,within,O
40.0,a,O
40.0,month,O
40.0,from,O
40.0,today,O
40.0,as,O
40.0,an,O
40.0,outer,O
40.0,limit.,O
40.0,It,O
40.0,is,O
40.0,with,O
40.0,these,O
40.0,observations,O
40.0,and,O
40.0,"directions,",O
40.0,the,O
40.0,writ,O
40.0,petition,B-DOCUMENT
40.0,is,O
40.0,disposed,O
40.0,of.,O
40.0,No,O
40.0,cost.,O
,,O
41.0,This,O
41.0,appeal,B-DOCUMENT
41.0,is,O
41.0,at,O
41.0,the,O
41.0,instance,O
41.0,of,O
41.0,the,O
41.0,State,B-ORGANIZATION
41.0,challenging,O
41.0,the,O
41.0,judgment,B-DOCUMENT
41.0,dated,O
41.0,17.5.2007,B-DATE
41.0,passed,O
41.0,by,O
41.0,the,O
41.0,learned,O
41.0,Sessions,O
41.0,"Judge,",B-LEGAL_ROLE
41.0,Darrang,B-LOCATION
41.0,",",O
41.0,Mangaldoi,O
41.0,in,O
41.0,Sessions,O
41.0,Case,B-CASE_NUMBER
41.0,No.176,I-CASE_NUMBER
41.0,(DM),I-CASE_NUMBER
41.0,of,O
41.0,"2005,",O
41.0,whereby,O
41.0,the,O
41.0,respondent,B-DESIGNATION
41.0,Nos.,O
41.0,"2,",O
41.0,"3,",O
41.0,4,O
41.0,and,O
41.0,5,O
41.0,have,O
41.0,been,O
41.0,acquitted,O
41.0,from,O
41.0,the,O
41.0,offence,O
41.0,under,O
41.0,Section,B-SECTION
41.0,302,I-SECTION
41.0,read,I-SECTION
41.0,with,I-SECTION
41.0,section,B-SECTION
41.0,34,I-SECTION
41.0,of,I-SECTION
41.0,the,I-SECTION
41.0,IPC.,I-SECTION
41.0,Though,I-SECTION
41.0,the,I-SECTION
41.0,respondent,B-DESIGNATION
41.0,No.1,B-SECTION
41.0,was,I-SECTION
41.0,convicted,I-SECTION
41.0,u/s,I-SECTION
41.0,304,I-SECTION
41.0,PT-II,I-SECTION
41.0,IPC,B-LAW
41.0,he,B-SECTION
41.0,was,I-SECTION
41.0,released,I-SECTION
41.0,on,I-SECTION
41.0,probation,I-SECTION
41.0,of,I-SECTION
41.0,good,I-SECTION
41.0,conduct,I-SECTION
41.0,and,I-SECTION
41.0,also,I-SECTION
41.0,imposing,I-SECTION
41.0,fine,I-SECTION
41.0,of,I-SECTION
41.0,"Rs.21,000/-",I-SECTION
41.0,(Twenty,I-SECTION
41.0,one,I-SECTION
41.0,Thousand).,I-SECTION
41.0,"However,",I-SECTION
41.0,in,I-SECTION
41.0,the,I-SECTION
41.0,memo,I-SECTION
41.0,of,I-SECTION
41.0,appeal,B-DOCUMENT
41.0,the,B-SECTION
41.0,State,I-SECTION
41.0,appellant,B-DESIGNATION
41.0,has,B-SECTION
41.0,not,I-SECTION
41.0,made,I-SECTION
41.0,any,I-SECTION
41.0,specific,I-SECTION
41.0,prayer,I-SECTION
41.0,to,I-SECTION
41.0,enhance,I-SECTION
41.0,the,I-SECTION
41.0,sentence,I-SECTION
41.0,of,I-SECTION
41.0,the,I-SECTION
41.0,respondent,B-DESIGNATION
41.0,No.1.,B-SECTION
,,O
42.0,Heard,O
42.0,Mr.,O
42.0,G,O
42.0,"Choudury,",O
42.0,learned,O
42.0,counsel,O
42.0,for,O
42.0,the,B-PERSON
42.0,appellant,B-DESIGNATION
42.0,and,O
42.0,Mr.,O
42.0,Z,O
42.0,"Kamar,",O
42.0,learned,O
42.0,Public,O
42.0,Prosecutor,O
42.0,for,O
42.0,the,O
42.0,State.,O
42.0,We,O
42.0,have,O
42.0,also,O
42.0,gone,O
42.0,through,O
42.0,the,O
42.0,impugned,B-DOCUMENT
42.0,judgment,B-DOCUMENT
42.0,and,O
42.0,the,O
42.0,prosecution,B-DOCUMENT
42.0,evidence,I-DOCUMENT
42.0,proffered,O
42.0,in,O
42.0,the,O
42.0,trial,O
42.0,court.,O
42.0,The,O
42.0,defense,O
42.0,case,B-CASE_NUMBER
42.0,was,O
42.0,that,O
42.0,the,B-PERSON
42.0,accused,B-DESIGNATION
42.0,assaulted,O
42.0,the,B-PERSON
42.0,deceased,B-PERSON
42.0,with,O
42.0,a,O
42.0,bamboo,O
42.0,stick,O
42.0,as,O
42.0,the,O
42.0,deceased,O
42.0,was,O
42.0,attempting,O
42.0,to,O
42.0,assault,O
42.0,his,O
42.0,mother.,O
42.0,In,O
42.0,his,O
42.0,statement,O
42.0,under,O
42.0,Section,B-SECTION
42.0,313,I-SECTION
42.0,of,I-SECTION
42.0,the,I-SECTION
42.0,Cr.P.C.,B-LAW
42.0,the,B-SECTION
42.0,accused/appellant,I-SECTION
42.0,has,I-SECTION
42.0,admitted,I-SECTION
42.0,repeatedly,I-SECTION
42.0,about,I-SECTION
42.0,assaulting,I-SECTION
42.0,the,I-SECTION
42.0,deceased,I-SECTION
42.0,with,I-SECTION
42.0,a,I-SECTION
42.0,bamboo,I-SECTION
42.0,lathi.,I-SECTION
42.0,"Hence,",I-SECTION
42.0,no,I-SECTION
42.0,evidence,I-SECTION
42.0,in,I-SECTION
42.0,defense,I-SECTION
42.0,was,I-SECTION
42.0,given.,I-SECTION
,,O
43.0,Mr.,O
43.0,"Talukdar,",O
43.0,learned,B-PERSON
43.0,counsel,I-PERSON
43.0,for,I-PERSON
43.0,the,I-PERSON
43.0,appellant,B-DESIGNATION
43.0,submitted,O
43.0,that,O
43.0,while,O
43.0,convicting,O
43.0,the,O
43.0,appellant,B-DESIGNATION
43.0,under,O
43.0,the,O
43.0,aforesaid,O
43.0,provisions,O
43.0,of,O
43.0,"law,",O
43.0,the,O
43.0,learned,B-JUDGE
43.0,Special,I-JUDGE
43.0,Judge,B-DESIGNATION
43.0,ignored,O
43.0,the,O
43.0,depositions,B-DOCUMENT
43.0,of,O
43.0,a,O
43.0,large,O
43.0,number,O
43.0,of,O
43.0,prosecution,O
43.0,"witnesses,",O
43.0,who,O
43.0,deposed,O
43.0,in,O
43.0,favour,O
43.0,of,O
43.0,the,O
43.0,accused.,B-LEGAL_ROLE
43.0,"Similarly,",O
43.0,the,O
43.0,trial,B-COURT
43.0,court,I-COURT
43.0,also,O
43.0,discarded,O
43.0,the,O
43.0,defence,O
43.0,evidence,O
43.0,superficially,O
43.0,and,O
43.0,on,O
43.0,flimsy,O
43.0,ground.,O
43.0,According,O
43.0,to,O
43.0,the,O
43.0,learned,O
43.0,"counsel,",O
43.0,the,O
43.0,wife,O
43.0,of,O
43.0,the,O
43.0,accused/appellant,O
43.0,had,O
43.0,additional,O
43.0,earning,O
43.0,by,O
43.0,way,O
43.0,of,O
43.0,getting,O
43.0,rent,O
43.0,from,O
43.0,different,O
43.0,shopkeepers.,O
43.0,"However,",O
43.0,the,O
43.0,income,O
43.0,of,O
43.0,the,O
43.0,wife,O
43.0,has,O
43.0,not,O
43.0,been,O
43.0,taken,O
43.0,into,O
43.0,consideration,O
43.0,by,O
43.0,the,O
43.0,trial,O
43.0,court,O
43.0,solely,O
43.0,on,O
43.0,the,O
43.0,ground,O
43.0,that,O
43.0,the,O
43.0,shops,O
43.0,were,O
43.0,constructed,O
43.0,on,O
43.0,Government,O
43.0,khas,O
43.0,land.,O
43.0,The,O
43.0,learned,O
43.0,counsel,O
43.0,also,O
43.0,submitted,O
43.0,that,O
43.0,at,O
43.0,some,O
43.0,point,O
43.0,of,O
43.0,time,O
43.0,the,O
43.0,wife,B-PERSON
43.0,of,I-PERSON
43.0,the,I-PERSON
43.0,accused,B-DESIGNATION
43.0,had,O
43.0,also,O
43.0,purchased,O
43.0,a,O
43.0,truck,O
43.0,by,O
43.0,taking,O
43.0,loan,O
43.0,of,O
43.0,Rs.,O
43.0,"80,000/-",O
43.0,from,O
43.0,a,O
43.0,financial,O
43.0,"institution,",O
43.0,which,O
43.0,could,O
43.0,be,O
43.0,gathered,O
43.0,from,O
43.0,the,O
43.0,deposition,O
43.0,of,O
43.0,PW,O
43.0,14.,O
43.0,The,O
43.0,learned,O
43.0,counsel,O
43.0,also,O
43.0,submitted,O
43.0,that,O
43.0,PW,B-PERSON
43.0,22,I-PERSON
43.0,has,O
43.0,also,O
43.0,admitted,O
43.0,that,O
43.0,in,O
43.0,the,O
43.0,salary,B-DOCUMENT
43.0,statement,I-DOCUMENT
43.0,the,O
43.0,department,B-ORGANIZATION
43.0,did,O
43.0,not,O
43.0,include,O
43.0,the,O
43.0,arrear,O
43.0,D.A.,O
43.0,Referring,O
43.0,to,O
43.0,the,O
43.0,depositions,O
43.0,of,O
43.0,PW,B-PERSON
43.0,19,I-PERSON
43.0,and,O
43.0,24,O
43.0,the,O
43.0,learned,O
43.0,counsel,O
43.0,submitted,O
43.0,that,O
43.0,the,O
43.0,accused,B-DESIGNATION
43.0,had,O
43.0,also,O
43.0,sold,O
43.0,a,O
43.0,plot,B-PROPERTY
43.0,of,I-PROPERTY
43.0,land,I-PROPERTY
43.0,in,O
43.0,the,O
43.0,year,O
43.0,1996,B-DATE
43.0,at,O
43.0,an,O
43.0,amount,O
43.0,of,O
43.0,Rs.,O
43.0,"1,30,000/-",O
43.0,According,O
43.0,to,O
43.0,the,O
43.0,learned,O
43.0,"counsel,",O
43.0,if,O
43.0,all,O
43.0,these,O
43.0,incomes,O
43.0,are,O
43.0,added,O
43.0,then,O
43.0,the,O
43.0,difference,O
43.0,of,O
43.0,assets,O
43.0,would,O
43.0,stand,O
43.0,satisfactorily,O
43.0,explained.,O
,,O
44.0,PW,B-PERSON
44.0,1,I-PERSON
44.0,as,O
44.0,the,O
44.0,first,O
44.0,informant,B-LEGAL_ROLE
44.0,lodged,O
44.0,information,O
44.0,before,O
44.0,the,O
44.0,"Officer-in-Charge,",B-LEGAL_ROLE
44.0,Patharkandi,B-POLICE_STATION
44.0,Police,B-POLICE_STATION
44.0,Station,I-POLICE_STATION
44.0,on,O
44.0,21-08-2009,B-DATE
44.0,alleging,O
44.0,that,O
44.0,at,O
44.0,about,O
44.0,7,O
44.0,am,O
44.0,on,O
44.0,"19-08-2009,",B-DATE
44.0,his,O
44.0,minor,O
44.0,"daughter,",O
44.0,aged,O
44.0,about,O
44.0,12,O
44.0,"years,",O
44.0,had,O
44.0,gone,O
44.0,to,O
44.0,the,O
44.0,jungle,B-LOCATION
44.0,for,O
44.0,collection,O
44.0,of,O
44.0,herbs,O
44.0,to,O
44.0,prepare,O
44.0,medicines.,O
44.0,She,O
44.0,was,O
44.0,alone.,O
44.0,One,O
44.0,unidentified,B-PERSON
44.0,person,I-PERSON
44.0,alongwith,O
44.0,the,O
44.0,accused,B-DESIGNATION
44.0,accosted,O
44.0,her,O
44.0,and,O
44.0,wanted,O
44.0,to,O
44.0,have,O
44.0,physical,O
44.0,relation,O
44.0,with,O
44.0,her,O
44.0,by,O
44.0,proposing,O
44.0,marriage.,O
44.0,When,O
44.0,she,O
44.0,"refused,",O
44.0,the,O
44.0,accused,B-DESIGNATION
44.0,and,O
44.0,the,O
44.0,unidentified,O
44.0,person,O
44.0,threatened,O
44.0,her,O
44.0,by,O
44.0,showing,O
44.0,a,O
44.0,'dao',O
44.0,and,O
44.0,tied,O
44.0,her,O
44.0,to,O
44.0,a,O
44.0,tree.,O
44.0,With,O
44.0,intention,O
44.0,to,O
44.0,commit,O
44.0,"rape,",O
44.0,her,O
44.0,wearing,O
44.0,apparels,O
44.0,were,O
44.0,torn,O
44.0,and,O
44.0,force,O
44.0,was,O
44.0,used,O
44.0,on,O
44.0,her,O
44.0,causing,O
44.0,injuries.,O
44.0,When,O
44.0,she,O
44.0,raised,O
44.0,hue,O
44.0,and,O
44.0,"cry,",O
44.0,nearby,O
44.0,'jhum',O
44.0,cultivators,O
44.0,came,O
44.0,to,O
44.0,the,O
44.0,place,O
44.0,of,O
44.0,occurrence,O
44.0,and,O
44.0,rescued,O
44.0,his,O
44.0,daughter.,O
44.0,The,O
44.0,accused,B-DESIGNATION
44.0,could,O
44.0,be,O
44.0,identified.,O
44.0,Though,O
44.0,a,O
44.0,village,O
44.0,meeting,O
44.0,called,O
44.0,'bichar',O
44.0,was,O
44.0,held,O
44.0,on,O
44.0,the,O
44.0,following,O
44.0,"day,",O
44.0,the,O
44.0,matter,O
44.0,could,O
44.0,not,O
44.0,be,O
44.0,settled.,O
44.0,Hence,O
44.0,the,O
44.0,first,O
44.0,information.,O
44.0,The,O
44.0,same,O
44.0,was,O
44.0,treated,O
44.0,as,O
44.0,FIR,B-DOCUMENT
44.0,and,O
44.0,on,O
44.0,the,O
44.0,basis,O
44.0,of,O
44.0,the,O
44.0,"same,",O
44.0,Patharkandi,O
44.0,PS,O
44.0,Case,B-CASE_NUMBER
44.0,No.120/2009,I-CASE_NUMBER
44.0,u/s,I-CASE_NUMBER
44.0,342/325/376/511,I-CASE_NUMBER
44.0,IPC,B-LAW
44.0,was,O
44.0,registered.,O
,,O
45.0,The,O
45.0,judgment,B-DOCUMENT
45.0,dated,O
45.0,12.6.2012,B-DATE
45.0,passed,O
45.0,by,O
45.0,the,O
45.0,learned,O
45.0,Sessions,O
45.0,"Judge,",B-LEGAL_ROLE
45.0,Jorhat,B-LOCATION
45.0,in,O
45.0,Sessions,B-CASE_NUMBER
45.0,case,B-CASE_NUMBER
45.0,No.,I-CASE_NUMBER
45.0,153(JJ),I-CASE_NUMBER
45.0,of,I-CASE_NUMBER
45.0,2008,I-CASE_NUMBER
45.0,is,O
45.0,under,O
45.0,challenge,O
45.0,in,O
45.0,this,O
45.0,criminal,O
45.0,appeal.,B-DOCUMENT
45.0,By,O
45.0,this,O
45.0,impugned,O
45.0,judgment,B-DOCUMENT
45.0,the,O
45.0,appellant,B-DESIGNATION
45.0,has,O
45.0,been,O
45.0,convicted,O
45.0,under,O
45.0,Section,B-SECTION
45.0,306,I-SECTION
45.0,of,I-SECTION
45.0,the,I-SECTION
45.0,Indian,I-SECTION
45.0,Penal,I-SECTION
45.0,Code,I-SECTION
45.0,and,I-SECTION
45.0,he,I-SECTION
45.0,has,I-SECTION
45.0,been,I-SECTION
45.0,sentenced,I-SECTION
45.0,to,I-SECTION
45.0,undergo,I-SECTION
45.0,Rigorous,I-SECTION
45.0,Imprisonment,I-SECTION
45.0,for,I-SECTION
45.0,eight,I-SECTION
45.0,years,I-SECTION
45.0,and,I-SECTION
45.0,to,I-SECTION
45.0,pay,I-SECTION
45.0,fine,I-SECTION
45.0,of,I-SECTION
45.0,Rs.,I-SECTION
45.0,"20,000/-",I-SECTION
45.0,with,I-SECTION
45.0,default,I-SECTION
45.0,stipulation,I-SECTION
45.0,of,I-SECTION
45.0,further,I-SECTION
45.0,RI,I-SECTION
45.0,for,I-SECTION
45.0,six,I-SECTION
45.0,months.,I-SECTION
45.0,Being,I-SECTION
45.0,aggrieved,I-SECTION
45.0,by,I-SECTION
45.0,the,I-SECTION
45.0,conviction,I-SECTION
45.0,and,I-SECTION
45.0,"sentence,",I-SECTION
45.0,the,I-SECTION
45.0,appellant,B-DESIGNATION
45.0,has,B-SECTION
45.0,preferred,I-SECTION
45.0,this,I-SECTION
45.0,appeal.,I-SECTION
45.0,Heard,I-SECTION
45.0,Mr.,I-SECTION
45.0,AM,I-SECTION
45.0,"Bora,",I-SECTION
45.0,learned,I-SECTION
45.0,counsel,I-SECTION
45.0,for,I-SECTION
45.0,the,I-SECTION
45.0,appellant,B-DESIGNATION
45.0,and,B-SECTION
45.0,Mr.,I-SECTION
45.0,BJ,I-SECTION
45.0,"Dutta,",I-SECTION
45.0,learned,I-SECTION
45.0,Addl.,I-SECTION
45.0,"PP,",I-SECTION
45.0,Assam.,I-SECTION
45.0,Also,I-SECTION
45.0,perused,I-SECTION
45.0,the,I-SECTION
45.0,judgment,B-DOCUMENT
45.0,and,B-SECTION
45.0,evidence,I-SECTION
45.0,on,I-SECTION
45.0,record.,I-SECTION
,,O
46.0,The,O
46.0,appellant,B-DESIGNATION
46.0,herein,O
46.0,has,O
46.0,been,O
46.0,convicted,O
46.0,under,O
46.0,Sections,B-SECTION
46.0,498(A)/306,I-SECTION
46.0,of,I-SECTION
46.0,the,I-SECTION
46.0,Indian,I-SECTION
46.0,Penal,I-SECTION
46.0,Code,I-SECTION
46.0,vide,I-SECTION
46.0,judgment,B-DOCUMENT
46.0,dated,B-SECTION
46.0,29.8.2009,B-DATE
46.0,passed,B-SECTION
46.0,by,I-SECTION
46.0,the,I-SECTION
46.0,learned,I-SECTION
46.0,Addl.,I-SECTION
46.0,Sessions,I-SECTION
46.0,"Judge,",I-SECTION
46.0,(FTC),I-SECTION
46.0,"No.3,",I-SECTION
46.0,"Kamrup,",I-SECTION
46.0,Guwahati,I-SECTION
46.0,in,I-SECTION
46.0,Sessions,I-SECTION
46.0,Case,B-CASE_NUMBER
46.0,No.,I-CASE_NUMBER
46.0,156(K),I-CASE_NUMBER
46.0,of,B-SECTION
46.0,2008.,I-SECTION
46.0,By,I-SECTION
46.0,the,I-SECTION
46.0,impugned,I-SECTION
46.0,judgment,B-DOCUMENT
46.0,the,B-SECTION
46.0,appellant,B-DESIGNATION
46.0,has,B-SECTION
46.0,been,I-SECTION
46.0,sentenced,I-SECTION
46.0,to,I-SECTION
46.0,undergo,I-SECTION
46.0,Rigorous,I-SECTION
46.0,Imprisonment,I-SECTION
46.0,for,I-SECTION
46.0,two,I-SECTION
46.0,years,I-SECTION
46.0,with,I-SECTION
46.0,fine,I-SECTION
46.0,of,I-SECTION
46.0,Rs.,I-SECTION
46.0,"10,000/-",I-SECTION
46.0,and,I-SECTION
46.0,RI,I-SECTION
46.0,for,I-SECTION
46.0,7,I-SECTION
46.0,years,I-SECTION
46.0,with,I-SECTION
46.0,fine,I-SECTION
46.0,of,I-SECTION
46.0,Rs.,I-SECTION
46.0,"10,000/-",I-SECTION
46.0,for,I-SECTION
46.0,the,I-SECTION
46.0,offence,I-SECTION
46.0,under,I-SECTION
46.0,Section,B-SECTION
46.0,498(A)/306.,I-SECTION
46.0,For,I-SECTION
46.0,non,I-SECTION
46.0,payment,I-SECTION
46.0,of,I-SECTION
46.0,fine,I-SECTION
46.0,the,I-SECTION
46.0,appellant,B-DESIGNATION
46.0,has,B-SECTION
46.0,been,I-SECTION
46.0,directed,I-SECTION
46.0,to,I-SECTION
46.0,undergo,I-SECTION
46.0,RI,I-SECTION
46.0,for,I-SECTION
46.0,six,I-SECTION
46.0,months,I-SECTION
46.0,on,I-SECTION
46.0,each,I-SECTION
46.0,count,I-SECTION
46.0,and,I-SECTION
46.0,both,I-SECTION
46.0,the,I-SECTION
46.0,sentences,I-SECTION
46.0,are,I-SECTION
46.0,directed,I-SECTION
46.0,to,I-SECTION
46.0,run,I-SECTION
46.0,concurrently.,I-SECTION
46.0,Heard,I-SECTION
46.0,Mr.,I-SECTION
46.0,N.,I-SECTION
46.0,"Ahmed,",I-SECTION
46.0,learned,I-SECTION
46.0,counsel,I-SECTION
46.0,for,I-SECTION
46.0,the,I-SECTION
46.0,appellant,B-DESIGNATION
46.0,and,B-SECTION
46.0,Mr.,I-SECTION
46.0,BJ,I-SECTION
46.0,"Dutta,",I-SECTION
46.0,learned,I-SECTION
46.0,Addl.,I-SECTION
46.0,"PP,",I-SECTION
46.0,Assam.,I-SECTION
46.0,Also,I-SECTION
46.0,perused,I-SECTION
46.0,the,I-SECTION
46.0,impugned,I-SECTION
46.0,judgment,B-DOCUMENT
46.0,and,B-SECTION
46.0,evidence,I-SECTION
46.0,on,I-SECTION
46.0,record.,I-SECTION
,,O
47.0,Being,O
47.0,aggrieved,O
47.0,by,O
47.0,and,O
47.0,dissatisfied,O
47.0,with,O
47.0,the,O
47.0,aforesaid,O
47.0,"judgment,",B-DOCUMENT
47.0,the,O
47.0,appellant,B-DESIGNATION
47.0,Sahab,O
47.0,Uddin,O
47.0,"Khan,",O
47.0,hereinafter,O
47.0,referred,O
47.0,to,O
47.0,as,O
47.0,accused,B-DESIGNATION
47.0,"person,",O
47.0,has,O
47.0,preferred,O
47.0,this,O
47.0,appeal,B-DOCUMENT
47.0,citing,O
47.0,several,O
47.0,infirmities,O
47.0,in,O
47.0,the,O
47.0,"judgment,",B-DOCUMENT
47.0,impugned.,O
47.0,The,O
47.0,brief,O
47.0,facts,O
47.0,necessary,O
47.0,for,O
47.0,disposal,O
47.0,of,O
47.0,the,O
47.0,present,O
47.0,appeal,B-DOCUMENT
47.0,is,O
47.0,that,O
47.0,one,O
47.0,Tamij,B-PERSON
47.0,Uddin,I-PERSON
47.0,of,O
47.0,village,O
47.0,Poilapul,B-LOCATION
47.0,gave,O
47.0,his,O
47.0,cow,B-PROPERTY
47.0,to,O
47.0,one,O
47.0,Dhanbir,B-PERSON
47.0,Singh,I-PERSON
47.0,of,O
47.0,Kangali,B-LOCATION
47.0,Basti,I-LOCATION
47.0,within,O
47.0,Lakhipur,B-POLICE_STATION
47.0,police,B-POLICE_STATION
47.0,station,I-POLICE_STATION
47.0,to,O
47.0,rear,O
47.0,on,O
47.0,'Bhagi',O
47.0,basis.,O
47.0,"However,",O
47.0,said,O
47.0,cow,O
47.0,was,O
47.0,found,O
47.0,missing,O
47.0,from,O
47.0,the,O
47.0,night,O
47.0,of,O
47.0,28.04.1996.,B-DATE
47.0,The,O
47.0,cow,O
47.0,was,O
47.0,searched,O
47.0,but,O
47.0,it,O
47.0,could,O
47.0,not,O
47.0,be,O
47.0,located.,O
47.0,"Subsequently,",O
47.0,said,O
47.0,Dhanbir,O
47.0,came,O
47.0,to,O
47.0,know,O
47.0,that,O
47.0,the,O
47.0,cow,O
47.0,was,O
47.0,slaughtered,O
47.0,by,O
47.0,the,O
47.0,accused,B-DESIGNATION
47.0,Sahab,O
47.0,Uddin,O
47.0,and,O
47.0,he,O
47.0,sold,O
47.0,the,O
47.0,beef,O
47.0,thereof,O
47.0,to,O
47.0,the,O
47.0,public.,O
,,O
48.0,The,O
48.0,facts,O
48.0,of,O
48.0,the,O
48.0,present,O
48.0,case,B-CASE_NUMBER
48.0,depict,O
48.0,a,O
48.0,tragic,O
48.0,circumstance,O
48.0,of,O
48.0,the,O
48.0,death,O
48.0,of,O
48.0,a,O
48.0,young,O
48.0,house,O
48.0,wife,O
48.0,at,O
48.0,the,O
48.0,hands,O
48.0,of,O
48.0,her,O
48.0,husband,O
48.0,Mona,O
48.0,Das.,O
48.0,An,O
48.0,FIR,B-DOCUMENT
48.0,was,O
48.0,lodged,O
48.0,to,O
48.0,that,O
48.0,effect,O
48.0,by,O
48.0,one,O
48.0,Sri,B-PERSON
48.0,Niranjan,I-PERSON
48.0,Namodas,I-PERSON
48.0,with,O
48.0,the,O
48.0,Officer-in-Charge,B-DESIGNATION
48.0,of,O
48.0,the,O
48.0,Tangla,B-POLICE_STATION
48.0,Police,B-POLICE_STATION
48.0,Station,I-POLICE_STATION
48.0,contending,O
48.0,therein,O
48.0,that,O
48.0,his,O
48.0,sister,O
48.0,Kento,B-PERSON
48.0,Namo,I-PERSON
48.0,Das,I-PERSON
48.0,(the,O
48.0,deceased),O
48.0,was,O
48.0,given,O
48.0,marriage,O
48.0,to,O
48.0,accused,B-DESIGNATION
48.0,Mona,B-PERSON
48.0,Das,I-PERSON
48.0,as,O
48.0,per,O
48.0,Hindu,O
48.0,rites,O
48.0,and,O
48.0,rituals.,O
48.0,After,O
48.0,the,O
48.0,"marriage,",O
48.0,the,O
48.0,accused,B-DESIGNATION
48.0,along,O
48.0,with,O
48.0,his,O
48.0,mother,O
48.0,Smti,B-PERSON
48.0,Durbala,I-PERSON
48.0,Das,I-PERSON
48.0,tortured,O
48.0,Kento,B-PERSON
48.0,Das,I-PERSON
48.0,physically,O
48.0,and,O
48.0,also,O
48.0,demanded,O
48.0,dowry.,O
48.0,On,O
48.0,"13.12.2005,",B-DATE
48.0,his,O
48.0,"brother-in-aw,",O
48.0,Mona,O
48.0,Das,O
48.0,"i.e.,",O
48.0,the,O
48.0,husband,O
48.0,of,O
48.0,his,O
48.0,sister,O
48.0,Kento,O
48.0,Das,O
48.0,and,O
48.0,mother-in-law,O
48.0,set,O
48.0,Kento,O
48.0,Das,O
48.0,on,O
48.0,fire.,O
48.0,She,O
48.0,"was,",O
48.0,"thereafter,",O
48.0,admitted,O
48.0,in,O
48.0,the,O
48.0,Mangaldai,B-LOCATION
48.0,Civil,I-LOCATION
48.0,Hospital,I-LOCATION
48.0,where,O
48.0,she,O
48.0,died,O
48.0,out,O
48.0,of,O
48.0,her,O
48.0,burn,O
48.0,injuries,O
48.0,while,O
48.0,undergoing,O
48.0,treatment.,O
,,O
49.0,The,O
49.0,facts,O
49.0,giving,O
49.0,rise,O
49.0,to,O
49.0,this,O
49.0,"appeal,",B-DOCUMENT
49.0,as,O
49.0,projected,O
49.0,by,O
49.0,the,O
49.0,"prosecution,",O
49.0,are,O
49.0,that,O
49.0,on,O
49.0,"25.9.2003,",B-DATE
49.0,at,O
49.0,about,O
49.0,10.35,O
49.0,"P.M.,",O
49.0,the,O
49.0,In-Charge,O
49.0,Malugram,B-POLICE_STATION
49.0,T.O.P.,I-POLICE_STATION
49.0,received,O
49.0,an,O
49.0,information,O
49.0,from,O
49.0,one,O
49.0,Bikash,O
49.0,"Das,",O
49.0,a,O
49.0,member,O
49.0,of,O
49.0,Zila,B-ORGANIZATION
49.0,Parishad,I-ORGANIZATION
49.0,of,O
49.0,Dudhpatil,B-LOCATION
49.0,area,I-LOCATION
49.0,over,O
49.0,telephone,O
49.0,that,O
49.0,on,O
49.0,that,O
49.0,"day,",O
49.0,the,O
49.0,appellant,B-DESIGNATION
49.0,had,O
49.0,killed,O
49.0,his,O
49.0,wife,O
49.0,with,O
49.0,a,O
49.0,sharp,O
49.0,weapon,O
49.0,and,O
49.0,thrown,O
49.0,the,O
49.0,dead,O
49.0,body,O
49.0,in,O
49.0,the,O
49.0,midst,O
49.0,of,O
49.0,the,O
49.0,paddy,O
49.0,field,O
49.0,and,O
49.0,prayed,O
49.0,for,O
49.0,action.,O
49.0,On,O
49.0,the,O
49.0,basis,O
49.0,of,O
49.0,this,O
49.0,"information,",O
49.0,the,O
49.0,"In-Charge,",O
49.0,Malugram,O
49.0,T.O.P.,O
49.0,made,O
49.0,G.D.,B-CASE_NUMBER
49.0,Entry,I-CASE_NUMBER
49.0,495,I-CASE_NUMBER
49.0,dated,O
49.0,25-9-2003,B-DATE
49.0,and,O
49.0,after,O
49.0,consulting,O
49.0,with,O
49.0,the,O
49.0,"Officer-in-Charge,",B-LEGAL_ROLE
49.0,Silchar,O
49.0,Police,B-POLICE_STATION
49.0,"Station,",I-POLICE_STATION
49.0,proceeded,O
49.0,towards,O
49.0,"Chotodudhpatil,",O
49.0,Rangalal,B-LOCATION
49.0,Tilla,I-LOCATION
49.0,i.e.,O
49.0,the,O
49.0,place,O
49.0,of,O
49.0,the,O
49.0,occurrence.,O
49.0,On,O
49.0,26.9.2003,B-DATE
49.0,i.e.,O
49.0,the,O
49.0,next,O
49.0,"day,",O
49.0,Probhat,B-PERSON
49.0,Deb,I-PERSON
49.0,Nath,I-PERSON
49.0,(PW-3),O
49.0,lodged,O
49.0,a,O
49.0,formal,O
49.0,complaint,B-DOCUMENT
49.0,with,O
49.0,the,O
49.0,Malugram,O
49.0,T.O.P.,O
49.0,(Silchar,O
49.0,Police,B-POLICE_STATION
49.0,Station),I-POLICE_STATION
49.0,stating,O
49.0,therein,O
49.0,that,O
49.0,on,O
49.0,25.9.2003,B-DATE
49.0,at,O
49.0,around,O
49.0,8.45,O
49.0,P.M.,O
49.0,on,O
49.0,hearing,O
49.0,somebody,O
49.0,"shrieking,",O
49.0,he,O
49.0,along,O
49.0,with,O
49.0,Amulya,B-PERSON
49.0,Deb,I-PERSON
49.0,Nath,I-PERSON
49.0,(PW-1),O
49.0,and,O
49.0,others,O
49.0,rushed,O
49.0,to,O
49.0,the,O
49.0,place,O
49.0,of,O
49.0,occurrence,O
49.0,and,O
49.0,with,O
49.0,the,O
49.0,focus,O
49.0,of,O
49.0,a,O
49.0,torch,O
49.0,"light,",O
49.0,they,O
49.0,found,O
49.0,a,O
49.0,dead,O
49.0,body,O
49.0,lying,O
49.0,on,O
49.0,the,O
49.0,paddy,O
49.0,field.,O
49.0,They,O
49.0,also,O
49.0,found,O
49.0,the,O
49.0,appellant,B-DESIGNATION
49.0,(Dilip,O
49.0,Nath),O
49.0,standing,O
49.0,therein,O
49.0,with,O
49.0,the,O
49.0,dead,O
49.0,body,O
49.0,armed,O
49.0,with,O
49.0,a,O
49.0,sword,O
49.0,like,O
49.0,weapon,O
49.0,and,O
49.0,told,O
49.0,them,O
49.0,that,O
49.0,he,O
49.0,had,O
49.0,killed,O
49.0,his,O
49.0,wife,O
49.0,and,O
49.0,warned,O
49.0,them,O
49.0,not,O
49.0,to,O
49.0,go,O
49.0,near,O
49.0,him,O
49.0,otherwise,O
49.0,they,O
49.0,would,O
49.0,face,O
49.0,dire,O
49.0,consequence.,O
49.0,Being,O
49.0,"afraid,",O
49.0,they,O
49.0,left,O
49.0,the,O
49.0,place,O
49.0,of,O
49.0,occurrence.,O
49.0,The,O
49.0,appellant,B-DESIGNATION
49.0,then,O
49.0,fled,O
49.0,away,O
49.0,in,O
49.0,darkness.,O
49.0,On,O
49.0,receipt,O
49.0,of,O
49.0,the,O
49.0,said,O
49.0,"complaint,",B-DOCUMENT
49.0,the,O
49.0,In-Charge,O
49.0,of,O
49.0,Malugram,O
49.0,Post,O
49.0,Office,O
49.0,forwarded,O
49.0,the,O
49.0,same,O
49.0,to,O
49.0,the,O
49.0,"O/C,",B-LEGAL_ROLE
49.0,"Silchar,",O
49.0,"P.S.,",O
49.0,who,O
49.0,"accordingly,",O
49.0,registered,O
49.0,a,O
49.0,regular,O
49.0,case,B-CASE_NUMBER
49.0,being,O
49.0,Silchar,O
49.0,P.S.,O
49.0,Case,B-CASE_NUMBER
49.0,No.1162/03,I-CASE_NUMBER
49.0,under,O
49.0,Section,B-SECTION
49.0,302,I-SECTION
49.0,IPC.,I-SECTION
,,O
50.0,The,B-PERSON
50.0,appellant,B-DESIGNATION
50.0,herein,O
50.0,has,O
50.0,been,O
50.0,convicted,O
50.0,under,O
50.0,Section,B-SECTION
50.0,302,I-SECTION
50.0,of,I-SECTION
50.0,the,I-SECTION
50.0,Indian,I-SECTION
50.0,Penal,I-SECTION
50.0,Code,I-SECTION
50.0,vide,I-SECTION
50.0,judgment,B-DOCUMENT
50.0,dated,B-SECTION
50.0,11.2.2010,B-DATE
50.0,passed,B-SECTION
50.0,by,I-SECTION
50.0,the,I-SECTION
50.0,learned,I-SECTION
50.0,Addl.,I-SECTION
50.0,Sessions,I-SECTION
50.0,Judge,B-DESIGNATION
50.0,"(FTC),",B-SECTION
50.0,Biswanath,I-SECTION
50.0,Chariali,I-SECTION
50.0,in,I-SECTION
50.0,Sessions,I-SECTION
50.0,Case,B-CASE_NUMBER
50.0,No.,I-CASE_NUMBER
50.0,195,I-CASE_NUMBER
50.0,of,B-SECTION
50.0,2006.,I-SECTION
50.0,After,I-SECTION
50.0,convicting,I-SECTION
50.0,the,I-SECTION
50.0,appellant,B-DESIGNATION
50.0,for,B-SECTION
50.0,the,I-SECTION
50.0,offence,I-SECTION
50.0,of,I-SECTION
50.0,murder,I-SECTION
50.0,he,I-SECTION
50.0,has,I-SECTION
50.0,been,I-SECTION
50.0,sentenced,I-SECTION
50.0,to,I-SECTION
50.0,undergo,I-SECTION
50.0,imprisonment,I-SECTION
50.0,for,I-SECTION
50.0,life,I-SECTION
50.0,and,I-SECTION
50.0,to,I-SECTION
50.0,pay,I-SECTION
50.0,fine,I-SECTION
50.0,of,I-SECTION
50.0,Rs.,I-SECTION
50.0,"1,000/-",I-SECTION
50.0,with,I-SECTION
50.0,default,I-SECTION
50.0,stipulation,I-SECTION
50.0,of,I-SECTION
50.0,further,I-SECTION
50.0,Simple,I-SECTION
50.0,Imprisonment,I-SECTION
50.0,for,I-SECTION
50.0,three,I-SECTION
50.0,months.,I-SECTION
50.0,Being,I-SECTION
50.0,aggrieved,I-SECTION
50.0,with,I-SECTION
50.0,the,I-SECTION
50.0,conviction,I-SECTION
50.0,the,I-SECTION
50.0,accused,B-DESIGNATION
50.0,has,B-SECTION
50.0,preferred,I-SECTION
50.0,this,I-SECTION
50.0,appeal,B-DOCUMENT
50.0,from,B-SECTION
50.0,jail.,I-SECTION
50.0,Heard,I-SECTION
50.0,Mr.,I-SECTION
50.0,R.,I-SECTION
50.0,"De,",I-SECTION
50.0,learned,I-SECTION
50.0,Amicus,I-SECTION
50.0,Curiae,I-SECTION
50.0,for,I-SECTION
50.0,the,I-SECTION
50.0,appellant,B-DESIGNATION
50.0,and,B-SECTION
50.0,Mrs.,I-SECTION
50.0,B.,I-SECTION
50.0,"Bhuyan,",I-SECTION
50.0,learned,I-SECTION
50.0,Addl.,I-SECTION
50.0,"PP,",I-SECTION
50.0,Assam.,I-SECTION
50.0,Also,I-SECTION
50.0,gone,I-SECTION
50.0,through,I-SECTION
50.0,the,I-SECTION
50.0,impugned,I-SECTION
50.0,judgment,B-DOCUMENT
50.0,and,B-SECTION
50.0,the,I-SECTION
50.0,evidence,I-SECTION
50.0,of,I-SECTION
50.0,both,I-SECTION
50.0,the,I-SECTION
50.0,parties,I-SECTION
50.0,tendered,I-SECTION
50.0,in,I-SECTION
50.0,the,I-SECTION
50.0,trial,I-SECTION
50.0,court.,I-SECTION
,,O
51.0,The,O
51.0,petitioner's,O
51.0,height,O
51.0,is,O
51.0,165.5,O
51.0,c.ms.,O
51.0,and,O
51.0,the,O
51.0,issue,O
51.0,is,O
51.0,whether,O
51.0,he,O
51.0,is,O
51.0,entitled,O
51.0,to,O
51.0,relaxation,O
51.0,of,O
51.0,the,O
51.0,height,O
51.0,requirement,O
51.0,meant,O
51.0,for,O
51.0,Hill,O
51.0,area/Tribal,O
51.0,"candidates,",O
51.0,which,O
51.0,prescribes,O
51.0,a,O
51.0,lower,O
51.0,height,O
51.0,standard,O
51.0,of,O
51.0,165,O
51.0,c.ms.,O
51.0,instead,O
51.0,of,O
51.0,the,O
51.0,required,O
51.0,height,O
51.0,of,O
51.0,170,O
51.0,c.ms.,O
51.0,The,B-PERSON
51.0,petitioner,B-DESIGNATION
51.0,contends,O
51.0,that,O
51.0,he,O
51.0,belongs,O
51.0,to,O
51.0,More,B-ORGANIZATION
51.0,Other,I-ORGANIZATION
51.0,Backward,I-ORGANIZATION
51.0,Community,I-ORGANIZATION
51.0,(MOBC),O
51.0,of,O
51.0,Hailakandi,B-LOCATION
51.0,district,I-LOCATION
51.0,of,O
51.0,Assam,B-LOCATION
51.0,and,O
51.0,was,O
51.0,given,O
51.0,an,O
51.0,offer,O
51.0,of,O
51.0,appointment,O
51.0,despite,O
51.0,recording,O
51.0,his,O
51.0,height,O
51.0,as,O
51.0,165.5,O
51.0,c.ms.,O
51.0,The,O
51.0,respondents,B-ORGANIZATION
51.0,argue,O
51.0,that,O
51.0,the,B-PERSON
51.0,petitioner,B-DESIGNATION
51.0,belongs,O
51.0,to,O
51.0,the,O
51.0,Tea,B-ORGANIZATION
51.0,Garden,I-ORGANIZATION
51.0,Labour,I-ORGANIZATION
51.0,community,I-ORGANIZATION
51.0,and,O
51.0,is,O
51.0,a,O
51.0,permanent,O
51.0,resident,O
51.0,of,O
51.0,"Assam,",O
51.0,so,O
51.0,he,O
51.0,cannot,O
51.0,be,O
51.0,considered,O
51.0,a,O
51.0,candidate,O
51.0,from,O
51.0,the,O
51.0,Hill,B-LOCATION
51.0,area,I-LOCATION
51.0,or,O
51.0,Tribal,O
51.0,category,O
51.0,eligible,O
51.0,for,O
51.0,height,O
51.0,relaxation.,O
51.0,Since,O
51.0,all,O
51.0,candidates,O
51.0,are,O
51.0,required,O
51.0,to,O
51.0,possess,O
51.0,the,O
51.0,minimum,O
51.0,height,O
51.0,of,O
51.0,170,O
51.0,c.ms.,O
51.0,and,O
51.0,the,O
51.0,petitioner,B-DESIGNATION
51.0,does,O
51.0,not,O
51.0,meet,O
51.0,this,O
51.0,"standard,",O
51.0,he,O
51.0,cannot,O
51.0,be,O
51.0,appointed,O
51.0,as,O
51.0,a,O
51.0,CRPF,O
51.0,Constable.,O
,,O
52.0,The,O
52.0,Criminal,B-CASE_NUMBER
52.0,Appeal,B-DOCUMENT
52.0,No.,B-CASE_NUMBER
52.0,32,I-CASE_NUMBER
52.0,(J),I-CASE_NUMBER
52.0,of,I-CASE_NUMBER
52.0,2010,I-CASE_NUMBER
52.0,has,O
52.0,been,O
52.0,filed,O
52.0,from,O
52.0,the,O
52.0,jail,O
52.0,and,O
52.0,Criminal,B-CASE_NUMBER
52.0,Appeal,B-DOCUMENT
52.0,No.,B-CASE_NUMBER
52.0,127,I-CASE_NUMBER
52.0,of,I-CASE_NUMBER
52.0,2010,I-CASE_NUMBER
52.0,was,O
52.0,subsequently,O
52.0,filed,O
52.0,by,O
52.0,the,O
52.0,"convict,",O
52.0,engaging,O
52.0,his,O
52.0,personal,O
52.0,counsel.,O
52.0,We,O
52.0,have,O
52.0,heard,O
52.0,Mrs.,O
52.0,S.,O
52.0,"Roy,",O
52.0,learned,O
52.0,Amicus,O
52.0,Curia,O
52.0,and,O
52.0,Mr.,O
52.0,AR,O
52.0,"Sikdar,",O
52.0,learned,O
52.0,counsel,O
52.0,for,O
52.0,the,O
52.0,appellant,B-DESIGNATION
52.0,and,O
52.0,Ms.,O
52.0,B.,O
52.0,"Bhuyan,",O
52.0,learned,O
52.0,Addl.,O
52.0,PP.,O
52.0,Assam.,O
52.0,We,O
52.0,have,O
52.0,also,O
52.0,gone,O
52.0,through,O
52.0,the,O
52.0,impugned,O
52.0,judgment,B-DOCUMENT
52.0,and,O
52.0,evidence,O
52.0,on,O
52.0,record.,O
52.0,The,O
52.0,appeals,O
52.0,are,O
52.0,directed,O
52.0,against,O
52.0,the,O
52.0,judgment,B-DOCUMENT
52.0,dated,O
52.0,11.2.2010,B-DATE
52.0,passed,O
52.0,by,O
52.0,the,O
52.0,learned,O
52.0,Sessions,O
52.0,"Judge,",B-LEGAL_ROLE
52.0,"Cachar,",O
52.0,Silchar,O
52.0,in,O
52.0,Sessions,O
52.0,Case,B-CASE_NUMBER
52.0,No.,I-CASE_NUMBER
52.0,16,I-CASE_NUMBER
52.0,of,O
52.0,2007.,O
52.0,By,O
52.0,the,O
52.0,impugned,O
52.0,judgment,B-DOCUMENT
52.0,the,O
52.0,appellant,B-DESIGNATION
52.0,has,O
52.0,been,O
52.0,convicted,O
52.0,under,O
52.0,Section,B-SECTION
52.0,302,I-SECTION
52.0,of,I-SECTION
52.0,the,I-SECTION
52.0,Indian,I-SECTION
52.0,Penal,I-SECTION
52.0,Code,I-SECTION
52.0,and,I-SECTION
52.0,he,I-SECTION
52.0,has,I-SECTION
52.0,been,I-SECTION
52.0,sentenced,I-SECTION
52.0,to,I-SECTION
52.0,undergo,I-SECTION
52.0,imprisonment,I-SECTION
52.0,for,I-SECTION
52.0,life,I-SECTION
52.0,and,I-SECTION
52.0,also,I-SECTION
52.0,to,I-SECTION
52.0,pay,I-SECTION
52.0,fine,I-SECTION
52.0,of,I-SECTION
52.0,Rs.,I-SECTION
52.0,"5,000/-",I-SECTION
52.0,with,I-SECTION
52.0,default,I-SECTION
52.0,stipulation,I-SECTION
52.0,of,I-SECTION
52.0,further,I-SECTION
52.0,Rigorous,I-SECTION
52.0,Imprisonment,I-SECTION
52.0,for,I-SECTION
52.0,two,I-SECTION
52.0,months.,I-SECTION
,,O
53.0,The,O
53.0,facts,O
53.0,of,O
53.0,the,O
53.0,case,B-CASE_NUMBER
53.0,as,O
53.0,projected,O
53.0,by,O
53.0,the,O
53.0,prosecution,O
53.0,is,O
53.0,that,O
53.0,on,O
53.0,"02.09.06,",B-DATE
53.0,one,O
53.0,Md.,B-PERSON
53.0,Mazibur,I-PERSON
53.0,Rahman,I-PERSON
53.0,lodged,O
53.0,an,O
53.0,FIR,B-DOCUMENT
53.0,at,O
53.0,Doolahat,B-POLICE_STATION
53.0,Police,I-POLICE_STATION
53.0,Out-Post,I-POLICE_STATION
53.0,alleging,O
53.0,that,O
53.0,on,O
53.0,09.09.06,B-DATE
53.0,at,O
53.0,about,O
53.0,5.30-6.00,O
53.0,"P.M.,",O
53.0,while,O
53.0,his,O
53.0,"father,",O
53.0,namely,O
53.0,Abdul,O
53.0,"Mannan,",O
53.0,was,O
53.0,returning,O
53.0,from,O
53.0,Borsola,B-LOCATION
53.0,market,I-LOCATION
53.0,to,O
53.0,his,O
53.0,residence,B-LOCATION
53.0,on,O
53.0,his,O
53.0,"bicycle,",O
53.0,the,O
53.0,"appellant,",B-LEGAL_ROLE
53.0,who,O
53.0,is,O
53.0,none,O
53.0,other,O
53.0,than,O
53.0,his,O
53.0,own,O
53.0,"son-in-law,",O
53.0,attacked,O
53.0,him,O
53.0,by,O
53.0,causing,O
53.0,several,O
53.0,injuries,O
53.0,upon,O
53.0,him,O
53.0,with,O
53.0,sharp,O
53.0,weapon,O
53.0,for,O
53.0,not,O
53.0,providing,O
53.0,him,O
53.0,with,O
53.0,rice,O
53.0,and,O
53.0,money.,O
53.0,The,O
53.0,"police,",O
53.0,"thereafter,",O
53.0,registered,O
53.0,a,O
53.0,regular,O
53.0,case,B-CASE_NUMBER
53.0,being,O
53.0,Laluk,O
53.0,PS,O
53.0,Case,B-CASE_NUMBER
53.0,No.,I-CASE_NUMBER
53.0,"112/06,",I-CASE_NUMBER
53.0,under,O
53.0,Section,B-SECTION
53.0,302,I-SECTION
53.0,IPC,B-LAW
53.0,and,B-SECTION
53.0,investigated,I-SECTION
53.0,into,I-SECTION
53.0,the,I-SECTION
53.0,case.,I-SECTION
53.0,The,I-SECTION
53.0,police,I-SECTION
53.0,conducted,I-SECTION
53.0,inquest,I-SECTION
53.0,over,I-SECTION
53.0,the,I-SECTION
53.0,dead,I-SECTION
53.0,body,I-SECTION
53.0,of,I-SECTION
53.0,the,I-SECTION
53.0,deceased,I-SECTION
53.0,and,I-SECTION
53.0,sent,I-SECTION
53.0,the,I-SECTION
53.0,dead,I-SECTION
53.0,body,I-SECTION
53.0,for,I-SECTION
53.0,post-mortem,I-SECTION
53.0,examination.,I-SECTION
53.0,The,I-SECTION
53.0,appellant,B-DESIGNATION
53.0,was,B-SECTION
53.0,subsequently,I-SECTION
53.0,taken,I-SECTION
53.0,into,I-SECTION
53.0,the,I-SECTION
53.0,custody,I-SECTION
53.0,and,I-SECTION
53.0,the,I-SECTION
53.0,weapon,I-SECTION
53.0,i.e.,I-SECTION
53.0,dao,I-SECTION
53.0,was,I-SECTION
53.0,recovered,I-SECTION
53.0,at,I-SECTION
53.0,his,I-SECTION
53.0,instance,I-SECTION
53.0,near,I-SECTION
53.0,the,I-SECTION
53.0,place,I-SECTION
53.0,of,I-SECTION
53.0,occurrence,I-SECTION
53.0,preparing,I-SECTION
53.0,a,I-SECTION
53.0,seizure,I-SECTION
53.0,memo.,I-SECTION
,,O
54.0,This,O
54.0,appeal,B-DOCUMENT
54.0,is,O
54.0,directed,O
54.0,against,O
54.0,the,O
54.0,Judgment,B-DOCUMENT
54.0,and,I-DOCUMENT
54.0,Order,I-DOCUMENT
54.0,dated,O
54.0,05.02.2008,B-DATE
54.0,passed,O
54.0,by,O
54.0,the,O
54.0,learned,O
54.0,Sessions,O
54.0,"Judge,",B-LEGAL_ROLE
54.0,"Darrang,",O
54.0,"Mangaldoi,",O
54.0,in,O
54.0,Sessions,B-CASE_NUMBER
54.0,Case,B-CASE_NUMBER
54.0,No.,I-CASE_NUMBER
54.0,33(DM-3)/97,I-CASE_NUMBER
54.0,whereby,O
54.0,and,O
54.0,whereunder,O
54.0,the,O
54.0,accused,B-DESIGNATION
54.0,appellant,B-DESIGNATION
54.0,was,O
54.0,convicted,O
54.0,under,O
54.0,Section,B-SECTION
54.0,366/376,I-SECTION
54.0,IPC,B-LAW
54.0,and,B-SECTION
54.0,sentenced,I-SECTION
54.0,to,I-SECTION
54.0,suffer,I-SECTION
54.0,Rigorous,I-SECTION
54.0,Imprisonment,I-SECTION
54.0,(RI),I-SECTION
54.0,for,I-SECTION
54.0,five,I-SECTION
54.0,(5),I-SECTION
54.0,years,I-SECTION
54.0,and,I-SECTION
54.0,to,I-SECTION
54.0,pay,I-SECTION
54.0,a,I-SECTION
54.0,fine,I-SECTION
54.0,of,I-SECTION
54.0,Rs.,I-SECTION
54.0,"5,000/-(",I-SECTION
54.0,Rupees,I-SECTION
54.0,five,I-SECTION
54.0,"thousand),",I-SECTION
54.0,in,I-SECTION
54.0,"default,",I-SECTION
54.0,further,I-SECTION
54.0,RI,I-SECTION
54.0,for,I-SECTION
54.0,six,I-SECTION
54.0,(6),I-SECTION
54.0,months,I-SECTION
54.0,with,I-SECTION
54.0,direction,I-SECTION
54.0,to,I-SECTION
54.0,pay,I-SECTION
54.0,the,I-SECTION
54.0,fine,I-SECTION
54.0,"amount,",I-SECTION
54.0,if,I-SECTION
54.0,"realized,",I-SECTION
54.0,to,I-SECTION
54.0,the,I-SECTION
54.0,victim,I-SECTION
54.0,as,I-SECTION
54.0,compensation.,I-SECTION
,,O
55.0,On,O
55.0,"25.04.2007,",B-DATE
55.0,at,O
55.0,about,O
55.0,3,O
55.0,"pm,",O
55.0,Anup,B-PERSON
55.0,Deori,I-PERSON
55.0,@,O
55.0,Tel,O
55.0,Deori,O
55.0,(PW2),O
55.0,and,O
55.0,Hiteswar,B-PERSON
55.0,Deori,I-PERSON
55.0,"(PW4),",O
55.0,accompanied,O
55.0,by,O
55.0,Raju,B-PERSON
55.0,Deori,I-PERSON
55.0,(since,O
55.0,"deceased),",O
55.0,went,O
55.0,to,O
55.0,Kareng,B-LOCATION
55.0,Chapori,I-LOCATION
55.0,"(i.e.,",O
55.0,a,O
55.0,plot,O
55.0,of,O
55.0,land,O
55.0,surrounded,O
55.0,by,O
55.0,marshy,O
55.0,land,O
55.0,or,O
55.0,water,O
55.0,"bodies),",O
55.0,in,O
55.0,search,O
55.0,of,O
55.0,a,O
55.0,missing,O
55.0,buffalo,O
55.0,belonging,O
55.0,to,O
55.0,one,O
55.0,Dibya,O
55.0,Deori.,O
55.0,Having,O
55.0,found,O
55.0,the,O
55.0,"buffalo,",O
55.0,as,O
55.0,the,O
55.0,three,O
55.0,boys,O
55.0,felt,O
55.0,"thirsty,",O
55.0,they,O
55.0,went,O
55.0,to,O
55.0,the,O
55.0,khuti,O
55.0,"(i.e.,",O
55.0,a,O
55.0,place,O
55.0,where,O
55.0,buffalos,O
55.0,are,O
55.0,herded,O
55.0,and,O
55.0,kept,O
55.0,together,O
55.0,at,O
55.0,night),O
55.0,belonging,O
55.0,to,O
55.0,Dibya,O
55.0,"Deori,",O
55.0,at,O
55.0,Kareng,O
55.0,"Chapori,",O
55.0,to,O
55.0,quench,O
55.0,their,O
55.0,thirst.,O
55.0,At,O
55.0,that,O
55.0,"time,",O
55.0,they,O
55.0,noticed,O
55.0,accused,B-DESIGNATION
55.0,Indreswar,B-PERSON
55.0,Deori,I-PERSON
55.0,"(i.e.,",O
55.0,the,O
55.0,accused-appellant),O
55.0,sleeping,O
55.0,inside,O
55.0,a,O
55.0,"hut,",O
55.0,located,O
55.0,at,O
55.0,the,O
55.0,said,O
55.0,khuti.,O
55.0,On,O
55.0,having,O
55.0,drunk,O
55.0,"water,",O
55.0,at,O
55.0,the,O
55.0,said,O
55.0,"khuti,",O
55.0,when,O
55.0,the,O
55.0,said,O
55.0,three,O
55.0,boys,O
55.0,were,O
55.0,coming,O
55.0,"out,",O
55.0,the,O
55.0,accused,B-DESIGNATION
55.0,woke,O
55.0,"up,",O
55.0,rushed,O
55.0,to,O
55.0,the,O
55.0,boys,O
55.0,"and,",O
55.0,saying,O
55.0,"'stop,",O
55.0,"stop',",O
55.0,and,O
55.0,dealt,O
55.0,a,O
55.0,"blow,",O
55.0,on,O
55.0,the,O
55.0,neck,O
55.0,of,O
55.0,"Raju,",O
55.0,with,O
55.0,a,O
55.0,dao.,O
55.0,At,O
55.0,the,O
55.0,"time,",O
55.0,when,O
55.0,the,O
55.0,accused,B-DESIGNATION
55.0,so,O
55.0,gave,O
55.0,blow,O
55.0,on,O
55.0,the,O
55.0,neck,O
55.0,of,O
55.0,"Raju,",O
55.0,Raju,O
55.0,was,O
55.0,behind,O
55.0,PW2,B-PERSON
55.0,and,O
55.0,PW4.,O
55.0,Having,O
55.0,heard,O
55.0,the,O
55.0,accused,B-DESIGNATION
55.0,"saying,",O
55.0,"'stop,",O
55.0,"stop',",O
55.0,when,O
55.0,PW2,O
55.0,and,O
55.0,PW4,B-PERSON
55.0,turned,O
55.0,"back,",O
55.0,they,O
55.0,saw,O
55.0,accused,B-DESIGNATION
55.0,dealing,O
55.0,blow,O
55.0,on,O
55.0,the,O
55.0,neck,O
55.0,of,O
55.0,Raju.,O
,,O
56.0,During,O
56.0,"investigation,",O
56.0,police,B-ORGANIZATION
56.0,apprehended,O
56.0,the,O
56.0,"accused,",B-LEGAL_ROLE
56.0,while,O
56.0,he,O
56.0,was,O
56.0,still,O
56.0,carrying,O
56.0,the,O
56.0,axe,O
56.0,in,O
56.0,his,O
56.0,hand,O
56.0,and,O
56.0,the,O
56.0,said,O
56.0,axe,O
56.0,was,O
56.0,seized,O
56.0,by,O
56.0,Seizure,O
56.0,List,O
56.0,"(Ext.4),",O
56.0,Mat.,O
56.0,Ext.,O
56.0,1,O
56.0,being,O
56.0,the,O
56.0,seized,O
56.0,axe.,O
56.0,Later,O
56.0,"on,",O
56.0,an,O
56.0,Ejahar,O
56.0,was,O
56.0,formally,O
56.0,lodged,O
56.0,by,O
56.0,Anjan,B-PERSON
56.0,Saikia,I-PERSON
56.0,"(PW1),",O
56.0,brother,O
56.0,of,O
56.0,the,O
56.0,said,O
56.0,deceased,O
56.0,"Tralokya,",O
56.0,at,O
56.0,Digboi,B-POLICE_STATION
56.0,Police,B-POLICE_STATION
56.0,Station,I-POLICE_STATION
56.0,"and,",O
56.0,treating,O
56.0,the,O
56.0,said,O
56.0,Ejahar,O
56.0,as,O
56.0,First,O
56.0,Information,O
56.0,Report,O
56.0,(in,O
56.0,"short,",O
56.0,"FIR),",B-DOCUMENT
56.0,Digboi,O
56.0,Police,B-POLICE_STATION
56.0,Station,I-POLICE_STATION
56.0,Case,B-CASE_NUMBER
56.0,"No.107/2008,",I-CASE_NUMBER
56.0,under,O
56.0,Section,B-SECTION
56.0,302,I-SECTION
56.0,"IPC,",I-SECTION
56.0,was,I-SECTION
56.0,registered,I-SECTION
56.0,against,I-SECTION
56.0,the,I-SECTION
56.0,accused.,I-SECTION
56.0,On,I-SECTION
56.0,completion,I-SECTION
56.0,of,I-SECTION
56.0,"investigation,",I-SECTION
56.0,police,I-SECTION
56.0,laid,I-SECTION
56.0,"charge-sheet,",I-SECTION
56.0,under,I-SECTION
56.0,Section,B-SECTION
56.0,302,I-SECTION
56.0,"IPC,",I-SECTION
56.0,against,I-SECTION
56.0,the,I-SECTION
56.0,accused.,I-SECTION
,,O
57.0,The,O
57.0,prosecution,O
57.0,case,B-CASE_NUMBER
57.0,in,O
57.0,brief,O
57.0,is,O
57.0,that,O
57.0,one,O
57.0,Jadu,B-PERSON
57.0,Tanti,I-PERSON
57.0,lodged,O
57.0,an,O
57.0,FIR,B-DOCUMENT
57.0,at,O
57.0,Namtola,B-POLICE_STATION
57.0,Police,I-POLICE_STATION
57.0,Out,I-POLICE_STATION
57.0,Post,I-POLICE_STATION
57.0,on,O
57.0,10.01.2006,B-DATE
57.0,"alleging,",O
57.0,inter,O
57.0,"alia,",O
57.0,that,O
57.0,on,O
57.0,09.01.2006,B-DATE
57.0,at,O
57.0,about,O
57.0,7.30,O
57.0,"P.M.,",O
57.0,an,O
57.0,altercation,O
57.0,took,O
57.0,place,O
57.0,between,O
57.0,the,O
57.0,accused,B-DESIGNATION
57.0,Jaganath,B-PERSON
57.0,Tanti,I-PERSON
57.0,and,O
57.0,his,O
57.0,brother,O
57.0,Chinta,B-PERSON
57.0,Tanti,I-PERSON
57.0,@,O
57.0,Ananda,O
57.0,Tanti,O
57.0,in,O
57.0,the,O
57.0,house,O
57.0,of,O
57.0,Sambaru,B-PERSON
57.0,Tanti,I-PERSON
57.0,wherein,O
57.0,the,O
57.0,accused,B-DESIGNATION
57.0,assaulted,O
57.0,Chinta,O
57.0,Tanti,O
57.0,with,O
57.0,a,O
57.0,dao,O
57.0,causing,O
57.0,injuries,O
57.0,on,O
57.0,his,O
57.0,person.,O
57.0,"Immediately,",O
57.0,Chinta,O
57.0,Tanti,O
57.0,was,O
57.0,taken,O
57.0,to,O
57.0,Sonari,O
57.0,Hospital,O
57.0,wherefrom,O
57.0,he,O
57.0,was,O
57.0,referred,O
57.0,to,O
57.0,Assam,O
57.0,Medical,O
57.0,College,O
57.0,and,O
57.0,"Hospital,",O
57.0,(AMCH,O
57.0,for,O
57.0,short),O
57.0,"Dibrugarh,",O
57.0,where,O
57.0,the,O
57.0,Doctor,O
57.0,declared,O
57.0,him,O
57.0,dead.,O
57.0,After,O
57.0,holding,O
57.0,post,O
57.0,mortem,O
57.0,"examination,",O
57.0,the,O
57.0,dead,O
57.0,body,O
57.0,was,O
57.0,handed,O
57.0,over,O
57.0,to,O
57.0,him.,O
,,O
58.0,By,O
58.0,judgment,B-DOCUMENT
58.0,and,O
58.0,"order,",B-DOCUMENT
58.0,dated,O
58.0,"31.07.2009,",B-DATE
58.0,"passed,",O
58.0,in,O
58.0,Sessions,O
58.0,Case,B-CASE_NUMBER
58.0,No.,I-CASE_NUMBER
58.0,16,I-CASE_NUMBER
58.0,of,O
58.0,"2007,",O
58.0,by,O
58.0,the,O
58.0,learned,O
58.0,Sessions,O
58.0,"Judge,",B-LEGAL_ROLE
58.0,"Kokrajhar,",O
58.0,the,O
58.0,accused,B-DESIGNATION
58.0,"appellant,",B-LEGAL_ROLE
58.0,Kartik,O
58.0,Chandra,O
58.0,"Singh,",O
58.0,stands,O
58.0,convicted,O
58.0,under,O
58.0,Sections,B-SECTION
58.0,302,I-SECTION
58.0,and,I-SECTION
58.0,325,I-SECTION
58.0,IPC,B-LAW
58.0,and,B-SECTION
58.0,sentenced,I-SECTION
58.0,to,I-SECTION
58.0,"suffer,",I-SECTION
58.0,for,I-SECTION
58.0,his,I-SECTION
58.0,"conviction,",I-SECTION
58.0,under,I-SECTION
58.0,Section,B-SECTION
58.0,302,I-SECTION
58.0,"IPC,",I-SECTION
58.0,imprisonment,I-SECTION
58.0,for,I-SECTION
58.0,life,I-SECTION
58.0,and,I-SECTION
58.0,pay,I-SECTION
58.0,fine,I-SECTION
58.0,of,I-SECTION
58.0,"Rs.5,000/-",I-SECTION
58.0,"and,",I-SECTION
58.0,in,I-SECTION
58.0,default,I-SECTION
58.0,of,I-SECTION
58.0,payment,I-SECTION
58.0,of,I-SECTION
58.0,"fine,",I-SECTION
58.0,suffer,I-SECTION
58.0,rigorous,I-SECTION
58.0,imprisonment,I-SECTION
58.0,for,I-SECTION
58.0,a,I-SECTION
58.0,period,I-SECTION
58.0,of,I-SECTION
58.0,one,I-SECTION
58.0,year,I-SECTION
58.0,and,I-SECTION
58.0,also,I-SECTION
58.0,to,I-SECTION
58.0,"suffer,",I-SECTION
58.0,for,I-SECTION
58.0,his,I-SECTION
58.0,conviction,I-SECTION
58.0,under,I-SECTION
58.0,Section,B-SECTION
58.0,325,I-SECTION
58.0,"IPC,",I-SECTION
58.0,rigorous,I-SECTION
58.0,imprisonment,I-SECTION
58.0,for,I-SECTION
58.0,three,I-SECTION
58.0,years,I-SECTION
58.0,and,I-SECTION
58.0,pay,I-SECTION
58.0,fine,I-SECTION
58.0,of,I-SECTION
58.0,"Rs.1,000/-",I-SECTION
58.0,"and,",I-SECTION
58.0,in,I-SECTION
58.0,default,I-SECTION
58.0,of,I-SECTION
58.0,payment,I-SECTION
58.0,of,I-SECTION
58.0,"fine,",I-SECTION
58.0,suffer,I-SECTION
58.0,rigorous,I-SECTION
58.0,imprisonment,I-SECTION
58.0,for,I-SECTION
58.0,a,I-SECTION
58.0,period,I-SECTION
58.0,of,I-SECTION
58.0,three,I-SECTION
58.0,"months,",I-SECTION
58.0,both,I-SECTION
58.0,the,I-SECTION
58.0,sentences,I-SECTION
58.0,having,I-SECTION
58.0,been,I-SECTION
58.0,directed,I-SECTION
58.0,to,I-SECTION
58.0,run,I-SECTION
58.0,concurrently.,I-SECTION
,,O
59.0,On,O
59.0,"22-01-2006,",B-DATE
59.0,Bhadra,B-PERSON
59.0,Lakra,I-PERSON
59.0,came,O
59.0,"home,",O
59.0,as,O
59.0,"usual,",O
59.0,in,O
59.0,drunken,O
59.0,state,O
59.0,and,O
59.0,started,O
59.0,beating,O
59.0,his,O
59.0,"wife,",O
59.0,"i.e.,",O
59.0,the,O
59.0,accused.,B-LEGAL_ROLE
59.0,As,O
59.0,a,O
59.0,result,O
59.0,of,O
59.0,the,O
59.0,"beating,",O
59.0,the,B-PERSON
59.0,accused,B-DESIGNATION
59.0,sustained,O
59.0,injuries,O
59.0,on,O
59.0,her,O
59.0,head,O
59.0,and,O
59.0,also,O
59.0,on,O
59.0,her,O
59.0,eyes.,O
59.0,Failing,O
59.0,to,O
59.0,"bear,",O
59.0,any,O
59.0,"longer,",O
59.0,the,O
59.0,regular,O
59.0,beating,O
59.0,at,O
59.0,the,O
59.0,hands,O
59.0,of,O
59.0,her,O
59.0,"husband,",O
59.0,the,O
59.0,accused,B-DESIGNATION
59.0,snatched,O
59.0,away,O
59.0,the,O
59.0,piece,O
59.0,of,O
59.0,wood,O
59.0,with,O
59.0,which,O
59.0,the,O
59.0,accused,B-DESIGNATION
59.0,was,O
59.0,beating,O
59.0,"her,",O
59.0,"and,",O
59.0,by,O
59.0,means,O
59.0,of,O
59.0,the,O
59.0,said,O
59.0,piece,O
59.0,of,O
59.0,"wood,",O
59.0,the,O
59.0,accused,B-DESIGNATION
59.0,hit,O
59.0,her,O
59.0,husband,O
59.0,on,O
59.0,his,O
59.0,"legs,",O
59.0,"head,",O
59.0,"neck,",O
59.0,chest,O
59.0,and,O
59.0,the,O
59.0,abdominal,O
59.0,area.,O
59.0,As,O
59.0,the,O
59.0,husband,O
59.0,of,O
59.0,the,O
59.0,accused,B-DESIGNATION
59.0,was,O
59.0,"drunk,",O
59.0,he,O
59.0,could,O
59.0,not,O
59.0,get,O
59.0,up,O
59.0,on,O
59.0,being,O
59.0,so,O
59.0,assaulted,O
59.0,by,O
59.0,his,O
59.0,wife,O
59.0,"and,",O
59.0,by,O
59.0,5.00,O
59.0,"a.m.,",O
59.0,on,O
59.0,"23-01-2006,",B-DATE
59.0,he,O
59.0,succumbed,O
59.0,to,O
59.0,his,O
59.0,injuries.,O
,,O
60.0,On,O
60.0,completion,O
60.0,of,O
60.0,the,O
60.0,investigation,O
60.0,the,O
60.0,police,B-ORGANIZATION
60.0,submitted,O
60.0,the,O
60.0,charge-sheet,B-DOCUMENT
60.0,against,O
60.0,these,O
60.0,four,O
60.0,appellants,B-PERSON
60.0,under,O
60.0,Section,B-SECTION
60.0,341/302/34,I-SECTION
60.0,IPC,B-LAW
60.0,while,B-SECTION
60.0,the,I-SECTION
60.0,remaining,I-SECTION
60.0,five,I-SECTION
60.0,FIR,B-DOCUMENT
60.0,named,B-SECTION
60.0,persons,I-SECTION
60.0,were,I-SECTION
60.0,discharged,I-SECTION
60.0,from,I-SECTION
60.0,the,I-SECTION
60.0,case,B-CASE_NUMBER
60.0,due,B-SECTION
60.0,to,I-SECTION
60.0,lack,I-SECTION
60.0,of,I-SECTION
60.0,sufficient,I-SECTION
60.0,evidence.,I-SECTION
60.0,The,I-SECTION
60.0,learned,I-SECTION
60.0,Additional,I-SECTION
60.0,Sessions,I-SECTION
60.0,"Judge,",I-SECTION
60.0,thereafter,I-SECTION
60.0,framed,I-SECTION
60.0,a,I-SECTION
60.0,charge,B-DOCUMENT
60.0,against,B-SECTION
60.0,the,I-SECTION
60.0,appellants,I-SECTION
60.0,under,I-SECTION
60.0,Section,B-SECTION
60.0,341/302/34,I-SECTION
60.0,IPC,B-LAW
60.0,to,B-SECTION
60.0,which,I-SECTION
60.0,they,I-SECTION
60.0,pleaded,I-SECTION
60.0,not,I-SECTION
60.0,guilty,I-SECTION
60.0,and,I-SECTION
60.0,claimed,I-SECTION
60.0,to,I-SECTION
60.0,be,I-SECTION
60.0,tried.,I-SECTION
60.0,In,I-SECTION
60.0,the,I-SECTION
60.0,course,I-SECTION
60.0,of,I-SECTION
60.0,"trial,",I-SECTION
60.0,the,I-SECTION
60.0,prosecution,I-SECTION
60.0,examined,I-SECTION
60.0,as,I-SECTION
60.0,many,I-SECTION
60.0,as,I-SECTION
60.0,11,I-SECTION
60.0,witnesses,I-SECTION
60.0,including,I-SECTION
60.0,the,I-SECTION
60.0,"informant,",I-SECTION
60.0,who,I-SECTION
60.0,was,I-SECTION
60.0,none,I-SECTION
60.0,other,I-SECTION
60.0,than,I-SECTION
60.0,the,I-SECTION
60.0,father,I-SECTION
60.0,of,I-SECTION
60.0,the,I-SECTION
60.0,deceased,I-SECTION
60.0,(PW-5).,I-SECTION
60.0,On,I-SECTION
60.0,the,I-SECTION
60.0,conclusion,I-SECTION
60.0,of,I-SECTION
60.0,the,I-SECTION
60.0,"trial,",I-SECTION
60.0,the,I-SECTION
60.0,appellants,I-SECTION
60.0,were,I-SECTION
60.0,examined,I-SECTION
60.0,under,I-SECTION
60.0,Section,B-SECTION
60.0,313,I-SECTION
60.0,"Cr.P.C.,",I-SECTION
60.0,whose,I-SECTION
60.0,defense,I-SECTION
60.0,was,I-SECTION
60.0,that,I-SECTION
60.0,of,I-SECTION
60.0,total,I-SECTION
60.0,"denial,",I-SECTION
60.0,but,I-SECTION
60.0,they,I-SECTION
60.0,declined,I-SECTION
60.0,to,I-SECTION
60.0,adduce,I-SECTION
60.0,evidence,I-SECTION
60.0,in,I-SECTION
60.0,their,I-SECTION
60.0,defense.,I-SECTION
60.0,After,I-SECTION
60.0,hearing,I-SECTION
60.0,both,I-SECTION
60.0,the,I-SECTION
60.0,"parties,",I-SECTION
60.0,the,I-SECTION
60.0,learned,I-SECTION
60.0,Additional,I-SECTION
60.0,Sessions,I-SECTION
60.0,Judge,B-DESIGNATION
60.0,passed,B-SECTION
60.0,the,I-SECTION
60.0,impugned,I-SECTION
60.0,judgment,B-DOCUMENT
60.0,of,B-SECTION
60.0,conviction,I-SECTION
60.0,and,I-SECTION
60.0,sentence,I-SECTION
60.0,which,I-SECTION
60.0,is,I-SECTION
60.0,now,I-SECTION
60.0,under,I-SECTION
60.0,challenge,I-SECTION
60.0,in,I-SECTION
60.0,this,I-SECTION
60.0,appeal.,I-SECTION
,,O
61.0,I,O
61.0,have,O
61.0,heard,O
61.0,Ms.,O
61.0,S,O
61.0,"Sarma,",O
61.0,learned,O
61.0,Amicus,O
61.0,Curiae,O
61.0,appearing,O
61.0,for,O
61.0,the,O
61.0,appellant.,B-LEGAL_ROLE
61.0,Also,O
61.0,heard,O
61.0,Ms.,O
61.0,B,O
61.0,"Bhuyan,",O
61.0,learned,O
61.0,Additional,O
61.0,Public,O
61.0,"Prosecutor,",O
61.0,Assam,O
61.0,for,O
61.0,the,O
61.0,State,O
61.0,respondents.,O
61.0,The,O
61.0,prosecution,O
61.0,case,B-CASE_NUMBER
61.0,in,O
61.0,brief,O
61.0,is,O
61.0,that,O
61.0,on,O
61.0,"18.09.2011,",B-DATE
61.0,one,O
61.0,Sri,B-PERSON
61.0,Prafulla,I-PERSON
61.0,Gam,I-PERSON
61.0,lodged,O
61.0,an,O
61.0,FIR,B-DOCUMENT
61.0,with,O
61.0,the,O
61.0,Gogamukh,B-POLICE_STATION
61.0,Police,B-POLICE_STATION
61.0,Station,I-POLICE_STATION
61.0,alleging,O
61.0,inter,O
61.0,"alia,",O
61.0,that,O
61.0,on,O
61.0,17.09.2011,B-DATE
61.0,the,O
61.0,accused,B-DESIGNATION
61.0,Bipul,B-PERSON
61.0,Mili,I-PERSON
61.0,kidnapped,O
61.0,his,O
61.0,minor,O
61.0,daughter,O
61.0,aged,O
61.0,about,O
61.0,13,O
61.0,years,O
61.0,and,O
61.0,on,O
61.0,the,O
61.0,following,O
61.0,day,O
61.0,"i.e.,",O
61.0,"18.09.2011,",B-DATE
61.0,the,O
61.0,victim,O
61.0,was,O
61.0,recovered,O
61.0,along,O
61.0,with,O
61.0,the,O
61.0,accused,B-DESIGNATION
61.0,from,O
61.0,the,O
61.0,house,O
61.0,of,O
61.0,a,O
61.0,person,O
61.0,of,O
61.0,Kasutali,B-LOCATION
61.0,village,I-LOCATION
61.0,wherein,O
61.0,they,O
61.0,were,O
61.0,hiding.,O
,,O
62.0,Ref:-,O
62.0,Govt.,B-DOCUMENT
62.0,letter,I-DOCUMENT
62.0,No.,I-DOCUMENT
62.0,ASE,I-DOCUMENT
62.0,-72/2013/13,I-DOCUMENT
62.0,dtd.,O
62.0,26.02.2013.,B-DATE
62.0,"Sir,",O
62.0,In,O
62.0,inviting,O
62.0,a,O
62.0,reference,O
62.0,to,O
62.0,the,O
62.0,Govt.,O
62.0,letter,O
62.0,on,O
62.0,the,O
62.0,subject,O
62.0,cited,O
62.0,"above,",O
62.0,I,O
62.0,have,O
62.0,the,O
62.0,honour,O
62.0,to,O
62.0,state,O
62.0,that,O
62.0,as,O
62.0,per,O
62.0,Assam,O
62.0,School,O
62.0,Service,O
62.0,(Govt.,O
62.0,Secondary,O
62.0,School),O
62.0,"Rules,2009,",O
62.0,the,O
62.0,name,O
62.0,of,O
62.0,Sri,O
62.0,Balay,O
62.0,Kr.,O
62.0,"Borah,",O
62.0,Subject,O
62.0,Teacher,O
62.0,(Vocational),O
62.0,in,O
62.0,Cotton,O
62.0,Collegiate,O
62.0,Govt.,O
62.0,HS,O
62.0,"School,",O
62.0,Guwahati,B-LOCATION
62.0,and,O
62.0,any,O
62.0,other,O
62.0,Subject,O
62.0,Teacher,O
62.0,of,O
62.0,Vocational,O
62.0,stream,O
62.0,working,O
62.0,in,O
62.0,different,O
62.0,Govt.,O
62.0,HS,O
62.0,Schools,O
62.0,of,O
62.0,Assam,O
62.0,are,O
62.0,not,O
62.0,included,O
62.0,in,O
62.0,the,O
62.0,Graduation,O
62.0,list,O
62.0,of,O
62.0,Subject,O
62.0,Teacher,O
62.0,as,O
62.0,they,O
62.0,are,O
62.0,not,O
62.0,included,O
62.0,in,O
62.0,the,O
62.0,Cadre,O
62.0,of,O
62.0,Assam,O
62.0,School,O
62.0,Service,O
62.0,(Jr),O
62.0,Class,O
62.0,I,O
62.0,in,O
62.0,Rule,O
62.0,3,O
62.0,of,O
62.0,the,O
62.0,Assam,O
62.0,School,O
62.0,Service,O
62.0,(Govt.,O
62.0,Secondary,O
62.0,Schools,O
62.0,")Rules,",O
62.0,2009.,O
62.0,Yours,O
62.0,"faithfully,",O
62.0,"Director,",O
62.0,Secondary,O
62.0,"Education,",O
62.0,Assam,O
62.0,"Kahilipara,",O
62.0,Guwahati,O
62.0,-19,O
,,O
63.0,The,B-PERSON
63.0,appellant,B-DESIGNATION
63.0,herein,O
63.0,stands,O
63.0,convicted,O
63.0,under,O
63.0,Section,B-SECTION
63.0,304,I-SECTION
63.0,Part-I,I-SECTION
63.0,of,I-SECTION
63.0,the,I-SECTION
63.0,Indian,I-SECTION
63.0,Penal,I-SECTION
63.0,Code,I-SECTION
63.0,vide,I-SECTION
63.0,judgment,B-DOCUMENT
63.0,dated,B-SECTION
63.0,18.9.2012,B-DATE
63.0,passed,B-SECTION
63.0,by,I-SECTION
63.0,the,I-SECTION
63.0,learned,I-SECTION
63.0,Sessions,I-SECTION
63.0,"Judge,",I-SECTION
63.0,Dhemaji,I-SECTION
63.0,in,I-SECTION
63.0,Sessions,I-SECTION
63.0,Case,B-CASE_NUMBER
63.0,No.,I-CASE_NUMBER
63.0,60(DH),I-CASE_NUMBER
63.0,of,B-SECTION
63.0,2007.,I-SECTION
63.0,After,I-SECTION
63.0,convicting,I-SECTION
63.0,the,I-SECTION
63.0,appellant,B-DESIGNATION
63.0,he,B-SECTION
63.0,has,I-SECTION
63.0,been,I-SECTION
63.0,sentenced,I-SECTION
63.0,to,I-SECTION
63.0,undergo,I-SECTION
63.0,Rigorous,I-SECTION
63.0,Imprisonment,I-SECTION
63.0,for,I-SECTION
63.0,10,I-SECTION
63.0,years,I-SECTION
63.0,and,I-SECTION
63.0,also,I-SECTION
63.0,to,I-SECTION
63.0,pay,I-SECTION
63.0,fine,I-SECTION
63.0,of,I-SECTION
63.0,Rs.,I-SECTION
63.0,"10,000/-",I-SECTION
63.0,with,I-SECTION
63.0,default,I-SECTION
63.0,stipulation,I-SECTION
63.0,further,I-SECTION
63.0,RI,I-SECTION
63.0,for,I-SECTION
63.0,one,I-SECTION
63.0,year.,I-SECTION
63.0,Being,I-SECTION
63.0,aggrieved,I-SECTION
63.0,by,I-SECTION
63.0,the,I-SECTION
63.0,conviction,I-SECTION
63.0,and,I-SECTION
63.0,sentence,I-SECTION
63.0,the,I-SECTION
63.0,accused,B-DESIGNATION
63.0,has,B-SECTION
63.0,preferred,I-SECTION
63.0,this,I-SECTION
63.0,appeal,B-DOCUMENT
63.0,from,B-SECTION
63.0,jail.,I-SECTION
,,O
64.0,The,O
64.0,case,B-CASE_NUMBER
64.0,of,O
64.0,the,O
64.0,prosecution,O
64.0,is,O
64.0,that,O
64.0,on,O
64.0,receipt,O
64.0,of,O
64.0,the,O
64.0,"ejahar,",O
64.0,from,O
64.0,Sri,O
64.0,Sibdhan,O
64.0,"Tanti,",O
64.0,Tipujan,O
64.0,Tea,O
64.0,"Estate,",O
64.0,Bokakhat,B-LOCATION
64.0,alleging,O
64.0,that,O
64.0,the,O
64.0,appellant,B-DESIGNATION
64.0,killed,O
64.0,Bishikeswar,B-PERSON
64.0,Tanti,I-PERSON
64.0,by,O
64.0,inflicting,O
64.0,dao,O
64.0,blow,O
64.0,upon,O
64.0,"him,",O
64.0,the,O
64.0,Officer-in-Charge,B-DESIGNATION
64.0,of,O
64.0,Bokakhat,B-POLICE_STATION
64.0,Police,B-POLICE_STATION
64.0,Station,I-POLICE_STATION
64.0,registered,O
64.0,a,O
64.0,regular,O
64.0,case,B-CASE_NUMBER
64.0,being,O
64.0,Bokakhat,O
64.0,P.S.,O
64.0,Case,B-CASE_NUMBER
64.0,No.99,I-CASE_NUMBER
64.0,of,O
64.0,2008,O
64.0,under,O
64.0,Section,B-SECTION
64.0,302,I-SECTION
64.0,IPC.,I-SECTION
64.0,After,I-SECTION
64.0,investigation,I-SECTION
64.0,of,I-SECTION
64.0,the,I-SECTION
64.0,"case,",I-SECTION
64.0,the,I-SECTION
64.0,"I.O.,",I-SECTION
64.0,charge-sheeted,I-SECTION
64.0,the,I-SECTION
64.0,appellant,B-DESIGNATION
64.0,under,B-SECTION
64.0,Section,B-SECTION
64.0,302,I-SECTION
64.0,IPC,B-LAW
64.0,to,B-SECTION
64.0,face,I-SECTION
64.0,the,I-SECTION
64.0,trial.,I-SECTION
64.0,The,I-SECTION
64.0,learned,I-SECTION
64.0,Sessions,I-SECTION
64.0,"Judge,",I-SECTION
64.0,Golaghat,I-SECTION
64.0,whereafter,I-SECTION
64.0,framed,I-SECTION
64.0,the,I-SECTION
64.0,charge,B-DOCUMENT
64.0,under,B-SECTION
64.0,Section,B-SECTION
64.0,302,I-SECTION
64.0,IPC,B-LAW
64.0,to,B-SECTION
64.0,which,I-SECTION
64.0,the,I-SECTION
64.0,appellant,B-DESIGNATION
64.0,pleaded,B-SECTION
64.0,not,I-SECTION
64.0,guilty,I-SECTION
64.0,and,I-SECTION
64.0,claimed,I-SECTION
64.0,to,I-SECTION
64.0,be,I-SECTION
64.0,tried.,I-SECTION
64.0,In,I-SECTION
64.0,the,I-SECTION
64.0,course,I-SECTION
64.0,of,I-SECTION
64.0,"trial,",I-SECTION
64.0,the,I-SECTION
64.0,prosecution,I-SECTION
64.0,examined,I-SECTION
64.0,as,I-SECTION
64.0,many,I-SECTION
64.0,as,I-SECTION
64.0,9,I-SECTION
64.0,(nine),I-SECTION
64.0,witnesses,I-SECTION
64.0,and,I-SECTION
64.0,exhibited,I-SECTION
64.0,the,I-SECTION
64.0,post-mortem,I-SECTION
64.0,"report,",I-SECTION
64.0,the,I-SECTION
64.0,inquest,I-SECTION
64.0,"report,",I-SECTION
64.0,dead,I-SECTION
64.0,body,I-SECTION
64.0,"challan,",I-SECTION
64.0,sketch,I-SECTION
64.0,map,I-SECTION
64.0,of,I-SECTION
64.0,the,I-SECTION
64.0,place,I-SECTION
64.0,of,I-SECTION
64.0,occurrence,I-SECTION
64.0,to,I-SECTION
64.0,bring,I-SECTION
64.0,home,I-SECTION
64.0,the,I-SECTION
64.0,charge,B-DOCUMENT
64.0,against,B-SECTION
64.0,the,I-SECTION
64.0,appellant.,I-SECTION
64.0,At,I-SECTION
64.0,the,I-SECTION
64.0,conclusion,I-SECTION
64.0,of,I-SECTION
64.0,the,I-SECTION
64.0,"trial,",I-SECTION
64.0,the,I-SECTION
64.0,appellant,B-DESIGNATION
64.0,was,B-SECTION
64.0,examined,I-SECTION
64.0,under,I-SECTION
64.0,Section,B-SECTION
64.0,313,I-SECTION
64.0,"CrPC,",I-SECTION
64.0,whose,I-SECTION
64.0,case,B-CASE_NUMBER
64.0,is,B-SECTION
64.0,that,I-SECTION
64.0,of,I-SECTION
64.0,total,I-SECTION
64.0,denial.,I-SECTION
64.0,The,I-SECTION
64.0,learned,I-SECTION
64.0,Sessions,I-SECTION
64.0,Judge,B-DESIGNATION
64.0,thereafter,B-SECTION
64.0,passed,I-SECTION
64.0,the,I-SECTION
64.0,impugned,I-SECTION
64.0,judgment,B-DOCUMENT
64.0,of,B-SECTION
64.0,conviction,I-SECTION
64.0,and,I-SECTION
64.0,sentence.,I-SECTION
,,O
65.0,The,O
65.0,judgment,B-DOCUMENT
65.0,dated,O
65.0,13.10.2010,B-DATE
65.0,passed,O
65.0,by,O
65.0,the,O
65.0,learned,O
65.0,Sessions,O
65.0,"Judge,",B-LEGAL_ROLE
65.0,Jorhat,B-LOCATION
65.0,in,O
65.0,Sessions,B-CASE_NUMBER
65.0,Case,B-CASE_NUMBER
65.0,No.48,I-CASE_NUMBER
65.0,(J-J),I-CASE_NUMBER
65.0,of,I-CASE_NUMBER
65.0,2009,I-CASE_NUMBER
65.0,is,O
65.0,under,O
65.0,challenge,O
65.0,in,O
65.0,this,O
65.0,appeal.,B-DOCUMENT
65.0,By,O
65.0,this,O
65.0,impugned,O
65.0,judgment,B-DOCUMENT
65.0,the,O
65.0,appellant,B-DESIGNATION
65.0,has,O
65.0,been,O
65.0,convicted,O
65.0,under,O
65.0,Section,B-SECTION
65.0,302,I-SECTION
65.0,of,I-SECTION
65.0,the,I-SECTION
65.0,Indian,I-SECTION
65.0,Penal,I-SECTION
65.0,Code,I-SECTION
65.0,and,I-SECTION
65.0,he,I-SECTION
65.0,has,I-SECTION
65.0,been,I-SECTION
65.0,sentenced,I-SECTION
65.0,to,I-SECTION
65.0,undergo,I-SECTION
65.0,Imprisonment,I-SECTION
65.0,for,I-SECTION
65.0,Life,I-SECTION
65.0,and,I-SECTION
65.0,also,I-SECTION
65.0,to,I-SECTION
65.0,pay,I-SECTION
65.0,fine,I-SECTION
65.0,of,I-SECTION
65.0,Rs.,I-SECTION
65.0,"5,000/-",I-SECTION
65.0,with,I-SECTION
65.0,default,I-SECTION
65.0,stipulation,I-SECTION
65.0,further,I-SECTION
65.0,RI,I-SECTION
65.0,for,I-SECTION
65.0,two,I-SECTION
65.0,months.,I-SECTION
65.0,Being,I-SECTION
65.0,aggrieved,I-SECTION
65.0,by,I-SECTION
65.0,the,I-SECTION
65.0,conviction,I-SECTION
65.0,and,I-SECTION
65.0,"sentence,",I-SECTION
65.0,the,I-SECTION
65.0,appellant,B-DESIGNATION
65.0,has,B-SECTION
65.0,preferred,I-SECTION
65.0,this,I-SECTION
65.0,appeal,B-DOCUMENT
65.0,from,B-SECTION
65.0,jail.,I-SECTION
65.0,Heard,I-SECTION
65.0,M.,I-SECTION
65.0,J.,I-SECTION
65.0,"Islam,",I-SECTION
65.0,learned,I-SECTION
65.0,Amicus,I-SECTION
65.0,Curiae,I-SECTION
65.0,for,I-SECTION
65.0,the,I-SECTION
65.0,appellant,B-DESIGNATION
65.0,and,B-SECTION
65.0,Mr.,I-SECTION
65.0,NJ,I-SECTION
65.0,"Dutta,",I-SECTION
65.0,learned,I-SECTION
65.0,Addl.,I-SECTION
65.0,"PP,",I-SECTION
65.0,Assam.,I-SECTION
65.0,We,I-SECTION
65.0,have,I-SECTION
65.0,also,I-SECTION
65.0,gone,I-SECTION
65.0,through,I-SECTION
65.0,the,I-SECTION
65.0,impugned,I-SECTION
65.0,judgment,B-DOCUMENT
65.0,and,B-SECTION
65.0,the,I-SECTION
65.0,prosecution,I-SECTION
65.0,evidence,I-SECTION
65.0,on,I-SECTION
65.0,record.,I-SECTION
,,O
66.0,This,O
66.0,appeal,B-DOCUMENT
66.0,is,O
66.0,directed,O
66.0,against,O
66.0,the,O
66.0,judgment,B-DOCUMENT
66.0,and,I-DOCUMENT
66.0,order,I-DOCUMENT
66.0,dated,O
66.0,16.10.2012,B-DATE
66.0,passed,O
66.0,by,O
66.0,the,O
66.0,learned,O
66.0,Additional,O
66.0,Sessions,O
66.0,"Judge,",B-LEGAL_ROLE
66.0,"FTC,",O
66.0,Nagaon,B-LOCATION
66.0,in,O
66.0,Sessions,O
66.0,Case,B-CASE_NUMBER
66.0,"No.234(N)/2007,",I-CASE_NUMBER
66.0,whereby,O
66.0,and,O
66.0,whereunder,O
66.0,the,O
66.0,three,O
66.0,appellants,O
66.0,herein,O
66.0,were,O
66.0,convicted,O
66.0,under,O
66.0,Sections,B-SECTION
66.0,313/201/34,I-SECTION
66.0,IPC,B-LAW
66.0,and,B-SECTION
66.0,sentencing,I-SECTION
66.0,them,I-SECTION
66.0,to,I-SECTION
66.0,undergo,I-SECTION
66.0,rigorous,I-SECTION
66.0,imprisonment,I-SECTION
66.0,(RI,I-SECTION
66.0,for,I-SECTION
66.0,short),I-SECTION
66.0,for,I-SECTION
66.0,four,I-SECTION
66.0,years,I-SECTION
66.0,with,I-SECTION
66.0,fine,I-SECTION
66.0,of,I-SECTION
66.0,Rs.5000/-,I-SECTION
66.0,(Rupees,I-SECTION
66.0,Five,I-SECTION
66.0,Thousand),I-SECTION
66.0,only,I-SECTION
66.0,"each,",I-SECTION
66.0,in,I-SECTION
66.0,"default,",I-SECTION
66.0,six,I-SECTION
66.0,months,I-SECTION
66.0,simple,I-SECTION
66.0,imprisonment,I-SECTION
66.0,under,I-SECTION
66.0,Section,B-SECTION
66.0,313,I-SECTION
66.0,IPC.,I-SECTION
66.0,They,I-SECTION
66.0,are,I-SECTION
66.0,also,I-SECTION
66.0,sentenced,I-SECTION
66.0,to,I-SECTION
66.0,undergo,I-SECTION
66.0,RI,I-SECTION
66.0,for,I-SECTION
66.0,one,I-SECTION
66.0,year,I-SECTION
66.0,with,I-SECTION
66.0,fine,I-SECTION
66.0,of,I-SECTION
66.0,Rs.1000/-,I-SECTION
66.0,(Rupees,I-SECTION
66.0,One,I-SECTION
66.0,Thousand),I-SECTION
66.0,"only,",I-SECTION
66.0,in,I-SECTION
66.0,"default,",I-SECTION
66.0,one,I-SECTION
66.0,month,I-SECTION
66.0,simple,I-SECTION
66.0,imprisonment,I-SECTION
66.0,under,I-SECTION
66.0,Section,B-SECTION
66.0,201,I-SECTION
66.0,IPC.,I-SECTION
66.0,"However,",I-SECTION
66.0,having,I-SECTION
66.0,found,I-SECTION
66.0,no,I-SECTION
66.0,evidence,I-SECTION
66.0,and,I-SECTION
66.0,as,I-SECTION
66.0,the,I-SECTION
66.0,prosecution,I-SECTION
66.0,has,I-SECTION
66.0,failed,I-SECTION
66.0,to,I-SECTION
66.0,prove,I-SECTION
66.0,the,I-SECTION
66.0,case,B-CASE_NUMBER
66.0,under,B-SECTION
66.0,Section,B-SECTION
66.0,506,I-SECTION
66.0,IPC,B-LAW
66.0,against,B-SECTION
66.0,the,I-SECTION
66.0,accused,B-DESIGNATION
66.0,persons,B-SECTION
66.0,they,I-SECTION
66.0,were,I-SECTION
66.0,acquitted,I-SECTION
66.0,from,I-SECTION
66.0,the,I-SECTION
66.0,charges,I-SECTION
66.0,under,I-SECTION
66.0,Sections,B-SECTION
66.0,506/34,I-SECTION
66.0,IPC.,I-SECTION
,,O
67.0,The,O
67.0,facts,O
67.0,giving,O
67.0,rise,O
67.0,to,O
67.0,this,O
67.0,petition,B-DOCUMENT
67.0,may,B-DATE
67.0,be,O
67.0,noticed,O
67.0,at,O
67.0,the,O
67.0,outset.,O
67.0,The,O
67.0,petitioner,B-DESIGNATION
67.0,is,O
67.0,operating,O
67.0,a,O
67.0,mustard,O
67.0,oil,O
67.0,mill,O
67.0,near,O
67.0,the,O
67.0,house,O
67.0,of,O
67.0,the,O
67.0,respondent,B-DESIGNATION
67.0,No.,O
67.0,1.,O
67.0,According,O
67.0,to,O
67.0,the,O
67.0,respondent,B-DESIGNATION
67.0,No.,O
67.0,"1,",O
67.0,this,O
67.0,oil,O
67.0,mill,O
67.0,is,O
67.0,located,O
67.0,in,O
67.0,a,O
67.0,residential,B-LOCATION
67.0,area,I-LOCATION
67.0,and,O
67.0,started,O
67.0,its,O
67.0,operation,O
67.0,from,O
67.0,10,O
67.0,AM,O
67.0,till,O
67.0,late,O
67.0,night,O
67.0,causing,O
67.0,inconvenience,O
67.0,to,O
67.0,him,O
67.0,and,O
67.0,other,O
67.0,inhabitants,O
67.0,of,O
67.0,the,O
67.0,area.,O
67.0,This,O
67.0,prompted,O
67.0,the,O
67.0,respondent,B-DESIGNATION
67.0,No.,B-PERSON
67.0,1,I-PERSON
67.0,to,O
67.0,file,O
67.0,a,O
67.0,petition,B-DOCUMENT
67.0,before,O
67.0,the,O
67.0,Executive,O
67.0,"Magistrate,",B-LEGAL_ROLE
67.0,"who,",O
67.0,on,O
67.0,"25-11-2005,",B-DATE
67.0,forwarded,O
67.0,it,O
67.0,to,O
67.0,the,O
67.0,"Officer-in-Charge,",B-LEGAL_ROLE
67.0,Sarbhog,B-POLICE_STATION
67.0,Police,B-POLICE_STATION
67.0,Station,I-POLICE_STATION
67.0,for,O
67.0,conducting,O
67.0,an,O
67.0,inquiry,O
67.0,and,O
67.0,"report,",O
67.0,but,O
67.0,no,O
67.0,action,O
67.0,was,O
67.0,taken,O
67.0,by,O
67.0,the,O
67.0,police.,O
67.0,The,O
67.0,respondent,B-DESIGNATION
67.0,No.,O
67.0,"1,",O
67.0,"therefore,",O
67.0,informed,O
67.0,the,O
67.0,Additional,B-PERSON
67.0,Deputy,I-PERSON
67.0,Superintendent,I-PERSON
67.0,of,I-PERSON
67.0,Supplies,I-PERSON
67.0,to,O
67.0,take,O
67.0,action,O
67.0,in,O
67.0,this,O
67.0,regard,O
67.0,since,O
67.0,the,O
67.0,matter,O
67.0,is,O
67.0,under,O
67.0,the,O
67.0,Department,O
67.0,of,O
67.0,Civil,O
67.0,"Supplies,",O
67.0,but,O
67.0,when,O
67.0,no,O
67.0,action,O
67.0,was,O
67.0,"taken,",O
67.0,he,O
67.0,approached,O
67.0,the,O
67.0,District,B-COURT
67.0,"Magistrate,",I-COURT
67.0,Barpeta,I-COURT
67.0,to,O
67.0,initiate,O
67.0,against,O
67.0,the,O
67.0,petitioner,B-DESIGNATION
67.0,U/s,O
67.0,133,O
67.0,CrPC.,B-LAW
67.0,"Accordingly,",O
67.0,a,O
67.0,case,B-CASE_NUMBER
67.0,being,O
67.0,No.,B-CASE_NUMBER
67.0,27/2006,I-CASE_NUMBER
67.0,U/s,O
67.0,133,O
67.0,CrPC,B-LAW
67.0,was,O
67.0,registered.,O
67.0,The,O
67.0,petitioner,B-DESIGNATION
67.0,contested,O
67.0,the,O
67.0,case,B-CASE_NUMBER
67.0,and,O
67.0,denied,O
67.0,the,O
67.0,allegations,O
67.0,of,O
67.0,the,O
67.0,respondent,B-DESIGNATION
67.0,No.,O
67.0,1.,O
67.0,The,O
67.0,petitioner,B-DESIGNATION
67.0,contended,O
67.0,in,O
67.0,his,O
67.0,written,B-DOCUMENT
67.0,statement,I-DOCUMENT
67.0,that,O
67.0,the,O
67.0,mill,O
67.0,in,O
67.0,question,O
67.0,was,O
67.0,established,O
67.0,in,O
67.0,his,O
67.0,own,O
67.0,"land,",O
67.0,which,O
67.0,was,O
67.0,not,O
67.0,in,O
67.0,a,O
67.0,residential,O
67.0,"area,",O
67.0,but,O
67.0,is,O
67.0,in,O
67.0,a,O
67.0,purely,B-LOCATION
67.0,commercial,I-LOCATION
67.0,area,I-LOCATION
67.0,abutting,O
67.0,NH-31,B-LOCATION
67.0,where,O
67.0,heavy,O
67.0,vehicles,O
67.0,ply,O
67.0,day,O
67.0,and,O
67.0,night,O
67.0,thereby,O
67.0,causing,O
67.0,noise,O
67.0,in,O
67.0,larger,O
67.0,volume,O
67.0,than,O
67.0,that,O
67.0,of,O
67.0,the,O
67.0,noise,O
67.0,produced,O
67.0,by,O
67.0,the,O
67.0,sound,O
67.0,of,O
67.0,his,O
67.0,oil,O
67.0,mill.,O
,,O
68.0,Apparently,O
68.0,the,O
68.0,mandate,O
68.0,of,O
68.0,sub-section,B-SECTION
68.0,2,I-SECTION
68.0,of,O
68.0,Section,B-SECTION
68.0,13,I-SECTION
68.0,of,I-SECTION
68.0,P.F.A.,I-SECTION
68.0,Act,I-SECTION
68.0,had,I-SECTION
68.0,not,I-SECTION
68.0,been,I-SECTION
68.0,complied,I-SECTION
68.0,with.,I-SECTION
68.0,It,I-SECTION
68.0,is,I-SECTION
68.0,now,I-SECTION
68.0,well,I-SECTION
68.0,settled,I-SECTION
68.0,that,I-SECTION
68.0,Section,B-SECTION
68.0,13,I-SECTION
68.0,of,I-SECTION
68.0,P.F.A.,I-SECTION
68.0,Act,I-SECTION
68.0,is,I-SECTION
68.0,mandatory,I-SECTION
68.0,(reference,I-SECTION
68.0,may,I-SECTION
68.0,be,I-SECTION
68.0,made,I-SECTION
68.0,to,I-SECTION
68.0,case,B-CASE_NUMBER
68.0,of,B-SECTION
68.0,State,I-SECTION
68.0,of,I-SECTION
68.0,Orissa,I-SECTION
68.0,v.,I-SECTION
68.0,Gauranga,I-SECTION
68.0,Sahu,I-SECTION
68.0,2003,I-SECTION
68.0,Cr.L.J.,I-SECTION
68.0,3077,I-SECTION
68.0,SC).,I-SECTION
68.0,The,I-SECTION
68.0,prayer,I-SECTION
68.0,of,I-SECTION
68.0,the,I-SECTION
68.0,petitioners,I-SECTION
68.0,to,I-SECTION
68.0,send,I-SECTION
68.0,the,I-SECTION
68.0,sample,I-SECTION
68.0,to,I-SECTION
68.0,the,I-SECTION
68.0,Central,I-SECTION
68.0,Food,I-SECTION
68.0,Laboratory,I-SECTION
68.0,could,I-SECTION
68.0,not,I-SECTION
68.0,be,I-SECTION
68.0,considered.,I-SECTION
68.0,The,I-SECTION
68.0,petitioners,I-SECTION
68.0,have,I-SECTION
68.0,lost,I-SECTION
68.0,their,I-SECTION
68.0,valuable,I-SECTION
68.0,rights,I-SECTION
68.0,to,I-SECTION
68.0,get,I-SECTION
68.0,the,I-SECTION
68.0,sample,I-SECTION
68.0,analysed,I-SECTION
68.0,by,I-SECTION
68.0,Central,I-SECTION
68.0,Food,I-SECTION
68.0,Laboratory.,I-SECTION
68.0,There,I-SECTION
68.0,cannot,I-SECTION
68.0,be,I-SECTION
68.0,further,I-SECTION
68.0,any,I-SECTION
68.0,direction,I-SECTION
68.0,to,I-SECTION
68.0,send,I-SECTION
68.0,the,I-SECTION
68.0,sample,I-SECTION
68.0,to,I-SECTION
68.0,Central,I-SECTION
68.0,Food,I-SECTION
68.0,Laboratory,I-SECTION
68.0,as,I-SECTION
68.0,the,I-SECTION
68.0,samples,I-SECTION
68.0,had,I-SECTION
68.0,been,I-SECTION
68.0,taken,I-SECTION
68.0,long,I-SECTION
68.0,back,I-SECTION
68.0,on,I-SECTION
68.0,29.10.2010,B-DATE
68.0,and,B-SECTION
68.0,no,I-SECTION
68.0,preservative,I-SECTION
68.0,was,I-SECTION
68.0,added,I-SECTION
68.0,to,I-SECTION
68.0,"it,",I-SECTION
68.0,as,I-SECTION
68.0,it,I-SECTION
68.0,is,I-SECTION
68.0,apparent,I-SECTION
68.0,from,I-SECTION
68.0,the,I-SECTION
68.0,public,I-SECTION
68.0,analysis,I-SECTION
68.0,report,I-SECTION
68.0,as,I-SECTION
68.0,well,I-SECTION
68.0,as,I-SECTION
68.0,the,I-SECTION
68.0,Memorandum.,I-SECTION
68.0,The,I-SECTION
68.0,expiry,I-SECTION
68.0,date,I-SECTION
68.0,of,I-SECTION
68.0,the,I-SECTION
68.0,samples,I-SECTION
68.0,was,I-SECTION
68.0,1,I-SECTION
68.0,month,I-SECTION
68.0,from,I-SECTION
68.0,the,I-SECTION
68.0,date,I-SECTION
68.0,of,I-SECTION
68.0,manufacture.,I-SECTION
,,O
69.0,The,O
69.0,appeal,B-DOCUMENT
69.0,is,O
69.0,directed,O
69.0,against,O
69.0,the,O
69.0,judgment,B-DOCUMENT
69.0,passed,O
69.0,by,O
69.0,the,O
69.0,learned,O
69.0,Assistant,O
69.0,Sessions,O
69.0,"Judge,",B-LEGAL_ROLE
69.0,Morigaon,B-LOCATION
69.0,in,O
69.0,Session,B-CASE_NUMBER
69.0,case,B-CASE_NUMBER
69.0,No.,I-CASE_NUMBER
69.0,60/2009,I-CASE_NUMBER
69.0,convicting,O
69.0,one,O
69.0,Sri,B-PERSON
69.0,Babul,I-PERSON
69.0,Deka,I-PERSON
69.0,under,O
69.0,Section,B-SECTION
69.0,366/376,I-SECTION
69.0,IPC,B-LAW
69.0,and,B-SECTION
69.0,sentencing,I-SECTION
69.0,him,I-SECTION
69.0,to,I-SECTION
69.0,RI,I-SECTION
69.0,for,I-SECTION
69.0,7,I-SECTION
69.0,years,I-SECTION
69.0,and,I-SECTION
69.0,fine,I-SECTION
69.0,of,I-SECTION
69.0,Rs.,I-SECTION
69.0,"1,000/-",I-SECTION
69.0,in,I-SECTION
69.0,"default,",I-SECTION
69.0,RI,I-SECTION
69.0,for,I-SECTION
69.0,another,I-SECTION
69.0,one,I-SECTION
69.0,month,I-SECTION
69.0,for,I-SECTION
69.0,each,I-SECTION
69.0,of,I-SECTION
69.0,those,I-SECTION
69.0,offences,I-SECTION
69.0,as,I-SECTION
69.0,well,I-SECTION
69.0,as,I-SECTION
69.0,the,I-SECTION
69.0,judgment,B-DOCUMENT
69.0,dated,B-SECTION
69.0,15.2.2011,B-DATE
69.0,passed,B-SECTION
69.0,by,I-SECTION
69.0,the,I-SECTION
69.0,learned,I-SECTION
69.0,Sessions,I-SECTION
69.0,"Judge,",I-SECTION
69.0,Morigaon,I-SECTION
69.0,in,I-SECTION
69.0,Criminal,I-SECTION
69.0,Appeal,B-DOCUMENT
69.0,No.,B-SECTION
69.0,9/2011,I-SECTION
69.0,maintaining,I-SECTION
69.0,the,I-SECTION
69.0,conviction,I-SECTION
69.0,recorded,I-SECTION
69.0,by,I-SECTION
69.0,the,I-SECTION
69.0,learned,I-SECTION
69.0,trial,I-SECTION
69.0,court,I-SECTION
69.0,as,I-SECTION
69.0,far,I-SECTION
69.0,as,I-SECTION
69.0,offence,I-SECTION
69.0,under,I-SECTION
69.0,section,B-SECTION
69.0,376,I-SECTION
69.0,IPC,B-LAW
69.0,is,B-SECTION
69.0,concerned.,I-SECTION
69.0,Being,I-SECTION
69.0,agreed,I-SECTION
69.0,by,I-SECTION
69.0,the,I-SECTION
69.0,aforesaid,I-SECTION
69.0,"judgments,",I-SECTION
69.0,Sri,I-SECTION
69.0,Babul,I-SECTION
69.0,"Deka,",I-SECTION
69.0,herein,I-SECTION
69.0,after,I-SECTION
69.0,referred,I-SECTION
69.0,as,I-SECTION
69.0,accused,B-DESIGNATION
69.0,"person,",B-SECTION
69.0,has,I-SECTION
69.0,been,I-SECTION
69.0,preferred,I-SECTION
69.0,this,I-SECTION
69.0,criminal,I-SECTION
69.0,revision,I-SECTION
69.0,petition,B-DOCUMENT
69.0,citing,B-SECTION
69.0,several,I-SECTION
69.0,infirmities,I-SECTION
69.0,in,I-SECTION
69.0,those,I-SECTION
69.0,judgments.,I-SECTION
,,O
70.0,The,O
70.0,validity,O
70.0,of,O
70.0,the,O
70.0,judgment,B-DOCUMENT
70.0,dated,O
70.0,22-11-2012,B-DATE
70.0,passed,O
70.0,by,O
70.0,the,O
70.0,learned,O
70.0,Additional,O
70.0,Sessions,O
70.0,"Judge,",B-LEGAL_ROLE
70.0,Dhubri,B-LOCATION
70.0,in,O
70.0,Criminal,B-DOCUMENT
70.0,Revision,I-DOCUMENT
70.0,Petition,B-DOCUMENT
70.0,No.,O
70.0,25(4)/2011,B-CASE_NUMBER
70.0,refusing,O
70.0,to,O
70.0,convert,O
70.0,the,O
70.0,criminal,B-DOCUMENT
70.0,revision,I-DOCUMENT
70.0,petition,B-DOCUMENT
70.0,filed,O
70.0,by,O
70.0,the,O
70.0,petitioner,B-DESIGNATION
70.0,into,O
70.0,a,O
70.0,petition,B-DOCUMENT
70.0,of,O
70.0,appeal,B-DOCUMENT
70.0,under,O
70.0,Section,B-SECTION
70.0,401(5),I-SECTION
70.0,read,I-SECTION
70.0,with,I-SECTION
70.0,Section,B-SECTION
70.0,399(2),I-SECTION
70.0,of,I-SECTION
70.0,the,I-SECTION
70.0,Code,I-SECTION
70.0,of,I-SECTION
70.0,Criminal,I-SECTION
70.0,Procedure,I-SECTION
70.0,('the,O
70.0,Code',O
70.0,for,O
70.0,short),O
70.0,is,O
70.0,called,O
70.0,into,O
70.0,question,O
70.0,in,O
70.0,this,O
70.0,criminal,O
70.0,revision,B-DOCUMENT
70.0,petition.,B-DOCUMENT
,,O
71.0,The,O
71.0,respondent,B-DESIGNATION
71.0,No.,B-PERSON
71.0,2,I-PERSON
71.0,herein,O
71.0,filed,O
71.0,an,O
71.0,application,B-DOCUMENT
71.0,under,O
71.0,Section,B-SECTION
71.0,125,I-SECTION
71.0,Cr.P.C.,B-LAW
71.0,claiming,B-SECTION
71.0,herself,I-SECTION
71.0,as,I-SECTION
71.0,wife,I-SECTION
71.0,of,I-SECTION
71.0,the,I-SECTION
71.0,petitioner.,I-SECTION
71.0,She,I-SECTION
71.0,prayed,I-SECTION
71.0,for,I-SECTION
71.0,maintenance,I-SECTION
71.0,of,I-SECTION
71.0,Rs.,I-SECTION
71.0,1200/-,I-SECTION
71.0,from,I-SECTION
71.0,her,I-SECTION
71.0,husband,I-SECTION
71.0,i.e.,I-SECTION
71.0,the,I-SECTION
71.0,petitioner.,I-SECTION
71.0,The,I-SECTION
71.0,learned,I-SECTION
71.0,Judicial,I-SECTION
71.0,"Magistrate,",I-SECTION
71.0,1st,I-SECTION
71.0,"Class,",I-SECTION
71.0,"Nagaon,",I-SECTION
71.0,in,I-SECTION
71.0,M.R.,I-SECTION
71.0,Case,B-CASE_NUMBER
71.0,No.,I-CASE_NUMBER
71.0,366,I-CASE_NUMBER
71.0,of,B-SECTION
71.0,"2010,",I-SECTION
71.0,allowed,I-SECTION
71.0,the,I-SECTION
71.0,prayer,I-SECTION
71.0,of,I-SECTION
71.0,the,I-SECTION
71.0,respondent,B-DESIGNATION
71.0,No.,B-SECTION
71.0,2.,I-SECTION
71.0,Against,I-SECTION
71.0,the,I-SECTION
71.0,judgment,B-DOCUMENT
71.0,passed,B-SECTION
71.0,by,I-SECTION
71.0,the,I-SECTION
71.0,learned,I-SECTION
71.0,Sessions,I-SECTION
71.0,"Judge,",I-SECTION
71.0,"Nagaon,",I-SECTION
71.0,the,I-SECTION
71.0,petitioner,B-DESIGNATION
71.0,filed,B-SECTION
71.0,revision,I-SECTION
71.0,and,I-SECTION
71.0,the,I-SECTION
71.0,learned,I-SECTION
71.0,Sessions,I-SECTION
71.0,Judge,B-DESIGNATION
71.0,vide,B-SECTION
71.0,the,I-SECTION
71.0,impugned,I-SECTION
71.0,order,I-SECTION
71.0,passed,I-SECTION
71.0,in,I-SECTION
71.0,C.R.,I-SECTION
71.0,No.,I-SECTION
71.0,121,I-SECTION
71.0,of,I-SECTION
71.0,2011,I-SECTION
71.0,modified,I-SECTION
71.0,the,I-SECTION
71.0,quantum,I-SECTION
71.0,of,I-SECTION
71.0,maintenance,I-SECTION
71.0,and,I-SECTION
71.0,directed,I-SECTION
71.0,the,I-SECTION
71.0,petitioner,B-DESIGNATION
71.0,to,B-SECTION
71.0,pay,I-SECTION
71.0,Rs.,I-SECTION
71.0,800/-,I-SECTION
71.0,per,I-SECTION
71.0,month,I-SECTION
71.0,towards,I-SECTION
71.0,the,I-SECTION
71.0,maintenance,I-SECTION
71.0,of,I-SECTION
71.0,respondent,B-DESIGNATION
71.0,No.,B-SECTION
71.0,2.,I-SECTION
71.0,Heard,I-SECTION
71.0,Mr.,I-SECTION
71.0,A.,I-SECTION
71.0,"Rahman,",I-SECTION
71.0,learned,I-SECTION
71.0,counsel,I-SECTION
71.0,for,I-SECTION
71.0,the,I-SECTION
71.0,petitioner,B-DESIGNATION
71.0,and,B-SECTION
71.0,Mr.,I-SECTION
71.0,A.,I-SECTION
71.0,"Ahmed,",I-SECTION
71.0,learned,I-SECTION
71.0,counsel,I-SECTION
71.0,for,I-SECTION
71.0,respondent,B-DESIGNATION
71.0,No.,B-SECTION
71.0,2.,I-SECTION
,,O
72.0,A,O
72.0,bare,O
72.0,perusal,O
72.0,of,O
72.0,Section,B-SECTION
72.0,83,I-SECTION
72.0,will,I-SECTION
72.0,clearly,I-SECTION
72.0,show,I-SECTION
72.0,that,I-SECTION
72.0,an,I-SECTION
72.0,election,I-SECTION
72.0,petition,B-DOCUMENT
72.0,shall,B-SECTION
72.0,contain,I-SECTION
72.0,a,I-SECTION
72.0,concise,I-SECTION
72.0,statement,I-SECTION
72.0,of,I-SECTION
72.0,the,I-SECTION
72.0,material,I-SECTION
72.0,facts,I-SECTION
72.0,on,I-SECTION
72.0,which,I-SECTION
72.0,the,I-SECTION
72.0,petitioner,B-DESIGNATION
72.0,relies.,B-SECTION
72.0,Section,B-SECTION
72.0,83,I-SECTION
72.0,also,I-SECTION
72.0,provides,I-SECTION
72.0,that,I-SECTION
72.0,an,I-SECTION
72.0,election,I-SECTION
72.0,petition,B-DOCUMENT
72.0,shall,B-SECTION
72.0,be,I-SECTION
72.0,signed,I-SECTION
72.0,by,I-SECTION
72.0,the,I-SECTION
72.0,election,I-SECTION
72.0,petitioner,B-DESIGNATION
72.0,and,B-SECTION
72.0,verified,I-SECTION
72.0,in,I-SECTION
72.0,the,I-SECTION
72.0,manner,I-SECTION
72.0,laid,I-SECTION
72.0,down,I-SECTION
72.0,in,I-SECTION
72.0,the,I-SECTION
72.0,Code,I-SECTION
72.0,of,I-SECTION
72.0,Civil,I-SECTION
72.0,"Procedure,",I-SECTION
72.0,"1908,",I-SECTION
72.0,(in,I-SECTION
72.0,"short,",I-SECTION
72.0,'the,O
72.0,Code'),O
72.0,for,O
72.0,the,O
72.0,verification,O
72.0,of,O
72.0,pleadings.,O
72.0,Section,B-SECTION
72.0,83,I-SECTION
72.0,further,I-SECTION
72.0,provides,I-SECTION
72.0,that,I-SECTION
72.0,any,I-SECTION
72.0,Schedule,I-SECTION
72.0,or,I-SECTION
72.0,Annexure,I-SECTION
72.0,to,I-SECTION
72.0,the,I-SECTION
72.0,election,I-SECTION
72.0,petition,B-DOCUMENT
72.0,shall,B-SECTION
72.0,also,I-SECTION
72.0,be,I-SECTION
72.0,signed,I-SECTION
72.0,by,I-SECTION
72.0,the,I-SECTION
72.0,election,I-SECTION
72.0,petitioner,B-DESIGNATION
72.0,and,B-SECTION
72.0,verified,I-SECTION
72.0,in,I-SECTION
72.0,the,I-SECTION
72.0,same,I-SECTION
72.0,manner,I-SECTION
72.0,as,I-SECTION
72.0,the,I-SECTION
72.0,election,I-SECTION
72.0,petition.,I-SECTION
,,O
73.0,4,O
73.0,WP(C),O
73.0,No.,O
73.0,"3475,",O
73.0,"3485,",O
73.0,"3542,",O
73.0,3756,O
73.0,of,O
73.0,2008,O
73.0,Page,O
73.0,4,O
73.0,of,O
73.0,6,O
73.0,the,O
73.0,said,O
73.0,notification,O
73.0,of,O
73.0,30.12.1993,B-DATE
73.0,must,O
73.0,be,O
73.0,held,O
73.0,to,O
73.0,be,O
73.0,applicable,O
73.0,for,O
73.0,the,O
73.0,Madrassa,O
73.0,employees,O
73.0,and,O
73.0,accordingly,O
73.0,it,O
73.0,is,O
73.0,argued,O
73.0,that,O
73.0,the,O
73.0,benefit,O
73.0,of,O
73.0,upgradation,O
73.0,to,O
73.0,the,O
73.0,graduate,O
73.0,scale,O
73.0,should,O
73.0,be,O
73.0,allowed,O
73.0,to,O
73.0,continue.,O
73.0,4.4,O
73.0,The,O
73.0,petitioner,B-DESIGNATION
73.0,alleges,O
73.0,"discrimination,",O
73.0,since,O
73.0,intermediate,B-PERSON
73.0,teachers,I-PERSON
73.0,of,O
73.0,Senior,B-ORGANIZATION
73.0,Madrassa,I-ORGANIZATION
73.0,in,O
73.0,Silchar,B-LOCATION
73.0,circle,I-LOCATION
73.0,who,O
73.0,were,O
73.0,upgraded,O
73.0,to,O
73.0,the,O
73.0,graduate,O
73.0,scale,O
73.0,through,O
73.0,the,O
73.0,order,B-DOCUMENT
73.0,dated,O
73.0,18.12.2004,B-DATE
73.0,by,O
73.0,the,O
73.0,Inspector,O
73.0,of,O
73.0,"Schools,",O
73.0,Cachar,O
73.0,have,O
73.0,not,O
73.0,been,O
73.0,downgraded,O
73.0,like,O
73.0,the,O
73.0,petitioners.,O
73.0,4.5,O
73.0,The,O
73.0,learned,O
73.0,Counsel,O
73.0,for,O
73.0,the,O
73.0,petitioner,B-DESIGNATION
73.0,refers,O
73.0,to,O
73.0,the,O
73.0,recommendation,O
73.0,at,O
73.0,paragraph,B-SECTION
73.0,3.2.20,B-DATE
73.0,(b),B-SECTION
73.0,of,O
73.0,the,O
73.0,Assam,B-DOCUMENT
73.0,Pay,I-DOCUMENT
73.0,Commission,I-DOCUMENT
73.0,"Report,",I-DOCUMENT
73.0,2008,I-DOCUMENT
73.0,to,O
73.0,project,O
73.0,that,O
73.0,once,O
73.0,the,O
73.0,employee,O
73.0,acquires,O
73.0,higher,O
73.0,"qualification,",O
73.0,the,O
73.0,department,B-ORGANIZATION
73.0,should,O
73.0,place,O
73.0,him,O
73.0,in,O
73.0,a,O
73.0,suitable,O
73.0,position,O
73.0,where,O
73.0,adequate,O
73.0,utilization,O
73.0,of,O
73.0,the,O
73.0,increased,O
73.0,expertise,O
73.0,can,O
73.0,be,O
73.0,made.,O
,,O
74.0,The,B-ORGANIZATION
74.0,present,I-ORGANIZATION
74.0,respondents,I-ORGANIZATION
74.0,as,O
74.0,plaintiffs,O
74.0,instituted,O
74.0,the,O
74.0,said,O
74.0,suit,O
74.0,for,O
74.0,declaration,O
74.0,of,O
74.0,"right,",O
74.0,title,O
74.0,and,O
74.0,interest,O
74.0,and,O
74.0,also,O
74.0,for,O
74.0,recovery,O
74.0,of,O
74.0,khas,O
74.0,possession,O
74.0,by,O
74.0,evicting,O
74.0,the,O
74.0,defendants,O
74.0,from,O
74.0,the,O
74.0,land,B-PROPERTY
74.0,measuring,O
74.0,3,O
74.0,kathas,O
74.0,12,O
74.0,"lechas,",O
74.0,more,O
74.0,fully,O
74.0,described,O
74.0,in,O
74.0,schedule,B-DOCUMENT
74.0,to,I-DOCUMENT
74.0,the,I-DOCUMENT
74.0,plaint,I-DOCUMENT
74.0,and,O
74.0,also,O
74.0,for,O
74.0,cancellation,O
74.0,of,O
74.0,the,O
74.0,mutation,O
74.0,and,O
74.0,for,O
74.0,issuance,O
74.0,of,O
74.0,the,O
74.0,precept,O
74.0,to,O
74.0,the,O
74.0,revenue,B-ORGANIZATION
74.0,authority,I-ORGANIZATION
74.0,to,O
74.0,correct,O
74.0,the,O
74.0,record,O
74.0,of,O
74.0,rights,O
74.0,pursuant,O
74.0,to,O
74.0,the,O
74.0,decree,B-DOCUMENT
74.0,that,O
74.0,may,B-DATE
74.0,be,O
74.0,"passed,",O
74.0,contending,O
74.0,inter,O
74.0,alia,O
74.0,that,O
74.0,the,O
74.0,suit,B-PROPERTY
74.0,land,I-PROPERTY
74.0,originally,O
74.0,belonged,O
74.0,to,O
74.0,"Afazuddin,",O
74.0,on,O
74.0,whose,O
74.0,death,O
74.0,it,O
74.0,devolved,O
74.0,on,O
74.0,the,O
74.0,plaintiff,B-LEGAL_ROLE
74.0,Nos.1,O
74.0,to,O
74.0,8,O
74.0,and,O
74.0,the,O
74.0,husband,B-PERSON
74.0,of,I-PERSON
74.0,the,I-PERSON
74.0,plaintiff,I-PERSON
74.0,No.9,I-PERSON
74.0,being,O
74.0,the,O
74.0,legal,O
74.0,heirs.,O
74.0,It,O
74.0,has,O
74.0,also,O
74.0,been,O
74.0,contended,O
74.0,that,O
74.0,the,O
74.0,defendant,B-PERSON
74.0,Nos.1,I-PERSON
74.0,and,I-PERSON
74.0,2,I-PERSON
74.0,suddenly,O
74.0,on,O
74.0,25.05.2002,B-DATE
74.0,dispossessed,O
74.0,the,O
74.0,plaintiffs,O
74.0,from,O
74.0,the,O
74.0,"land,",O
74.0,on,O
74.0,the,O
74.0,strength,O
74.0,of,O
74.0,the,O
74.0,mutation,O
74.0,of,O
74.0,their,O
74.0,names,O
74.0,in,O
74.0,the,O
74.0,revenue,O
74.0,"record,",O
74.0,though,O
74.0,they,O
74.0,did,O
74.0,not,O
74.0,have,O
74.0,any,O
74.0,right,O
74.0,over,O
74.0,the,O
74.0,suit,O
74.0,land,O
74.0,and,O
74.0,hence,O
74.0,are,O
74.0,trespassers.,O
,,O
75.0,The,O
75.0,pleaded,O
75.0,case,B-CASE_NUMBER
75.0,of,O
75.0,the,O
75.0,plaintiffs,B-ORGANIZATION
75.0,is,O
75.0,that,O
75.0,land,O
75.0,measuring,O
75.0,3,O
75.0,bighas,O
75.0,3,O
75.0,kathas,O
75.0,16,O
75.0,lechas,O
75.0,covered,O
75.0,by,O
75.0,annual,O
75.0,Dag,B-PROPERTY
75.0,No.,I-PROPERTY
75.0,391,I-PROPERTY
75.0,(1,O
75.0,bigha,O
75.0,2,O
75.0,kathas),O
75.0,and,O
75.0,periodic,O
75.0,Dag,B-PROPERTY
75.0,No.,I-PROPERTY
75.0,211,I-PROPERTY
75.0,(2,O
75.0,bighas,O
75.0,1,O
75.0,katha,O
75.0,16,O
75.0,lechas),O
75.0,of,O
75.0,village,B-LOCATION
75.0,Bonbahar,I-LOCATION
75.0,originally,O
75.0,belonged,O
75.0,to,O
75.0,the,O
75.0,plaintiffs,O
75.0,and,O
75.0,the,O
75.0,proforma,O
75.0,defendant,B-LEGAL_ROLE
75.0,Badiurzaman.,O
75.0,Plaintiffs,O
75.0,No.,O
75.0,1,O
75.0,&,O
75.0,"2,",O
75.0,"namely,",O
75.0,Bahadur,B-PERSON
75.0,Ali,I-PERSON
75.0,and,O
75.0,Samsul,B-PERSON
75.0,Haque,I-PERSON
75.0,and,O
75.0,the,O
75.0,original,O
75.0,proforma,O
75.0,"defendant,",B-LEGAL_ROLE
75.0,"namely,",O
75.0,Late,B-PERSON
75.0,Badiurzaman,I-PERSON
75.0,were,O
75.0,brothers.,O
75.0,They,O
75.0,jointly,O
75.0,owned,O
75.0,the,O
75.0,land,O
75.0,in,O
75.0,question,O
75.0,under,O
75.0,Patta,B-PROPERTY
75.0,No.,I-PROPERTY
75.0,15,I-PROPERTY
75.0,of,O
75.0,Mouza,B-ORGANIZATION
75.0,Betbari,I-ORGANIZATION
75.0,in,O
75.0,village,O
75.0,Bonbahar.,O
75.0,But,O
75.0,on,O
75.0,"22.01.1998,",B-DATE
75.0,defendant,B-PERSON
75.0,No.,I-PERSON
75.0,1,I-PERSON
75.0,(Omed,O
75.0,Ali),O
75.0,and,O
75.0,defendant,B-LEGAL_ROLE
75.0,No.,O
75.0,2,O
75.0,(Somed,O
75.0,Ali),O
75.0,sought,O
75.0,to,O
75.0,create,O
75.0,obstruction,O
75.0,to,O
75.0,them,O
75.0,in,O
75.0,enjoyment,O
75.0,of,O
75.0,their,O
75.0,fishery,O
75.0,situated,O
75.0,over,O
75.0,the,O
75.0,suit,O
75.0,land,O
75.0,claiming,O
75.0,that,O
75.0,they,O
75.0,had,O
75.0,obtained,O
75.0,a,O
75.0,mutation,O
75.0,with,O
75.0,respect,O
75.0,to,O
75.0,the,O
75.0,said,O
75.0,land,O
75.0,and,O
75.0,also,O
75.0,asked,O
75.0,the,O
75.0,plaintiffs,O
75.0,to,O
75.0,vacate,O
75.0,the,O
75.0,same.,O
75.0,Faced,O
75.0,with,O
75.0,such,O
75.0,threat,O
75.0,of,O
75.0,"dispossession,",O
75.0,the,O
75.0,plaintiffs,O
75.0,made,O
75.0,enquiry,O
75.0,with,O
75.0,the,O
75.0,settlement,O
75.0,office,O
75.0,as,O
75.0,to,O
75.0,the,O
75.0,records,O
75.0,of,O
75.0,rights,O
75.0,only,O
75.0,to,O
75.0,discover,O
75.0,that,O
75.0,on,O
75.0,12.8.1981,B-DATE
75.0,three,O
75.0,mutation,O
75.0,orders,O
75.0,had,O
75.0,been,O
75.0,passed,O
75.0,by,O
75.0,the,O
75.0,Revenue,B-PERSON
75.0,Officer,I-PERSON
75.0,and,O
75.0,thereby,O
75.0,4,O
75.0,kathas,O
75.0,of,O
75.0,land,O
75.0,belonging,O
75.0,to,O
75.0,the,O
75.0,plaintiffs,O
75.0,under,O
75.0,Dag,B-PROPERTY
75.0,No.,I-PROPERTY
75.0,211,I-PROPERTY
75.0,of,O
75.0,the,O
75.0,said,O
75.0,patta,B-PROPERTY
75.0,was,I-PROPERTY
75.0,wrongly,I-PROPERTY
75.0,recorded,O
75.0,in,O
75.0,the,O
75.0,name,O
75.0,of,O
75.0,the,O
75.0,defendant,B-LEGAL_ROLE
75.0,No.,O
75.0,3,O
75.0,whereas,O
75.0,2,O
75.0,kathas,O
75.0,10,O
75.0,lechas,O
75.0,of,O
75.0,land,O
75.0,of,O
75.0,the,O
75.0,same,O
75.0,dag,B-PROPERTY
75.0,was,I-PROPERTY
75.0,recorded,I-PROPERTY
75.0,in,O
75.0,the,O
75.0,name,O
75.0,of,O
75.0,Somed,O
75.0,Ali.,O
,,O
76.0,This,O
76.0,second,O
76.0,appeal,B-DOCUMENT
76.0,is,O
76.0,preferred,O
76.0,by,O
76.0,plaintiff,B-PERSON
76.0,challenging,O
76.0,judgment,B-DOCUMENT
76.0,and,O
76.0,decree,B-DOCUMENT
76.0,dated,O
76.0,31.08.2001,B-DATE
76.0,passed,O
76.0,by,O
76.0,Civil,O
76.0,Judge,B-DESIGNATION
76.0,(Senior,O
76.0,"Division),",O
76.0,Nagaon,B-LOCATION
76.0,in,O
76.0,Title,B-CASE_NUMBER
76.0,Appeal,B-DOCUMENT
76.0,No.,B-CASE_NUMBER
76.0,21/2001,I-CASE_NUMBER
76.0,dismissing,O
76.0,the,O
76.0,appeal,B-DOCUMENT
76.0,and,O
76.0,upholding,O
76.0,the,O
76.0,judgment,B-DOCUMENT
76.0,and,O
76.0,decree,B-DOCUMENT
76.0,dated,O
76.0,24.04.2001,B-DATE
76.0,passed,O
76.0,by,O
76.0,the,O
76.0,Civil,O
76.0,Judge,B-DESIGNATION
76.0,(Junior,O
76.0,"Division),",O
76.0,No.,O
76.0,1,O
76.0,Nagaon,O
76.0,in,O
76.0,Title,O
76.0,Suit,O
76.0,No.,O
76.0,74/1994.,O
76.0,By,O
76.0,the,O
76.0,said,O
76.0,judgment,B-DOCUMENT
76.0,the,O
76.0,learned,B-COURT
76.0,trial,I-COURT
76.0,Court,I-COURT
76.0,had,O
76.0,dismissed,O
76.0,the,O
76.0,suit,O
76.0,of,O
76.0,the,O
76.0,plaintiff.,B-LEGAL_ROLE
76.0,I,O
76.0,have,O
76.0,heard,O
76.0,Mr.,O
76.0,G.P.,O
76.0,"Bhowmik,",O
76.0,learned,O
76.0,counsel,O
76.0,for,O
76.0,the,O
76.0,appellant.,B-LEGAL_ROLE
76.0,,O
76.0,appears,O
76.0,for,O
76.0,the,O
76.0,respondent,B-DESIGNATION
76.0,although,O
76.0,name,O
76.0,of,O
76.0,learned,O
76.0,counsel,O
76.0,for,O
76.0,the,O
76.0,respondent,B-DESIGNATION
76.0,has,O
76.0,been,O
76.0,shown,O
76.0,in,O
76.0,the,O
76.0,Cause,O
76.0,List.,O
76.0,While,O
76.0,admitting,O
76.0,the,O
76.0,second,O
76.0,appeal,B-DOCUMENT
76.0,on,O
76.0,"20.12.2002,",B-DATE
76.0,this,O
76.0,court,O
76.0,framed,O
76.0,two,O
76.0,substantial,O
76.0,qa_set,O
76.0,of,O
76.0,law.,O
76.0,They,O
76.0,are,O
76.0,as,O
76.0,follows:,O
76.0,Whether,O
76.0,the,O
76.0,registered,O
76.0,sale,O
76.0,deed,O
76.0,No.,O
76.0,1084/1987,O
76.0,dated,O
76.0,02.11.1987,B-DATE
76.0,executed,O
76.0,by,O
76.0,the,O
76.0,defendant,B-LEGAL_ROLE
76.0,/,O
76.0,respondent,B-DESIGNATION
76.0,in,O
76.0,favour,O
76.0,of,O
76.0,plaintiff,B-LEGAL_ROLE
76.0,/,O
76.0,appellant,B-DESIGNATION
76.0,amounts,O
76.0,to,O
76.0,a,O
76.0,deed,O
76.0,of,O
76.0,mortgage,O
76.0,by,O
76.0,conditional,O
76.0,sale?,O
76.0,Whether,O
76.0,the,O
76.0,unregistered,O
76.0,'Ekranama',O
76.0,(deed,O
76.0,of,O
76.0,agreement),O
76.0,Ext.-,O
76.0,'X',O
76.0,executed,O
76.0,between,O
76.0,the,O
76.0,parties,O
76.0,after,O
76.0,absolute,O
76.0,sale,O
76.0,of,O
76.0,the,O
76.0,suit,B-PROPERTY
76.0,land,I-PROPERTY
76.0,conferred,O
76.0,any,O
76.0,right,O
76.0,for,O
76.0,redemption,O
76.0,in,O
76.0,favour,O
76.0,of,O
76.0,defendant/,B-LEGAL_ROLE
76.0,respondent?,B-LEGAL_ROLE
,,O
77.0,The,O
77.0,defendant,B-LEGAL_ROLE
77.0,Nos.,O
77.0,1,O
77.0,to,O
77.0,"5,",O
77.0,contested,O
77.0,the,O
77.0,suit,O
77.0,by,O
77.0,filing,O
77.0,written,O
77.0,statement.,O
77.0,The,O
77.0,stand,O
77.0,taken,O
77.0,by,O
77.0,the,O
77.0,defendants,B-PERSON
77.0,in,O
77.0,their,O
77.0,written,B-DOCUMENT
77.0,statement,I-DOCUMENT
77.0,is,O
77.0,that,O
77.0,the,O
77.0,plaintiff,B-PERSON
77.0,never,O
77.0,held,O
77.0,or,O
77.0,possessed,O
77.0,the,O
77.0,suit,B-PROPERTY
77.0,land,I-PROPERTY
77.0,as,O
77.0,tenant,O
77.0,or,O
77.0,"otherwise,",O
77.0,that,O
77.0,he,O
77.0,is,O
77.0,not,O
77.0,entitled,O
77.0,to,O
77.0,acquire,O
77.0,any,O
77.0,right,O
77.0,of,O
77.0,tenancy,O
77.0,over,O
77.0,the,O
77.0,suit,O
77.0,"land,",O
77.0,that,O
77.0,the,O
77.0,so-called,O
77.0,Khatian,B-PROPERTY
77.0,was,O
77.0,illegal,O
77.0,and,O
77.0,fraudulent,O
77.0,and,O
77.0,that,O
77.0,the,O
77.0,plaintiff,B-LEGAL_ROLE
77.0,managed,O
77.0,to,O
77.0,procure,O
77.0,the,O
77.0,same,O
77.0,'surreptitiously,O
77.0,by,O
77.0,influencing,O
77.0,the,O
77.0,land,O
77.0,records,O
77.0,staffs'.,O
77.0,The,O
77.0,defendants,O
77.0,further,O
77.0,stated,O
77.0,that,O
77.0,their,O
77.0,predecessors,O
77.0,never,O
77.0,had,O
77.0,any,O
77.0,knowledge,O
77.0,of,O
77.0,getting,O
77.0,such,O
77.0,Khatian,B-PROPERTY
77.0,by,I-PROPERTY
77.0,the,I-PROPERTY
77.0,plaintiff,B-LEGAL_ROLE
77.0,and,O
77.0,there,O
77.0,was,O
77.0,no,O
77.0,field,O
77.0,survey,B-PROPERTY
77.0,for,I-PROPERTY
77.0,the,I-PROPERTY
77.0,purpose.,O
77.0,"However,",O
77.0,having,O
77.0,come,O
77.0,to,O
77.0,know,O
77.0,about,O
77.0,the,O
77.0,Khatian,B-PROPERTY
77.0,for,I-PROPERTY
77.0,the,I-PROPERTY
77.0,first,O
77.0,time,O
77.0,during,O
77.0,the,O
77.0,pendency,O
77.0,of,O
77.0,proceeding,O
77.0,under,O
77.0,Section,B-SECTION
77.0,145,I-SECTION
77.0,Cr.P.C.,B-LAW
77.0,they,B-SECTION
77.0,filed,I-SECTION
77.0,a,I-SECTION
77.0,revision,I-SECTION
77.0,case,B-CASE_NUMBER
77.0,before,B-SECTION
77.0,the,I-SECTION
77.0,Government,I-SECTION
77.0,vide,I-SECTION
77.0,RRT,I-SECTION
77.0,No.,I-SECTION
77.0,235,I-SECTION
77.0,of,I-SECTION
77.0,1995,I-SECTION
77.0,and,I-SECTION
77.0,the,I-SECTION
77.0,same,I-SECTION
77.0,was,I-SECTION
77.0,pending.,I-SECTION
77.0,On,I-SECTION
77.0,these,I-SECTION
77.0,"facts,",I-SECTION
77.0,the,I-SECTION
77.0,defendants,I-SECTION
77.0,prayed,I-SECTION
77.0,that,I-SECTION
77.0,the,I-SECTION
77.0,suit,I-SECTION
77.0,of,I-SECTION
77.0,the,I-SECTION
77.0,plaintiff,I-SECTION
77.0,be,I-SECTION
77.0,dismissed,I-SECTION
77.0,with,I-SECTION
77.0,cost.,I-SECTION
,,O
78.0,The,O
78.0,defendant,B-LEGAL_ROLE
78.0,"Nos.1,",O
78.0,4,O
78.0,and,O
78.0,11,O
78.0,as,O
78.0,well,O
78.0,as,O
78.0,22,O
78.0,and,O
78.0,23,O
78.0,contested,O
78.0,the,O
78.0,suit,O
78.0,by,O
78.0,filing,O
78.0,two,O
78.0,sets,O
78.0,of,O
78.0,written,O
78.0,statements.,O
78.0,The,O
78.0,defendant,B-LEGAL_ROLE
78.0,"Nos.1,",O
78.0,4,O
78.0,and,O
78.0,11,O
78.0,in,O
78.0,their,O
78.0,written,O
78.0,statement,O
78.0,have,O
78.0,pleaded,O
78.0,that,O
78.0,the,O
78.0,suit,B-PROPERTY
78.0,land,I-PROPERTY
78.0,along,O
78.0,with,O
78.0,other,O
78.0,land,O
78.0,originally,O
78.0,belonged,O
78.0,to,O
78.0,Mohammad,B-PERSON
78.0,Hussain,I-PERSON
78.0,and,O
78.0,after,O
78.0,his,O
78.0,death,O
78.0,the,O
78.0,said,O
78.0,land,O
78.0,devolved,O
78.0,on,O
78.0,three,O
78.0,"sons,",O
78.0,"namely,",O
78.0,"Taher,",O
78.0,Wahid,B-PERSON
78.0,and,O
78.0,Amijur.,O
78.0,It,O
78.0,is,O
78.0,the,O
78.0,pleaded,O
78.0,case,B-CASE_NUMBER
78.0,of,O
78.0,the,O
78.0,said,O
78.0,defendants,O
78.0,that,O
78.0,Amijur,B-PERSON
78.0,sold,O
78.0,his,O
78.0,share,O
78.0,of,O
78.0,land,B-PROPERTY
78.0,measuring,I-PROPERTY
78.0,2,I-PROPERTY
78.0,kathas,I-PROPERTY
78.0,2,I-PROPERTY
78.0,lechas,I-PROPERTY
78.0,in,O
78.0,favour,O
78.0,of,O
78.0,the,O
78.0,defendant,B-LEGAL_ROLE
78.0,"No.1,",O
78.0,for,O
78.0,"which,",O
78.0,"however,",O
78.0,no,O
78.0,sale,O
78.0,deed,O
78.0,has,O
78.0,been,O
78.0,executed.,O
78.0,They,O
78.0,have,O
78.0,also,O
78.0,claimed,O
78.0,that,O
78.0,the,O
78.0,defendant,B-PERSON
78.0,No.1,I-PERSON
78.0,has,O
78.0,acquired,O
78.0,the,O
78.0,right,O
78.0,over,O
78.0,the,O
78.0,property,O
78.0,by,O
78.0,adverse,O
78.0,possession,O
78.0,having,O
78.0,occupied,O
78.0,the,O
78.0,suit,O
78.0,land,O
78.0,for,O
78.0,more,O
78.0,than,O
78.0,12,O
78.0,years,O
78.0,openly,O
78.0,and,O
78.0,denouncing,O
78.0,the,O
78.0,title,O
78.0,of,O
78.0,the,O
78.0,rightful,O
78.0,owner,O
78.0,since,O
78.0,the,O
78.0,year,O
78.0,1962.,O
78.0,According,O
78.0,to,O
78.0,"them,",O
78.0,they,O
78.0,came,O
78.0,into,O
78.0,possession,O
78.0,of,O
78.0,the,O
78.0,said,O
78.0,land,O
78.0,on,O
78.0,being,O
78.0,put,O
78.0,by,O
78.0,Amijur.,O
78.0,The,O
78.0,defendant,B-LEGAL_ROLE
78.0,Nos.22,O
78.0,and,O
78.0,23,O
78.0,in,O
78.0,their,O
78.0,joint,O
78.0,written,O
78.0,statement,O
78.0,have,O
78.0,claimed,O
78.0,that,O
78.0,land,B-PROPERTY
78.0,measuring,I-PROPERTY
78.0,1,I-PROPERTY
78.0,katha,I-PROPERTY
78.0,14,I-PROPERTY
78.0,lechas,I-PROPERTY
78.0,was,O
78.0,sold,O
78.0,to,O
78.0,them,O
78.0,by,O
78.0,the,O
78.0,plaintiff,B-PERSON
78.0,by,O
78.0,a,O
78.0,registered,O
78.0,deed,O
78.0,of,O
78.0,sale,O
78.0,No.4140/92.,O
,,O
79.0,The,O
79.0,pleaded,O
79.0,case,B-CASE_NUMBER
79.0,in,O
79.0,the,O
79.0,plaint,B-DOCUMENT
79.0,is,O
79.0,that,O
79.0,the,O
79.0,respondent/plaintiff,O
79.0,is,O
79.0,a,O
79.0,limited,B-ORGANIZATION
79.0,liability,I-ORGANIZATION
79.0,company,I-ORGANIZATION
79.0,registered,O
79.0,under,O
79.0,the,O
79.0,Indian,O
79.0,Companies,O
79.0,"Act,",O
79.0,"1956,",O
79.0,and,O
79.0,it,O
79.0,has,O
79.0,a,O
79.0,number,O
79.0,of,O
79.0,tea,O
79.0,estates,O
79.0,in,O
79.0,Assam,B-LOCATION
79.0,and,O
79.0,it,O
79.0,owns,O
79.0,and,O
79.0,"manages,",O
79.0,amongst,O
79.0,"others,",O
79.0,Dehing,B-ORGANIZATION
79.0,Tea,I-ORGANIZATION
79.0,Estate,I-ORGANIZATION
79.0,at,O
79.0,Margherita.,O
79.0,The,O
79.0,plaintiff,B-PERSON
79.0,is,O
79.0,the,O
79.0,absolute,O
79.0,owner,O
79.0,of,O
79.0,the,O
79.0,suit,B-PROPERTY
79.0,premises,I-PROPERTY
79.0,described,O
79.0,in,O
79.0,the,O
79.0,schedule,B-DOCUMENT
79.0,and,O
79.0,the,O
79.0,same,O
79.0,was,O
79.0,allotted,O
79.0,as,O
79.0,an,O
79.0,incidence,O
79.0,of,O
79.0,employment,O
79.0,to,O
79.0,a,O
79.0,permanent,O
79.0,worker,O
79.0,named,O
79.0,Smti,O
79.0,Nandi,O
79.0,"Gore,",O
79.0,wife,O
79.0,of,O
79.0,one,O
79.0,Rajesh,O
79.0,"Gore,",O
79.0,who,O
79.0,is,O
79.0,the,O
79.0,elder,O
79.0,brother,O
79.0,of,O
79.0,the,O
79.0,defendant.,B-LEGAL_ROLE
79.0,In,O
79.0,the,O
79.0,month,O
79.0,of,O
79.0,"December,",B-DATE
79.0,"1981,",O
79.0,the,O
79.0,"defendant,",B-LEGAL_ROLE
79.0,who,O
79.0,is,O
79.0,not,O
79.0,a,O
79.0,worker,O
79.0,of,O
79.0,Dehing,O
79.0,Tea,O
79.0,"Estate,",O
79.0,forcibly,O
79.0,dispossessed,O
79.0,her,O
79.0,and,O
79.0,started,O
79.0,occupying,O
79.0,the,O
79.0,same,O
79.0,unauthorisedly,O
79.0,and,O
79.0,"thus,",O
79.0,he,O
79.0,had,O
79.0,become,O
79.0,a,O
79.0,trespasser.,O
79.0,Despite,O
79.0,being,O
79.0,asked,O
79.0,several,O
79.0,times,O
79.0,to,O
79.0,vacate,O
79.0,the,O
79.0,suit,O
79.0,"premises,",O
79.0,the,O
79.0,defendant,B-PERSON
79.0,did,O
79.0,not,O
79.0,do,O
79.0,so.,O
79.0,Though,O
79.0,the,O
79.0,defendant,B-LEGAL_ROLE
79.0,being,O
79.0,a,O
79.0,trespasser,O
79.0,was,O
79.0,otherwise,O
79.0,not,O
79.0,entitled,O
79.0,to,O
79.0,a,O
79.0,"notice,",B-DOCUMENT
79.0,a,O
79.0,legal,B-DOCUMENT
79.0,notice,I-DOCUMENT
79.0,dated,O
79.0,09.10.1985,B-DATE
79.0,was,O
79.0,served,O
79.0,on,O
79.0,the,O
79.0,defendant,B-LEGAL_ROLE
79.0,asking,O
79.0,him,O
79.0,to,O
79.0,"quit,",O
79.0,vacate,O
79.0,and,O
79.0,deliver,O
79.0,up,O
79.0,vacant,O
79.0,possession,O
79.0,of,O
79.0,the,O
79.0,suit,O
79.0,premises,O
79.0,immediately,O
79.0,on,O
79.0,expiry,O
79.0,of,O
79.0,31st,O
79.0,"October,",B-DATE
79.0,1985.,O
79.0,As,O
79.0,defendant,B-LEGAL_ROLE
79.0,did,O
79.0,not,O
79.0,vacate,O
79.0,the,O
79.0,suit,O
79.0,"premises,",O
79.0,the,O
79.0,suit,O
79.0,was,O
79.0,filed,O
79.0,praying,O
79.0,"for,",O
79.0,amongst,O
79.0,"others,",O
79.0,a,O
79.0,decree,B-DOCUMENT
79.0,for,O
79.0,khas,O
79.0,possession,O
79.0,of,O
79.0,the,O
79.0,suit,O
79.0,premises,O
79.0,by,O
79.0,evicting,O
79.0,the,O
79.0,defendant,B-LEGAL_ROLE
79.0,with,O
79.0,all,O
79.0,his,O
79.0,belongings,O
79.0,and,O
79.0,"dependants,",O
79.0,if,O
79.0,"any,",O
79.0,from,O
79.0,the,O
79.0,suit,O
79.0,premises,O
79.0,described,O
79.0,in,O
79.0,the,O
79.0,schedule.,O
,,O
80.0,The,B-PERSON
80.0,appellant,B-DESIGNATION
80.0,as,O
80.0,plaintiff,B-PERSON
80.0,instituted,O
80.0,the,O
80.0,aforesaid,O
80.0,suit,O
80.0,for,O
80.0,declaration,O
80.0,of,O
80.0,"right,",O
80.0,title,O
80.0,and,O
80.0,interest,O
80.0,in,O
80.0,respect,O
80.0,of,O
80.0,the,O
80.0,land,O
80.0,measuring,O
80.0,6,O
80.0,bighas,O
80.0,3,O
80.0,kathas,O
80.0,10,O
80.0,lechas,O
80.0,in,O
80.0,Dag,B-PROPERTY
80.0,No.85,I-PROPERTY
80.0,of,I-PROPERTY
80.0,annual,O
80.0,patta,B-PROPERTY
80.0,"No.19,",I-PROPERTY
80.0,more,I-PROPERTY
80.0,fully,O
80.0,described,O
80.0,in,O
80.0,schedule,O
80.0,to,O
80.0,the,O
80.0,"plaint,",B-DOCUMENT
80.0,and,O
80.0,also,O
80.0,for,O
80.0,recovery,O
80.0,of,O
80.0,khas,O
80.0,possession,O
80.0,by,O
80.0,evicting,O
80.0,the,O
80.0,defendants,B-PERSON
80.0,"therefrom,",O
80.0,contending,O
80.0,inter,O
80.0,alia,O
80.0,that,O
80.0,he,O
80.0,is,O
80.0,the,O
80.0,owner,O
80.0,of,O
80.0,the,O
80.0,land,B-PROPERTY
80.0,measuring,I-PROPERTY
80.0,11,I-PROPERTY
80.0,bighas,I-PROPERTY
80.0,3,I-PROPERTY
80.0,kathas,I-PROPERTY
80.0,12,I-PROPERTY
80.0,lechas,I-PROPERTY
80.0,covered,O
80.0,by,O
80.0,Dag,B-PROPERTY
80.0,Nos.85,I-PROPERTY
80.0,and,I-PROPERTY
80.0,86,O
80.0,of,O
80.0,annual,O
80.0,patta,B-PROPERTY
80.0,"No.19,",I-PROPERTY
80.0,out,I-PROPERTY
80.0,of,O
80.0,which,O
80.0,though,O
80.0,his,O
80.0,possession,O
80.0,in,O
80.0,respect,O
80.0,of,O
80.0,5,O
80.0,bighas,O
80.0,of,O
80.0,land,O
80.0,in,O
80.0,Dag,B-PROPERTY
80.0,No.86,I-PROPERTY
80.0,is,I-PROPERTY
80.0,not,O
80.0,"disturbed,",O
80.0,the,O
80.0,defendants,O
80.0,dispossessed,O
80.0,the,O
80.0,plaintiff,B-LEGAL_ROLE
80.0,from,O
80.0,the,O
80.0,land,O
80.0,measuring,O
80.0,6,O
80.0,bighas,O
80.0,3,O
80.0,kathas,O
80.0,10,O
80.0,lechas,O
80.0,in,O
80.0,Dag,B-PROPERTY
80.0,No.85,I-PROPERTY
80.0,of,I-PROPERTY
80.0,annual,O
80.0,patta,B-PROPERTY
80.0,"No.19,",I-PROPERTY
80.0,which,I-PROPERTY
80.0,is,O
80.0,the,O
80.0,suit,O
80.0,"land,",O
80.0,which,O
80.0,necessitated,O
80.0,filing,O
80.0,of,O
80.0,the,O
80.0,suit,O
80.0,as,O
80.0,aforesaid.,O
,,O
81.0,On,O
81.0,15.06.2012,B-DATE
81.0,(Annexure–8,O
81.0,of,O
81.0,the,O
81.0,writ,O
81.0,"petition),",B-DOCUMENT
81.0,the,O
81.0,respondent,B-DESIGNATION
81.0,no.,B-PERSON
81.0,2,I-PERSON
81.0,issued,O
81.0,a,O
81.0,notice,B-DOCUMENT
81.0,inviting,O
81.0,candidates,B-PERSON
81.0,only,O
81.0,from,O
81.0,Category–I,O
81.0,from,O
81.0,serial,O
81.0,no.,O
81.0,1,O
81.0,to,O
81.0,34,O
81.0,for,O
81.0,allotment,O
81.0,of,O
81.0,MBBS,O
81.0,seats,O
81.0,and,O
81.0,inviting,O
81.0,applications,O
81.0,from,O
81.0,them,O
81.0,indicating,O
81.0,their,O
81.0,preference,O
81.0,of,O
81.0,colleges,O
81.0,as,O
81.0,per,O
81.0,seats,O
81.0,made,O
81.0,available,O
81.0,to,O
81.0,the,O
81.0,State,O
81.0,during,O
81.0,the,O
81.0,last,O
81.0,year.,O
81.0,On,O
81.0,18.06.2012,B-DATE
81.0,(Annexure–9,O
81.0,of,O
81.0,the,O
81.0,writ,O
81.0,"petition),",B-DOCUMENT
81.0,a,O
81.0,list,O
81.0,was,O
81.0,published,O
81.0,in,O
81.0,the,O
81.0,web,O
81.0,site,O
81.0,of,O
81.0,the,O
81.0,Directorate,B-ORGANIZATION
81.0,of,I-ORGANIZATION
81.0,Higher,I-ORGANIZATION
81.0,and,I-ORGANIZATION
81.0,Technical,I-ORGANIZATION
81.0,Education,I-ORGANIZATION
81.0,indicating,O
81.0,number,O
81.0,of,O
81.0,seats,O
81.0,already,O
81.0,received/yet,O
81.0,to,O
81.0,be,O
81.0,received,O
81.0,in,O
81.0,the,O
81.0,different,O
81.0,colleges,O
81.0,in,O
81.0,the,O
81.0,country,O
81.0,from,O
81.0,the,O
81.0,Government,B-ORGANIZATION
81.0,of,I-ORGANIZATION
81.0,India,I-ORGANIZATION
81.0,and,O
81.0,the,O
81.0,regional,O
81.0,institutions.,O
81.0,In,O
81.0,the,O
81.0,said,O
81.0,"list,",O
81.0,it,O
81.0,was,O
81.0,mentioned,O
81.0,that,O
81.0,GOI,B-ORGANIZATION
81.0,seats,O
81.0,are,O
81.0,shared,O
81.0,with,O
81.0,all,O
81.0,Categories,O
81.0,as,O
81.0,per,O
81.0,reservation,O
81.0,policy,O
81.0,of,O
81.0,the,O
81.0,State,B-ORGANIZATION
81.0,Government,I-ORGANIZATION
81.0,and,O
81.0,the,O
81.0,regional,O
81.0,seats,O
81.0,are,O
81.0,reserved,O
81.0,for,O
81.0,Category–I.,O
81.0,"Thereafter,",O
81.0,another,O
81.0,list,O
81.0,(Annexure–10,O
81.0,of,O
81.0,the,O
81.0,writ,O
81.0,petition),B-DOCUMENT
81.0,was,O
81.0,published,O
81.0,showing,O
81.0,allotment,O
81.0,of,O
81.0,PCB,O
81.0,group,O
81.0,seats,O
81.0,as,O
81.0,per,O
81.0,the,O
81.0,minutes,O
81.0,of,O
81.0,the,O
81.0,meeting,O
81.0,held,O
81.0,on,O
81.0,02.07.2012,B-DATE
81.0,which,O
81.0,shows,O
81.0,that,O
81.0,34,O
81.0,MBBS,O
81.0,seats,O
81.0,were,O
81.0,allotted,O
81.0,to,O
81.0,34,O
81.0,Category–I,O
81.0,candidates.,O
,,O
82.0,In,O
82.0,this,O
82.0,writ,O
82.0,"petition,",B-DOCUMENT
82.0,the,O
82.0,petitioner,B-DESIGNATION
82.0,is,O
82.0,challenging,O
82.0,the,O
82.0,legality,O
82.0,of,O
82.0,the,O
82.0,order,B-DOCUMENT
82.0,dated,O
82.0,28-6-2005,B-DATE
82.0,issued,O
82.0,by,O
82.0,the,O
82.0,Zonal,O
82.0,Manager,O
82.0,(E)/Disciplinary,O
82.0,"Authority,",O
82.0,"FCI,",O
82.0,Guwahati,B-LOCATION
82.0,(respondent,B-LEGAL_ROLE
82.0,No.,O
82.0,3),O
82.0,imposing,O
82.0,penalty,O
82.0,for,O
82.0,recovery,O
82.0,of,O
82.0,"`42,767/-",O
82.0,from,O
82.0,the,O
82.0,pay,O
82.0,of,O
82.0,the,O
82.0,petitioner,B-DESIGNATION
82.0,and,O
82.0,the,O
82.0,order,B-DOCUMENT
82.0,dated,O
82.0,28.06.2005,B-DATE
82.0,issued,O
82.0,by,O
82.0,the,O
82.0,Managing,O
82.0,"Director,",O
82.0,"FCI,",O
82.0,New,B-LOCATION
82.0,Delhi,I-LOCATION
82.0,rejecting,O
82.0,the,O
82.0,appeal,B-DOCUMENT
82.0,filed,O
82.0,by,O
82.0,him.,O
82.0,The,O
82.0,facts,O
82.0,giving,O
82.0,rise,O
82.0,to,O
82.0,the,O
82.0,filing,O
82.0,of,O
82.0,this,O
82.0,writ,B-DOCUMENT
82.0,petition,B-DOCUMENT
82.0,are,O
82.0,that,O
82.0,when,O
82.0,the,O
82.0,petitioner,B-DESIGNATION
82.0,was,O
82.0,functioning,O
82.0,as,O
82.0,Asstt.,O
82.0,Manager,O
82.0,"(Cont.),",O
82.0,"FCI,",O
82.0,"R.O.,",O
82.0,"Guwahati,",O
82.0,the,O
82.0,Food,B-ORGANIZATION
82.0,Corporation,I-ORGANIZATION
82.0,of,I-ORGANIZATION
82.0,India,I-ORGANIZATION
82.0,(for,O
82.0,short,O
82.0,'Corporation'),O
82.0,on,O
82.0,14-10-1996,B-DATE
82.0,floated,O
82.0,NIT,O
82.0,for,O
82.0,appointment,O
82.0,of,O
82.0,regular,O
82.0,Transport,O
82.0,Contractor,O
82.0,on,O
82.0,point,O
82.0,to,O
82.0,point,O
82.0,basis,O
82.0,for,O
82.0,2,O
82.0,years,O
82.0,from,O
82.0,New,O
82.0,Bongaigaon/Bongaigaon,O
82.0,Railway,O
82.0,siding,O
82.0,to,O
82.0,four,O
82.0,godowns,O
82.0,including,O
82.0,one,O
82.0,ASWC,O
82.0,"godown,",O
82.0,Bongaigaon,B-LOCATION
82.0,as,O
82.0,the,O
82.0,fourth,O
82.0,godown.,O
82.0,"Altogether,",O
82.0,7,O
82.0,persons,O
82.0,had,O
82.0,submitted,O
82.0,their,O
82.0,tenders.,O
82.0,According,O
82.0,to,O
82.0,the,O
82.0,"petitioner,",B-LEGAL_ROLE
82.0,after,O
82.0,opening,O
82.0,the,O
82.0,tenders,B-DOCUMENT
82.0,on,O
82.0,"08.11.1996,",B-DATE
82.0,the,O
82.0,dealing,O
82.0,assistant,O
82.0,in,O
82.0,the,O
82.0,Contract,O
82.0,"Section,",B-SECTION
82.0,"FCI,",O
82.0,"R.O.,",O
82.0,Guwahati,O
82.0,made,O
82.0,calculations,O
82.0,of,O
82.0,the,O
82.0,rates,O
82.0,quoted,O
82.0,by,O
82.0,different,O
82.0,tenders,O
82.0,and,O
82.0,had,O
82.0,shown,O
82.0,that,O
82.0,one,O
82.0,Sri,B-PERSON
82.0,Hemandrajit,I-PERSON
82.0,Thakuria,I-PERSON
82.0,had,O
82.0,quoted,O
82.0,the,O
82.0,lowest,O
82.0,average,O
82.0,rates,O
82.0,for,O
82.0,the,O
82.0,said,O
82.0,four,O
82.0,godowns.,O
,,O
83.0,In,O
83.0,this,O
83.0,writ,O
83.0,"petition,",B-DOCUMENT
83.0,the,O
83.0,petitioner,B-DESIGNATION
83.0,is,O
83.0,aggrieved,O
83.0,by,O
83.0,the,O
83.0,refusal,O
83.0,of,O
83.0,the,O
83.0,State-respondents,B-ORGANIZATION
83.0,to,O
83.0,consider,O
83.0,her,O
83.0,appointment,O
83.0,as,O
83.0,a,O
83.0,Subject,O
83.0,Teacher,O
83.0,in,O
83.0,Assamese,O
83.0,at,O
83.0,Dakshinpat,O
83.0,H.S.,O
83.0,"School,",O
83.0,Nagaon,B-LOCATION
83.0,or,O
83.0,at,O
83.0,nearby,O
83.0,school,O
83.0,against,O
83.0,3%,O
83.0,quota,O
83.0,reserved,O
83.0,for,O
83.0,physically,O
83.0,handicapped,O
83.0,persons.,O
83.0,According,O
83.0,to,O
83.0,the,O
83.0,"petitioner,",B-LEGAL_ROLE
83.0,she,B-PERSON
83.0,is,O
83.0,an,O
83.0,M.A.,O
83.0,in,O
83.0,Assamese,O
83.0,and,O
83.0,passed,O
83.0,her,O
83.0,final,O
83.0,examination,O
83.0,from,O
83.0,Gauhati,B-ORGANIZATION
83.0,University,I-ORGANIZATION
83.0,in,O
83.0,2003,B-DATE
83.0,in,O
83.0,II,O
83.0,Class.,O
83.0,She,B-PERSON
83.0,has,O
83.0,additional,O
83.0,Diploma,O
83.0,certificate,O
83.0,in,O
83.0,Computer.,O
83.0,She,O
83.0,is,O
83.0,also,O
83.0,a,O
83.0,physically,O
83.0,handicapped,O
83.0,person,O
83.0,(Orthopadically,O
83.0,handicapped),O
83.0,to,O
83.0,the,O
83.0,extent,O
83.0,of,O
83.0,50%,O
83.0,disability,O
83.0,and,O
83.0,claims,O
83.0,that,O
83.0,she,O
83.0,is,O
83.0,entitled,O
83.0,to,O
83.0,appointment,O
83.0,to,O
83.0,the,O
83.0,post,O
83.0,of,O
83.0,Subject,O
83.0,Teacher,O
83.0,in,O
83.0,Assamese,O
83.0,at,O
83.0,Dakshinpat,O
83.0,Higher,O
83.0,Secondary,O
83.0,School.,O
83.0,The,O
83.0,Director,B-ORGANIZATION
83.0,of,I-ORGANIZATION
83.0,Secondary,I-ORGANIZATION
83.0,"Education,",I-ORGANIZATION
83.0,Assam,I-ORGANIZATION
83.0,issued,O
83.0,the,O
83.0,advertisement,B-DOCUMENT
83.0,dated,O
83.0,"3.6.2007,",B-DATE
83.0,which,O
83.0,published,O
83.0,in,O
83.0,the,O
83.0,daily,O
83.0,'Assam,O
83.0,Tribune',O
83.0,inviting,O
83.0,applications,O
83.0,from,O
83.0,the,O
83.0,candidates,O
83.0,against,O
83.0,the,O
83.0,existing,O
83.0,post,O
83.0,of,O
83.0,158,O
83.0,numbers,O
83.0,of,O
83.0,Subject,O
83.0,Teacher,O
83.0,in,O
83.0,the,O
83.0,provincialised,O
83.0,Higher,O
83.0,Secondary,O
83.0,"Schools,",O
83.0,Assam.,O
83.0,In,O
83.0,that,O
83.0,"advertisement,",O
83.0,a,O
83.0,subject,B-DOCUMENT
83.0,wise,I-DOCUMENT
83.0,list,I-DOCUMENT
83.0,was,O
83.0,also,O
83.0,"published,",O
83.0,wherein,O
83.0,one,O
83.0,post,O
83.0,of,O
83.0,Subject,O
83.0,Teacher,O
83.0,in,O
83.0,Assamese,O
83.0,at,O
83.0,Dakshinpat,B-LOCATION
83.0,Higher,I-LOCATION
83.0,Secondary,I-LOCATION
83.0,School,I-LOCATION
83.0,was,O
83.0,shown,O
83.0,to,O
83.0,be,O
83.0,vacant.,O
,,O
84.0,It,O
84.0,is,O
84.0,against,O
84.0,this,O
84.0,"order,",B-DOCUMENT
84.0,the,O
84.0,assessee,O
84.0,had,O
84.0,felt,O
84.0,aggrieved,O
84.0,and,O
84.0,filed,O
84.0,this,O
84.0,writ,O
84.0,petition,B-DOCUMENT
84.0,under,O
84.0,Article,B-SECTION
84.0,226/227,I-SECTION
84.0,of,I-SECTION
84.0,the,I-SECTION
84.0,Constitution,B-LAW
84.0,of,B-SECTION
84.0,India.,I-SECTION
84.0,Heard,I-SECTION
84.0,Mr.,I-SECTION
84.0,GK,I-SECTION
84.0,"Joshi,",I-SECTION
84.0,learned,I-SECTION
84.0,senior,I-SECTION
84.0,counsel,I-SECTION
84.0,for,I-SECTION
84.0,the,I-SECTION
84.0,petitioner,B-DESIGNATION
84.0,and,B-SECTION
84.0,the,I-SECTION
84.0,learned,I-SECTION
84.0,Standing,I-SECTION
84.0,Counsel,I-SECTION
84.0,for,I-SECTION
84.0,the,I-SECTION
84.0,Income,I-SECTION
84.0,Tax,I-SECTION
84.0,Department.,I-SECTION
84.0,Learned,I-SECTION
84.0,senior,I-SECTION
84.0,counsel,I-SECTION
84.0,for,I-SECTION
84.0,the,I-SECTION
84.0,"petitioner,",I-SECTION
84.0,placing,I-SECTION
84.0,reliance,I-SECTION
84.0,on,I-SECTION
84.0,the,I-SECTION
84.0,law,I-SECTION
84.0,laid,I-SECTION
84.0,down,I-SECTION
84.0,in,I-SECTION
84.0,122,I-SECTION
84.0,ITR,I-SECTION
84.0,610,I-SECTION
84.0,"(Guj),",I-SECTION
84.0,132,I-SECTION
84.0,ITR,I-SECTION
84.0,619,I-SECTION
84.0,"(All),",I-SECTION
84.0,150,I-SECTION
84.0,ITR,I-SECTION
84.0,105,I-SECTION
84.0,"(Ker),",I-SECTION
84.0,211,I-SECTION
84.0,ITR,I-SECTION
84.0,925,I-SECTION
84.0,"(Guj),",I-SECTION
84.0,251,I-SECTION
84.0,ITR,I-SECTION
84.0,873,I-SECTION
84.0,"(Guj),",I-SECTION
84.0,262,I-SECTION
84.0,ITR,I-SECTION
84.0,638,I-SECTION
84.0,"(Cal),",I-SECTION
84.0,262,I-SECTION
84.0,ITR,I-SECTION
84.0,633,I-SECTION
84.0,"(Cal),",I-SECTION
84.0,77,I-SECTION
84.0,ITR,I-SECTION
84.0,6,I-SECTION
84.0,"(SC),",I-SECTION
84.0,210,I-SECTION
84.0,ITR,I-SECTION
84.0,799,I-SECTION
84.0,"(Guj),",I-SECTION
84.0,276,I-SECTION
84.0,ITR,I-SECTION
84.0,165,I-SECTION
84.0,"(Guj),",I-SECTION
84.0,339,I-SECTION
84.0,ITR,I-SECTION
84.0,310,I-SECTION
84.0,"(Guj),",I-SECTION
84.0,258,I-SECTION
84.0,ITR,I-SECTION
84.0,401,I-SECTION
84.0,"(Del),",I-SECTION
84.0,267,I-SECTION
84.0,ITR,I-SECTION
84.0,289,I-SECTION
84.0,"(Ker),",I-SECTION
84.0,349,I-SECTION
84.0,ITR,I-SECTION
84.0,404,I-SECTION
84.0,"(Bom),",I-SECTION
84.0,contended,I-SECTION
84.0,that,I-SECTION
84.0,the,I-SECTION
84.0,Commissioner,I-SECTION
84.0,erred,I-SECTION
84.0,in,I-SECTION
84.0,rejecting,I-SECTION
84.0,the,I-SECTION
84.0,petitioner’s,O
84.0,revision,B-DOCUMENT
84.0,as,O
84.0,not,O
84.0,maintainable.,O
84.0,It,O
84.0,was,O
84.0,his,O
84.0,submission,O
84.0,that,O
84.0,applying,O
84.0,the,O
84.0,principle,O
84.0,laid,O
84.0,down,O
84.0,in,O
84.0,the,O
84.0,decisions,O
84.0,cited,O
84.0,at,O
84.0,the,O
84.0,"bar,",O
84.0,the,O
84.0,revision,B-DOCUMENT
84.0,filed,O
84.0,by,O
84.0,the,O
84.0,petitioner,B-DESIGNATION
84.0,under,O
84.0,section,B-SECTION
84.0,264,I-SECTION
84.0,should,I-SECTION
84.0,have,I-SECTION
84.0,been,I-SECTION
84.0,held,I-SECTION
84.0,maintainable,I-SECTION
84.0,"and,",I-SECTION
84.0,"therefore,",I-SECTION
84.0,it,I-SECTION
84.0,should,I-SECTION
84.0,have,I-SECTION
84.0,been,I-SECTION
84.0,entertained,I-SECTION
84.0,for,I-SECTION
84.0,deciding,I-SECTION
84.0,the,I-SECTION
84.0,same,I-SECTION
84.0,on,I-SECTION
84.0,its,I-SECTION
84.0,merits.,I-SECTION
84.0,In,I-SECTION
84.0,"reply,",I-SECTION
84.0,learned,I-SECTION
84.0,counsel,I-SECTION
84.0,for,I-SECTION
84.0,the,I-SECTION
84.0,respondent,B-DESIGNATION
84.0,(revenue),B-SECTION
84.0,supported,I-SECTION
84.0,the,I-SECTION
84.0,impugned,I-SECTION
84.0,order,I-SECTION
84.0,and,I-SECTION
84.0,prayed,I-SECTION
84.0,for,I-SECTION
84.0,its,I-SECTION
84.0,upholding.,I-SECTION
84.0,Having,I-SECTION
84.0,heard,I-SECTION
84.0,the,I-SECTION
84.0,learned,I-SECTION
84.0,counsel,I-SECTION
84.0,for,I-SECTION
84.0,the,I-SECTION
84.0,parties,I-SECTION
84.0,and,I-SECTION
84.0,upon,I-SECTION
84.0,perusal,I-SECTION
84.0,of,I-SECTION
84.0,the,I-SECTION
84.0,record,I-SECTION
84.0,of,I-SECTION
84.0,the,I-SECTION
84.0,"case,",I-SECTION
84.0,we,I-SECTION
84.0,find,I-SECTION
84.0,force,I-SECTION
84.0,in,I-SECTION
84.0,the,I-SECTION
84.0,submissions,I-SECTION
84.0,of,I-SECTION
84.0,learned,I-SECTION
84.0,counsel,I-SECTION
84.0,for,I-SECTION
84.0,the,I-SECTION
84.0,petitioner,B-DESIGNATION
84.0,and,B-SECTION
84.0,"hence,",I-SECTION
84.0,are,I-SECTION
84.0,inclined,I-SECTION
84.0,to,I-SECTION
84.0,allow,I-SECTION
84.0,the,I-SECTION
84.0,writ,I-SECTION
84.0,"petition,",I-SECTION
84.0,in,I-SECTION
84.0,"part,",I-SECTION
84.0,as,I-SECTION
84.0,indicated,I-SECTION
84.0,infra.,I-SECTION
,,O
85.0,Mr.,O
85.0,A.,O
85.0,"Alom,",O
85.0,learned,B-PERSON
85.0,counsel,I-PERSON
85.0,appearing,O
85.0,for,O
85.0,the,O
85.0,"petitioner,",B-LEGAL_ROLE
85.0,assailing,O
85.0,impugned,O
85.0,action,O
85.0,of,O
85.0,the,O
85.0,respondent,B-DESIGNATION
85.0,"No.7,",O
85.0,submits,O
85.0,that,O
85.0,the,O
85.0,respondent,B-DESIGNATION
85.0,No.7,B-PERSON
85.0,in,O
85.0,denying,O
85.0,the,O
85.0,salary,O
85.0,of,O
85.0,the,O
85.0,petitioner,B-DESIGNATION
85.0,has,O
85.0,acted,O
85.0,arbitrarily,O
85.0,and,O
85.0,without,O
85.0,authority,O
85.0,of,O
85.0,law.,O
85.0,Even,O
85.0,if,O
85.0,the,O
85.0,petitioner,B-DESIGNATION
85.0,could,O
85.0,be,O
85.0,charged,O
85.0,with,O
85.0,unauthorized,O
85.0,absence,O
85.0,from,O
85.0,"office,",O
85.0,argued,O
85.0,the,O
85.0,learned,O
85.0,"counsel,",O
85.0,no,O
85.0,penalty,O
85.0,of,O
85.0,the,O
85.0,like,O
85.0,nature,O
85.0,imposed,O
85.0,herein,O
85.0,can,O
85.0,be,O
85.0,lawfully,O
85.0,imposed,O
85.0,upon,O
85.0,the,O
85.0,petitioner,B-DESIGNATION
85.0,without,O
85.0,holding,O
85.0,an,O
85.0,enquiry.,O
85.0,Learned,O
85.0,counsel,O
85.0,for,O
85.0,the,O
85.0,petitioner,B-DESIGNATION
85.0,"therefore,",O
85.0,submits,O
85.0,that,O
85.0,the,O
85.0,impugned,O
85.0,action,O
85.0,of,O
85.0,the,O
85.0,respondent,B-DESIGNATION
85.0,No.7,O
85.0,has,O
85.0,no,O
85.0,legs,O
85.0,to,O
85.0,stand,O
85.0,upon,O
85.0,and,O
85.0,is,O
85.0,liable,O
85.0,to,O
85.0,be,O
85.0,interfered,O
85.0,with,O
85.0,by,O
85.0,this,O
85.0,Court.,O
85.0,Mr.,B-PERSON
85.0,Nur,I-PERSON
85.0,Mohammad,I-PERSON
85.0,learned,O
85.0,Government,O
85.0,Advocate,B-DESIGNATION
85.0,appearing,O
85.0,for,O
85.0,the,O
85.0,"respondents,",O
85.0,"however,",O
85.0,supports,O
85.0,the,O
85.0,impugned,O
85.0,action,O
85.0,and,O
85.0,submits,O
85.0,that,O
85.0,no,O
85.0,interference,O
85.0,is,O
85.0,called,O
85.0,for.,O
,,O
86.0,Heard,O
86.0,Mr.,O
86.0,S.K.,O
86.0,"Goswami,",O
86.0,learned,O
86.0,Counsel,O
86.0,for,O
86.0,the,O
86.0,petitioners,B-PERSON
86.0,and,O
86.0,Dr.,O
86.0,B.,O
86.0,"Ahmed,",O
86.0,learned,O
86.0,Standing,O
86.0,"Counsel,",O
86.0,Irrigation,O
86.0,Department.,O
86.0,Also,O
86.0,heard,O
86.0,Mr.,O
86.0,J.,O
86.0,"Chutia,",O
86.0,learned,O
86.0,Counsel,O
86.0,appearing,O
86.0,for,O
86.0,the,O
86.0,respondent,B-DESIGNATION
86.0,"Nos.4,",O
86.0,5,O
86.0,and,O
86.0,6.,O
86.0,By,O
86.0,way,O
86.0,of,O
86.0,this,O
86.0,petition,B-DOCUMENT
86.0,under,O
86.0,article,B-SECTION
86.0,226,I-SECTION
86.0,of,I-SECTION
86.0,the,I-SECTION
86.0,Constitution,B-LAW
86.0,of,B-SECTION
86.0,"India,",I-SECTION
86.0,petitioners,I-SECTION
86.0,seek,I-SECTION
86.0,quashing,I-SECTION
86.0,of,I-SECTION
86.0,promotion,I-SECTION
86.0,of,I-SECTION
86.0,respondent,B-DESIGNATION
86.0,Nos.,B-SECTION
86.0,"4,",I-SECTION
86.0,5,I-SECTION
86.0,and,I-SECTION
86.0,6,I-SECTION
86.0,to,I-SECTION
86.0,the,I-SECTION
86.0,post,I-SECTION
86.0,of,I-SECTION
86.0,Assistant,I-SECTION
86.0,Executive,I-SECTION
86.0,Engineer,I-SECTION
86.0,(Mechanical),I-SECTION
86.0,in,I-SECTION
86.0,the,I-SECTION
86.0,Irrigation,I-SECTION
86.0,"Department,",I-SECTION
86.0,Government,I-SECTION
86.0,of,I-SECTION
86.0,Assam,I-SECTION
86.0,as,I-SECTION
86.0,well,I-SECTION
86.0,as,I-SECTION
86.0,the,I-SECTION
86.0,inter-se-seniority,I-SECTION
86.0,position,I-SECTION
86.0,of,I-SECTION
86.0,the,I-SECTION
86.0,petitioners,I-SECTION
86.0,vis-à-vis,O
86.0,the,O
86.0,respondent,B-DESIGNATION
86.0,Nos.,O
86.0,"4,",O
86.0,5,O
86.0,and,O
86.0,6.,O
86.0,Further,O
86.0,prayer,O
86.0,made,O
86.0,is,O
86.0,to,O
86.0,restore,O
86.0,the,O
86.0,seniority,O
86.0,position,O
86.0,of,O
86.0,the,O
86.0,petitioners,O
86.0,above,O
86.0,respondent,B-DESIGNATION
86.0,Nos.,O
86.0,"4,",O
86.0,5,O
86.0,and,O
86.0,6.,O
,,O
87.0,Both,O
87.0,Mr.,O
87.0,N.,O
87.0,"Dhar,",O
87.0,learned,O
87.0,counsel,O
87.0,appearing,O
87.0,for,O
87.0,the,O
87.0,petitioner,B-DESIGNATION
87.0,and,O
87.0,Mr.,O
87.0,M.,O
87.0,"Nath,",O
87.0,learned,O
87.0,counsel,O
87.0,appearing,O
87.0,for,O
87.0,the,O
87.0,respondents,O
87.0,have,O
87.0,been,O
87.0,heard,O
87.0,extensively.,O
87.0,This,O
87.0,application,B-DOCUMENT
87.0,under,O
87.0,Article,B-SECTION
87.0,227,I-SECTION
87.0,of,I-SECTION
87.0,the,I-SECTION
87.0,Constitution,B-LAW
87.0,of,B-SECTION
87.0,India,I-SECTION
87.0,ought,I-SECTION
87.0,to,I-SECTION
87.0,have,I-SECTION
87.0,been,I-SECTION
87.0,registered,I-SECTION
87.0,as,I-SECTION
87.0,Civil,I-SECTION
87.0,Revision,I-SECTION
87.0,Petition(Article,I-SECTION
87.0,227),I-SECTION
87.0,and,I-SECTION
87.0,not,I-SECTION
87.0,as,I-SECTION
87.0,a,I-SECTION
87.0,Writ,I-SECTION
87.0,Petition.,I-SECTION
87.0,Necessary,I-SECTION
87.0,correction,I-SECTION
87.0,may,I-SECTION
87.0,be,I-SECTION
87.0,done,I-SECTION
87.0,by,I-SECTION
87.0,the,I-SECTION
87.0,Registry,I-SECTION
87.0,even,I-SECTION
87.0,at,I-SECTION
87.0,this,I-SECTION
87.0,belated,I-SECTION
87.0,stage.,I-SECTION
87.0,This,I-SECTION
87.0,application,I-SECTION
87.0,is,I-SECTION
87.0,directed,I-SECTION
87.0,against,I-SECTION
87.0,the,I-SECTION
87.0,order,I-SECTION
87.0,dated,I-SECTION
87.0,30.9.2005,B-DATE
87.0,passed,B-SECTION
87.0,by,I-SECTION
87.0,the,I-SECTION
87.0,learned,I-SECTION
87.0,Civil,I-SECTION
87.0,Judge,B-DESIGNATION
87.0,(Junior,B-SECTION
87.0,Division),I-SECTION
87.0,"No.1,",I-SECTION
87.0,Karimganj,I-SECTION
87.0,in,I-SECTION
87.0,Misc.,I-SECTION
87.0,Case,B-CASE_NUMBER
87.0,No.180,I-CASE_NUMBER
87.0,of,B-SECTION
87.0,2004,I-SECTION
87.0,allowing,I-SECTION
87.0,the,I-SECTION
87.0,application,I-SECTION
87.0,filed,I-SECTION
87.0,by,I-SECTION
87.0,the,I-SECTION
87.0,respondents,I-SECTION
87.0,for,I-SECTION
87.0,amendment,I-SECTION
87.0,of,I-SECTION
87.0,their,I-SECTION
87.0,execution,I-SECTION
87.0,application.,I-SECTION
87.0,On,I-SECTION
87.0,carefully,I-SECTION
87.0,perusing,I-SECTION
87.0,the,I-SECTION
87.0,contents,I-SECTION
87.0,of,I-SECTION
87.0,the,I-SECTION
87.0,impugned,I-SECTION
87.0,"order,",I-SECTION
87.0,I,I-SECTION
87.0,am,I-SECTION
87.0,of,I-SECTION
87.0,the,I-SECTION
87.0,view,I-SECTION
87.0,that,I-SECTION
87.0,the,I-SECTION
87.0,same,I-SECTION
87.0,does,I-SECTION
87.0,not,I-SECTION
87.0,suffer,I-SECTION
87.0,from,I-SECTION
87.0,any,I-SECTION
87.0,grave,I-SECTION
87.0,jurisdictional,I-SECTION
87.0,error,I-SECTION
87.0,calling,I-SECTION
87.0,for,I-SECTION
87.0,interference,I-SECTION
87.0,of,I-SECTION
87.0,this,I-SECTION
87.0,Court.,I-SECTION
,,O
88.0,The,O
88.0,petitioner,B-DESIGNATION
88.0,M/s.,O
88.0,D.B.,O
88.0,"Enterprise,",O
88.0,represented,O
88.0,by,O
88.0,its,O
88.0,"proprietor,",O
88.0,as,O
88.0,claimed,O
88.0,in,O
88.0,the,O
88.0,writ,O
88.0,"petition,",B-DOCUMENT
88.0,is,O
88.0,engaged,O
88.0,in,O
88.0,various,O
88.0,kinds,O
88.0,of,O
88.0,supply,O
88.0,works,O
88.0,including,O
88.0,supply,O
88.0,of,O
88.0,goods,O
88.0,to,O
88.0,various,O
88.0,department,O
88.0,of,O
88.0,Govt.,O
88.0,of,O
88.0,Assam.,O
88.0,Responding,O
88.0,to,O
88.0,the,O
88.0,NIT,B-DOCUMENT
88.0,dated,O
88.0,07/02/2013,B-DATE
88.0,inviting,O
88.0,offers,O
88.0,for,O
88.0,supply,O
88.0,of,O
88.0,kitchen,O
88.0,"devices,",O
88.0,more,O
88.0,"particularly,",O
88.0,Stainless,O
88.0,Steel,O
88.0,plate,O
88.0,and,O
88.0,glass,O
88.0,for,O
88.0,Lower,B-LOCATION
88.0,Primary,I-LOCATION
88.0,and,I-LOCATION
88.0,Upper,I-LOCATION
88.0,Primary,I-LOCATION
88.0,Schools,I-LOCATION
88.0,under,O
88.0,Mid-day,O
88.0,meal,O
88.0,"scheme,",O
88.0,the,O
88.0,petitioner,B-DESIGNATION
88.0,offered,O
88.0,its,O
88.0,bid.,O
88.0,The,O
88.0,process,O
88.0,of,O
88.0,tender,O
88.0,was,O
88.0,a,O
88.0,2,O
88.0,(two),O
88.0,bid,O
88.0,"system,",O
88.0,technical,B-DOCUMENT
88.0,bid,I-DOCUMENT
88.0,followed,O
88.0,by,O
88.0,commercial,O
88.0,bid.,O
88.0,The,O
88.0,bidders,O
88.0,were,O
88.0,required,O
88.0,to,O
88.0,supply,O
88.0,the,O
88.0,samples,O
88.0,of,O
88.0,the,O
88.0,items,O
88.0,mentioned,O
88.0,in,O
88.0,the,O
88.0,NIT.,O
88.0,The,O
88.0,last,O
88.0,date,O
88.0,of,O
88.0,submission,O
88.0,of,O
88.0,bid,O
88.0,documents,O
88.0,was,O
88.0,18/02/2013.,B-DATE
88.0,The,O
88.0,bids,O
88.0,were,O
88.0,to,O
88.0,be,O
88.0,opened,O
88.0,on,O
88.0,the,O
88.0,same,O
88.0,day,O
88.0,and,O
88.0,the,O
88.0,date,O
88.0,of,O
88.0,opening,O
88.0,of,O
88.0,the,O
88.0,commercial,B-DOCUMENT
88.0,bid,I-DOCUMENT
88.0,was,O
88.0,to,O
88.0,be,O
88.0,intimated,O
88.0,to,O
88.0,the,O
88.0,qualified,O
88.0,bidders,O
88.0,on,O
88.0,the,O
88.0,date,O
88.0,of,O
88.0,opening,O
88.0,of,O
88.0,technical,O
88.0,bids.,O
,,O
89.0,Case,B-CASE_NUMBER
89.0,of,O
89.0,the,O
89.0,petitioner,B-DESIGNATION
89.0,is,O
89.0,that,O
89.0,he,O
89.0,is,O
89.0,presently,O
89.0,working,O
89.0,as,O
89.0,Inspector,B-DESIGNATION
89.0,of,I-DESIGNATION
89.0,Police,I-DESIGNATION
89.0,in,O
89.0,the,O
89.0,Special,B-ORGANIZATION
89.0,Branch,I-ORGANIZATION
89.0,Head,I-ORGANIZATION
89.0,Quarter,I-ORGANIZATION
89.0,of,O
89.0,Assam,O
89.0,"Police,",O
89.0,"Kahilipara,",O
89.0,Guwahati.,O
89.0,In,O
89.0,the,O
89.0,year,O
89.0,"2008,",O
89.0,his,O
89.0,wife,O
89.0,Swapna,B-PERSON
89.0,Chakraborty,I-PERSON
89.0,fell,O
89.0,ill.,O
89.0,Despite,O
89.0,treatment,O
89.0,at,O
89.0,"Guwahati,",O
89.0,she,O
89.0,did,O
89.0,not,O
89.0,recover.,O
89.0,She,O
89.0,was,O
89.0,then,O
89.0,taken,O
89.0,to,O
89.0,AMRI,B-ORGANIZATION
89.0,Hospital,I-ORGANIZATION
89.0,at,O
89.0,Kolkata,B-LOCATION
89.0,for,O
89.0,treatment,O
89.0,where,O
89.0,her,O
89.0,ailment,O
89.0,was,O
89.0,diagnosed,O
89.0,as,O
89.0,carcinoma,O
89.0,of,O
89.0,the,O
89.0,cervix.,O
89.0,She,O
89.0,had,O
89.0,to,O
89.0,undergo,O
89.0,hospitalization,O
89.0,in,O
89.0,the,O
89.0,said,O
89.0,hospital,O
89.0,on,O
89.0,a,O
89.0,number,O
89.0,of,O
89.0,occasions,O
89.0,for,O
89.0,chemotherapy,O
89.0,and,O
89.0,surgery.,O
89.0,After,O
89.0,completion,O
89.0,of,O
89.0,treatment,O
89.0,in,O
89.0,"December,",B-DATE
89.0,"2008,",O
89.0,she,O
89.0,returned,O
89.0,home,O
89.0,at,O
89.0,Guwahati.,O
,,O
90.0,I,O
90.0,have,O
90.0,heard,O
90.0,eard,O
90.0,Mr.,O
90.0,A.,O
90.0,"Ali,",O
90.0,learned,O
90.0,counsel,O
90.0,for,O
90.0,the,O
90.0,petitioner.,B-LEGAL_ROLE
90.0,Also,O
90.0,heard,O
90.0,Ms.,O
90.0,B.,O
90.0,"Das,",O
90.0,learned,O
90.0,CGC,O
90.0,and,O
90.0,Mrs.,O
90.0,H.,O
90.0,M.,O
90.0,"Phukan,",O
90.0,learned,O
90.0,State,O
90.0,Counsel.,O
90.0,I,O
90.0,have,O
90.0,also,O
90.0,perused,O
90.0,the,O
90.0,materials,O
90.0,on,O
90.0,record,O
90.0,including,O
90.0,the,O
90.0,records,O
90.0,received,O
90.0,from,O
90.0,the,O
90.0,Tribunal.,O
90.0,According,O
90.0,to,O
90.0,the,O
90.0,petitioner,B-DESIGNATION
90.0,he,O
90.0,is,O
90.0,a,O
90.0,citizen,O
90.0,of,O
90.0,"India,",O
90.0,by,O
90.0,birth.,O
90.0,In,O
90.0,response,O
90.0,to,O
90.0,the,O
90.0,reference,O
90.0,that,O
90.0,was,O
90.0,made,O
90.0,against,O
90.0,him,O
90.0,and,O
90.0,the,O
90.0,notice,B-DOCUMENT
90.0,received,O
90.0,from,O
90.0,the,O
90.0,"Tribunal,",O
90.0,the,O
90.0,petitioner,B-DESIGNATION
90.0,responding,O
90.0,to,O
90.0,the,O
90.0,proceeding,O
90.0,submitted,O
90.0,his,O
90.0,written,O
90.0,statement,O
90.0,on,O
90.0,15.102012.,O
90.0,In,O
90.0,the,O
90.0,said,O
90.0,written,O
90.0,statement,O
90.0,it,O
90.0,was,O
90.0,contended,O
90.0,that,O
90.0,his,O
90.0,grand,O
90.0,father's,O
90.0,name,O
90.0,appeared,O
90.0,in,O
90.0,the,O
90.0,voter,O
90.0,list,O
90.0,of,O
90.0,1966,O
90.0,as,O
90.0,Habil,B-PERSON
90.0,Seikh,I-PERSON
90.0,(Ext.1).,O
90.0,The,O
90.0,petitioner,B-DESIGNATION
90.0,also,O
90.0,claimed,O
90.0,that,O
90.0,he,O
90.0,is,O
90.0,a,O
90.0,resident,O
90.0,of,O
90.0,village,O
90.0,Ghiladhari,O
90.0,and,O
90.0,in,O
90.0,support,O
90.0,of,O
90.0,the,O
90.0,"same,",O
90.0,produced,O
90.0,a,O
90.0,certificate,O
90.0,issued,O
90.0,by,O
90.0,the,O
90.0,Gaonbura,B-LOCATION
90.0,(Ext.2).,O
90.0,He,O
90.0,also,O
90.0,produced,O
90.0,a,O
90.0,Job,B-DOCUMENT
90.0,Card,I-DOCUMENT
90.0,of,O
90.0,NREGA,B-ORGANIZATION
90.0,(Ext.3).,O
90.0,Ext.4,B-DOCUMENT
90.0,is,O
90.0,the,O
90.0,Pass,B-DOCUMENT
90.0,Book,I-DOCUMENT
90.0,of,O
90.0,State,O
90.0,Bank,O
90.0,of,O
90.0,"India,",O
90.0,Koupati,B-LOCATION
90.0,Branch,I-LOCATION
90.0,in,O
90.0,the,O
90.0,name,O
90.0,of,O
90.0,the,O
90.0,petitioner.,B-LEGAL_ROLE
,,O
91.0,Case,B-CASE_NUMBER
91.0,of,O
91.0,the,O
91.0,petitioner,B-DESIGNATION
91.0,is,O
91.0,that,O
91.0,while,O
91.0,he,O
91.0,was,O
91.0,serving,O
91.0,as,O
91.0,MMGS-II,B-PERSON
91.0,in,O
91.0,the,O
91.0,Mukalmua,B-LOCATION
91.0,Branch,I-LOCATION
91.0,of,O
91.0,UCO,O
91.0,"Bank,",O
91.0,he,O
91.0,was,O
91.0,served,O
91.0,with,O
91.0,a,O
91.0,show-cause,B-DOCUMENT
91.0,notice,I-DOCUMENT
91.0,dated,O
91.0,12-09-2006,B-DATE
91.0,issued,O
91.0,by,O
91.0,the,O
91.0,disciplinary,B-ORGANIZATION
91.0,authority,I-ORGANIZATION
91.0,proposing,O
91.0,to,O
91.0,hold,O
91.0,a,O
91.0,disciplinary,O
91.0,enquiry,O
91.0,under,O
91.0,Regulation,B-SECTION
91.0,6,I-SECTION
91.0,of,O
91.0,the,O
91.0,UCO,B-ORGANIZATION
91.0,Bank,I-ORGANIZATION
91.0,Officer,O
91.0,Employees,O
91.0,(Discipline,O
91.0,and,O
91.0,Appeal),B-DOCUMENT
91.0,"Regulations,",O
91.0,1976,O
91.0,on,O
91.0,the,O
91.0,charges,O
91.0,mentioned,O
91.0,therein.,O
91.0,The,O
91.0,charges,O
91.0,pertain,O
91.0,to,O
91.0,various,O
91.0,"acts,",O
91.0,omissions,O
91.0,and,O
91.0,commissions,O
91.0,allegedly,O
91.0,committed,O
91.0,by,O
91.0,the,O
91.0,petitioner,B-DESIGNATION
91.0,in,O
91.0,the,O
91.0,sanctioning,O
91.0,and,O
91.0,disbursement,O
91.0,of,O
91.0,loans,O
91.0,while,O
91.0,serving,O
91.0,as,O
91.0,Assistant,O
91.0,Manager,O
91.0,of,O
91.0,the,O
91.0,Itanagar,O
91.0,Branch.,O
91.0,When,O
91.0,he,O
91.0,was,O
91.0,transferred,O
91.0,from,O
91.0,Itanagar,B-LOCATION
91.0,Branch,I-LOCATION
91.0,to,O
91.0,Mukalmua,O
91.0,"Branch,",O
91.0,he,O
91.0,had,O
91.0,transferred,O
91.0,the,O
91.0,four,O
91.0,loans,O
91.0,accounts,O
91.0,sanctioned,O
91.0,and,O
91.0,disbursed,O
91.0,by,O
91.0,him,O
91.0,while,O
91.0,functioning,O
91.0,at,O
91.0,the,O
91.0,Itanagar,O
91.0,"Branch,",O
91.0,to,O
91.0,the,O
91.0,Mukalmua,O
91.0,Branch,O
91.0,without,O
91.0,authority,O
91.0,with,O
91.0,an,O
91.0,intent,O
91.0,to,O
91.0,cover,O
91.0,up,O
91.0,the,O
91.0,irregularities.,O
,,O
92.0,The,O
92.0,tenor,O
92.0,of,O
92.0,the,O
92.0,order,B-DOCUMENT
92.0,would,O
92.0,go,O
92.0,to,O
92.0,show,O
92.0,that,O
92.0,the,O
92.0,petitioner,B-DESIGNATION
92.0,had,O
92.0,pleaded,O
92.0,that,O
92.0,in,O
92.0,view,O
92.0,of,O
92.0,his,O
92.0,acquittal,O
92.0,in,O
92.0,the,O
92.0,criminal,O
92.0,"case,",B-CASE_NUMBER
92.0,the,O
92.0,dismissal,B-DOCUMENT
92.0,order,I-DOCUMENT
92.0,was,O
92.0,liable,O
92.0,to,O
92.0,be,O
92.0,interfered,O
92.0,with,O
92.0,and,O
92.0,it,O
92.0,is,O
92.0,on,O
92.0,that,O
92.0,"basis,",O
92.0,the,O
92.0,High,B-COURT
92.0,Court,I-COURT
92.0,of,I-COURT
92.0,Judicature,I-COURT
92.0,at,I-COURT
92.0,Allahabad,I-COURT
92.0,directed,O
92.0,disposal,O
92.0,of,O
92.0,the,O
92.0,representations.,O
92.0,Subsequent,O
92.0,to,O
92.0,the,O
92.0,said,O
92.0,order,B-DOCUMENT
92.0,dated,O
92.0,"27.05.2005,",B-DATE
92.0,the,O
92.0,petitioner,B-DESIGNATION
92.0,filed,O
92.0,a,O
92.0,representation,O
92.0,dated,O
92.0,09.06.2005,B-DATE
92.0,to,O
92.0,"ADIGP,",O
92.0,"GC,",O
92.0,"CRPF,",O
92.0,which,O
92.0,was,O
92.0,forwarded,O
92.0,to,O
92.0,the,O
92.0,Deputy,O
92.0,Inspector,O
92.0,General,O
92.0,of,O
92.0,"Police,",O
92.0,"CRPF,",O
92.0,being,O
92.0,the,O
92.0,appellate,O
92.0,authority.,O
92.0,The,O
92.0,Deputy,O
92.0,Inspector,O
92.0,General,O
92.0,of,O
92.0,"Police,",O
92.0,"CRPF,",O
92.0,by,O
92.0,its,O
92.0,order,B-DOCUMENT
92.0,dated,O
92.0,"20.09.2005,",B-DATE
92.0,rejected,O
92.0,the,O
92.0,"representation,",O
92.0,holding,O
92.0,that,O
92.0,only,O
92.0,because,O
92.0,of,O
92.0,his,O
92.0,acquittal,O
92.0,from,O
92.0,the,O
92.0,criminal,O
92.0,"charges,",O
92.0,he,O
92.0,was,O
92.0,not,O
92.0,entitled,O
92.0,to,O
92.0,be,O
92.0,reinstated,O
92.0,in,O
92.0,his,O
92.0,service,O
92.0,in,O
92.0,view,O
92.0,of,O
92.0,the,O
92.0,fact,O
92.0,that,O
92.0,dismissal,O
92.0,order,B-DOCUMENT
92.0,was,O
92.0,passed,O
92.0,on,O
92.0,the,O
92.0,basis,O
92.0,of,O
92.0,charges,O
92.0,proved,O
92.0,in,O
92.0,a,O
92.0,departmental,O
92.0,proceeding,O
92.0,and,O
92.0,the,O
92.0,charges,O
92.0,framed,O
92.0,against,O
92.0,him,O
92.0,in,O
92.0,the,O
92.0,departmental,O
92.0,proceedings,O
92.0,are,O
92.0,different,O
92.0,from,O
92.0,the,O
92.0,charges,O
92.0,against,O
92.0,him,O
92.0,in,O
92.0,criminal,O
92.0,trial.,O
92.0,In,O
92.0,the,O
92.0,said,O
92.0,"order,",B-DOCUMENT
92.0,it,O
92.0,has,O
92.0,also,O
92.0,be,O
92.0,noted,O
92.0,that,O
92.0,during,O
92.0,the,O
92.0,course,O
92.0,of,O
92.0,disciplinary,O
92.0,"proceeding,",O
92.0,the,O
92.0,petitioner,B-DESIGNATION
92.0,was,O
92.0,afforded,O
92.0,ample,O
92.0,opportunity,O
92.0,at,O
92.0,each,O
92.0,and,O
92.0,every,O
92.0,stage,O
92.0,to,O
92.0,defend,O
92.0,his,O
92.0,case.,B-CASE_NUMBER
,,O
93.0,Termination,O
93.0,of,O
93.0,service,O
93.0,of,O
93.0,the,B-PERSON
93.0,workman,I-PERSON
93.0,gave,O
93.0,rise,O
93.0,to,O
93.0,an,O
93.0,industrial,O
93.0,dispute,O
93.0,which,O
93.0,ultimately,O
93.0,led,O
93.0,to,O
93.0,making,O
93.0,of,O
93.0,a,O
93.0,reference,O
93.0,by,O
93.0,the,O
93.0,appropriate,B-ORGANIZATION
93.0,Government,I-ORGANIZATION
93.0,to,O
93.0,the,O
93.0,Industrial,B-ORGANIZATION
93.0,Tribunal,I-ORGANIZATION
93.0,at,O
93.0,Dibrugarh.,O
93.0,The,O
93.0,subject,O
93.0,matter,O
93.0,of,O
93.0,reference,O
93.0,was,O
93.0,justification,O
93.0,or,O
93.0,otherwise,O
93.0,of,O
93.0,the,O
93.0,dismissal,O
93.0,of,O
93.0,the,O
93.0,workman,O
93.0,from,O
93.0,service,O
93.0,and,O
93.0,of,O
93.0,his,O
93.0,entitlement,O
93.0,to,O
93.0,reinstatement,O
93.0,with,O
93.0,full,O
93.0,back,O
93.0,wages.,O
93.0,On,O
93.0,behalf,O
93.0,of,O
93.0,the,O
93.0,workman,O
93.0,as,O
93.0,well,O
93.0,as,O
93.0,on,O
93.0,behalf,O
93.0,of,O
93.0,the,O
93.0,"Management,",O
93.0,written,B-DOCUMENT
93.0,statements,I-DOCUMENT
93.0,were,O
93.0,submitted.,O
93.0,In,O
93.0,the,O
93.0,reference,O
93.0,"proceeding,",O
93.0,the,O
93.0,learned,O
93.0,Industrial,O
93.0,Tribunal,O
93.0,simultaneously,O
93.0,considered,O
93.0,validity,O
93.0,of,O
93.0,the,O
93.0,domestic,O
93.0,enquiry,O
93.0,as,O
93.0,well,O
93.0,as,O
93.0,dismissal,O
93.0,of,O
93.0,the,O
93.0,workman,O
93.0,on,O
93.0,merit.,O
93.0,The,O
93.0,Management,B-ORGANIZATION
93.0,side,O
93.0,examined,O
93.0,six,O
93.0,witnesses,O
93.0,whereas,O
93.0,the,O
93.0,workman,O
93.0,examined,O
93.0,himself,O
93.0,as,O
93.0,the,O
93.0,sole,O
93.0,witness,O
93.0,on,O
93.0,his,O
93.0,behalf.,O
,,O
94.0,In,O
94.0,the,O
94.0,proceeding,O
94.0,before,O
94.0,the,O
94.0,"Tribunal,",O
94.0,the,O
94.0,petitioner,B-DESIGNATION
94.0,responding,O
94.0,to,O
94.0,the,O
94.0,notice,B-DOCUMENT
94.0,served,O
94.0,on,O
94.0,her,O
94.0,filed,O
94.0,written,B-DOCUMENT
94.0,statement,I-DOCUMENT
94.0,and,O
94.0,also,O
94.0,"documents,",O
94.0,claiming,O
94.0,herself,O
94.0,to,O
94.0,be,O
94.0,an,O
94.0,Indian,O
94.0,citizen,O
94.0,by,O
94.0,birth.,O
94.0,In,O
94.0,the,O
94.0,written,O
94.0,statement,O
94.0,submitted,O
94.0,by,O
94.0,the,O
94.0,"petitioner,",B-LEGAL_ROLE
94.0,it,O
94.0,was,O
94.0,contended,O
94.0,that,O
94.0,the,O
94.0,petitioner,B-DESIGNATION
94.0,is,O
94.0,a,O
94.0,bonafide,O
94.0,citizen,O
94.0,of,O
94.0,India,O
94.0,and,O
94.0,her,O
94.0,father's,O
94.0,name,O
94.0,(Jaynal,O
94.0,Ali),O
94.0,appeared,O
94.0,in,O
94.0,the,O
94.0,voter,B-DOCUMENT
94.0,list,I-DOCUMENT
94.0,of,O
94.0,1965,B-DATE
94.0,pertaining,O
94.0,to,O
94.0,53,O
94.0,No.,O
94.0,Sarukhetri,O
94.0,LAC.,O
94.0,It,O
94.0,was,O
94.0,further,O
94.0,contended,O
94.0,hat,O
94.0,her,O
94.0,name,O
94.0,also,O
94.0,appeared,O
94.0,in,O
94.0,the,O
94.0,1997,B-DATE
94.0,voter,O
94.0,list.,O
94.0,Referring,O
94.0,one,O
94.0,Rajab,B-PERSON
94.0,Ali,I-PERSON
94.0,and,O
94.0,Kuran,B-PERSON
94.0,Ali,I-PERSON
94.0,as,O
94.0,her,O
94.0,"brothers,",O
94.0,it,O
94.0,was,O
94.0,contended,O
94.0,that,O
94.0,their,O
94.0,names,O
94.0,also,O
94.0,appeared,O
94.0,in,O
94.0,the,O
94.0,said,O
94.0,voter,O
94.0,list,O
94.0,of,O
94.0,1997.,O
94.0,The,O
94.0,petitioner,B-DESIGNATION
94.0,also,O
94.0,stated,O
94.0,in,O
94.0,the,O
94.0,written,O
94.0,statement,O
94.0,that,O
94.0,her,O
94.0,name,O
94.0,appeared,O
94.0,in,O
94.0,the,O
94.0,voter,O
94.0,list,O
94.0,of,O
94.0,1989,B-DATE
94.0,and,O
94.0,1997.,O
94.0,The,O
94.0,written,O
94.0,statement,O
94.0,also,O
94.0,refers,O
94.0,to,O
94.0,the,O
94.0,certificate,O
94.0,of,O
94.0,the,O
94.0,Gaonbura,O
94.0,certifying,O
94.0,the,O
94.0,marriage,O
94.0,of,O
94.0,the,O
94.0,petitioner,B-DESIGNATION
94.0,with,O
94.0,one,O
94.0,Hazarat,O
94.0,Ali.,O
94.0,In,O
94.0,the,O
94.0,written,O
94.0,"statement,",O
94.0,the,O
94.0,petitioner,B-DESIGNATION
94.0,also,O
94.0,contended,O
94.0,that,O
94.0,actual,O
94.0,name,O
94.0,of,O
94.0,her,O
94.0,father,O
94.0,is,O
94.0,Jaynal,B-PERSON
94.0,Ali,I-PERSON
94.0,instead,O
94.0,of,O
94.0,Jaynal,O
94.0,Seikh.,O
,,O
95.0,Learned,B-PERSON
95.0,counsel,I-PERSON
95.0,for,O
95.0,the,O
95.0,petitioners,B-PERSON
95.0,says,O
95.0,that,O
95.0,originally,O
95.0,the,O
95.0,loan,O
95.0,amount,O
95.0,was,O
95.0,Rs.4.90,O
95.0,crores,O
95.0,and,O
95.0,"thereafter,",O
95.0,the,O
95.0,Bank,B-ORGANIZATION
95.0,has,O
95.0,made,O
95.0,claim,O
95.0,for,O
95.0,more,O
95.0,amount,O
95.0,towards,O
95.0,further,O
95.0,loan,O
95.0,of,O
95.0,Rs.7,O
95.0,"crores,",O
95.0,which,O
95.0,the,O
95.0,petitioners,O
95.0,dispute.,O
95.0,The,O
95.0,petitioners,O
95.0,are,O
95.0,prepared,O
95.0,to,O
95.0,pay,O
95.0,the,O
95.0,admitted,O
95.0,amount,O
95.0,with,O
95.0,interest,O
95.0,within,O
95.0,six,O
95.0,months.,O
95.0,If,O
95.0,the,O
95.0,amount,O
95.0,is,O
95.0,not,O
95.0,"paid,",O
95.0,the,O
95.0,petition,B-DOCUMENT
95.0,may,B-DATE
95.0,be,O
95.0,treated,O
95.0,to,O
95.0,have,O
95.0,been,O
95.0,dismissed.,O
95.0,In,O
95.0,view,O
95.0,of,O
95.0,the,O
95.0,above,O
95.0,"statement,",O
95.0,issue,O
95.0,notice,B-DOCUMENT
95.0,to,O
95.0,Respondent,B-DESIGNATION
95.0,No.1.,O
95.0,Pending,O
95.0,further,O
95.0,"consideration,",O
95.0,the,O
95.0,Bank,O
95.0,may,B-DATE
95.0,not,O
95.0,proceed,O
95.0,with,O
95.0,the,O
95.0,recovery,O
95.0,proceedings,O
95.0,against,O
95.0,the,O
95.0,petitioners,O
95.0,but,O
95.0,will,O
95.0,be,O
95.0,at,O
95.0,liberty,O
95.0,to,O
95.0,take,O
95.0,possession,O
95.0,of,O
95.0,the,O
95.0,properties,O
95.0,at,O
95.0,Gurgaon,B-LOCATION
95.0,and,O
95.0,Mohali,B-LOCATION
95.0,and,O
95.0,permit,O
95.0,raising,O
95.0,of,O
95.0,funds,O
95.0,against,O
95.0,the,O
95.0,said,O
95.0,property,O
95.0,by,O
95.0,way,O
95.0,of,O
95.0,tripartite,B-DOCUMENT
95.0,agreement,I-DOCUMENT
95.0,between,O
95.0,the,O
95.0,"petitioners,",O
95.0,the,O
95.0,Bank,O
95.0,and,O
95.0,a,O
95.0,third,O
95.0,party.,O
95.0,List,O
95.0,for,O
95.0,further,O
95.0,consideration,O
95.0,on,O
95.0,3rd,O
95.0,"December,",B-DATE
95.0,2012.,O
,,O
96.0,This,O
96.0,writ,O
96.0,petition,B-DOCUMENT
96.0,under,O
96.0,Article,B-SECTION
96.0,226,I-SECTION
96.0,of,I-SECTION
96.0,the,I-SECTION
96.0,Constitution,B-LAW
96.0,of,B-SECTION
96.0,India,I-SECTION
96.0,is,I-SECTION
96.0,filed,I-SECTION
96.0,by,I-SECTION
96.0,the,I-SECTION
96.0,petitioner,B-DESIGNATION
96.0,questioning,B-SECTION
96.0,the,I-SECTION
96.0,selection,I-SECTION
96.0,of,I-SECTION
96.0,respondent,B-DESIGNATION
96.0,No.,B-SECTION
96.0,4,I-SECTION
96.0,for,I-SECTION
96.0,grant,I-SECTION
96.0,of,I-SECTION
96.0,Retail,I-SECTION
96.0,Outlet,I-SECTION
96.0,(RO),I-SECTION
96.0,in,I-SECTION
96.0,the,I-SECTION
96.0,category,I-SECTION
96.0,of,I-SECTION
96.0,'outstanding,O
96.0,sports,O
96.0,"person',",O
96.0,for,O
96.0,"short,",O
96.0,"OSP,",O
96.0,in,O
96.0,respect,O
96.0,of,O
96.0,location,O
96.0,at,O
96.0,Amguri,B-LOCATION
96.0,in,O
96.0,the,O
96.0,district,O
96.0,of,O
96.0,Sivasagar.,O
96.0,Direction,O
96.0,is,O
96.0,also,O
96.0,sought,O
96.0,for,O
96.0,to,O
96.0,declare,O
96.0,the,O
96.0,petitioner,B-DESIGNATION
96.0,as,O
96.0,the,O
96.0,most,O
96.0,suitable,O
96.0,candidate,O
96.0,under,O
96.0,the,O
96.0,category,O
96.0,of,O
96.0,OSP,O
96.0,or,O
96.0,in,O
96.0,the,O
96.0,category,O
96.0,of,O
96.0,33%,O
96.0,reserved,O
96.0,for,O
96.0,women,O
96.0,category.,O
96.0,"Conspicuously,",O
96.0,date,O
96.0,of,O
96.0,the,O
96.0,letter,O
96.0,purporting,O
96.0,to,O
96.0,indicate,O
96.0,selection,O
96.0,of,O
96.0,the,O
96.0,respondent,B-DESIGNATION
96.0,No.,O
96.0,4,O
96.0,has,O
96.0,been,O
96.0,kept,O
96.0,blank.,O
96.0,The,O
96.0,"facts,",O
96.0,in,O
96.0,a,O
96.0,"nutshell,",O
96.0,as,O
96.0,emerging,O
96.0,from,O
96.0,the,O
96.0,writ,O
96.0,petition,B-DOCUMENT
96.0,is,O
96.0,that,O
96.0,the,O
96.0,petitioner,B-DESIGNATION
96.0,is,O
96.0,an,O
96.0,educated,O
96.0,unemployed,O
96.0,youth,O
96.0,and,O
96.0,a,O
96.0,national,O
96.0,level,O
96.0,sports,O
96.0,woman.,O
96.0,She,O
96.0,had,O
96.0,earned,O
96.0,many,O
96.0,laurels,O
96.0,and,O
96.0,prizes,O
96.0,in,O
96.0,various,O
96.0,national,O
96.0,level,O
96.0,competitions,O
96.0,in,O
96.0,the,O
96.0,discipline,O
96.0,of,O
96.0,'weight,O
96.0,lifting'.,O
96.0,She,O
96.0,had,O
96.0,secured,O
96.0,first,O
96.0,place,O
96.0,in,O
96.0,56kg,O
96.0,weight,O
96.0,class,O
96.0,at,O
96.0,the,O
96.0,national,O
96.0,bench,O
96.0,press,O
96.0,power,O
96.0,lifting,O
96.0,championship,O
96.0,held,O
96.0,at,O
96.0,Mount,B-LOCATION
96.0,Abu,I-LOCATION
96.0,on,O
96.0,and,O
96.0,from,O
96.0,16th,O
96.0,to,O
96.0,18th,O
96.0,"July,",B-DATE
96.0,2004.,O
96.0,The,O
96.0,said,O
96.0,competition,O
96.0,is,O
96.0,recognised,O
96.0,by,O
96.0,the,O
96.0,Department,O
96.0,of,O
96.0,Youth,O
96.0,Affairs,O
96.0,&,O
96.0,"Sports,",O
96.0,Ministry,O
96.0,of,O
96.0,Human,O
96.0,Resources,O
96.0,"Development,",O
96.0,Government,B-ORGANIZATION
96.0,of,I-ORGANIZATION
96.0,India,I-ORGANIZATION
96.0,and,O
96.0,International,B-ORGANIZATION
96.0,Power,I-ORGANIZATION
96.0,Lifting,I-ORGANIZATION
96.0,Federation,I-ORGANIZATION
96.0,and,O
96.0,The,O
96.0,Indian,O
96.0,Olympic,O
96.0,Association.,O
,,O
97.0,Heard,O
97.0,Mr.,O
97.0,A.,O
97.0,M.,O
97.0,"Buzarbaruah,",O
97.0,learned,O
97.0,counsel,O
97.0,for,O
97.0,the,O
97.0,petitioners,B-PERSON
97.0,and,O
97.0,Mr.,O
97.0,J.,O
97.0,"Handique,",O
97.0,learned,O
97.0,Government,O
97.0,"Advocate,",B-LEGAL_ROLE
97.0,Assam,B-LOCATION
97.0,for,O
97.0,the,O
97.0,respondents.,O
97.0,By,O
97.0,way,O
97.0,of,O
97.0,this,O
97.0,petition,B-DOCUMENT
97.0,under,O
97.0,Article,B-SECTION
97.0,226,I-SECTION
97.0,of,I-SECTION
97.0,the,I-SECTION
97.0,Constitution,B-LAW
97.0,of,B-SECTION
97.0,"India,",I-SECTION
97.0,petitioners,I-SECTION
97.0,have,I-SECTION
97.0,questioned,I-SECTION
97.0,the,I-SECTION
97.0,decision,I-SECTION
97.0,of,I-SECTION
97.0,the,I-SECTION
97.0,respondents,I-SECTION
97.0,in,I-SECTION
97.0,making,I-SECTION
97.0,deduction,I-SECTION
97.0,from,I-SECTION
97.0,their,I-SECTION
97.0,retirement,I-SECTION
97.0,dues,I-SECTION
97.0,of,I-SECTION
97.0,certain,I-SECTION
97.0,amounts,I-SECTION
97.0,which,I-SECTION
97.0,is,I-SECTION
97.0,stated,I-SECTION
97.0,to,I-SECTION
97.0,have,I-SECTION
97.0,been,I-SECTION
97.0,drawn,I-SECTION
97.0,as,I-SECTION
97.0,excess,I-SECTION
97.0,salary,I-SECTION
97.0,by,I-SECTION
97.0,the,I-SECTION
97.0,petitioners.,I-SECTION
97.0,Case,B-CASE_NUMBER
97.0,of,B-SECTION
97.0,the,I-SECTION
97.0,petitioners,I-SECTION
97.0,is,I-SECTION
97.0,that,I-SECTION
97.0,they,I-SECTION
97.0,had,I-SECTION
97.0,served,I-SECTION
97.0,as,I-SECTION
97.0,Secretaries,I-SECTION
97.0,in,I-SECTION
97.0,different,I-SECTION
97.0,Gaon,I-SECTION
97.0,Panchayats,I-SECTION
97.0,under,I-SECTION
97.0,various,I-SECTION
97.0,Zilla,I-SECTION
97.0,Parishads,I-SECTION
97.0,and,I-SECTION
97.0,after,I-SECTION
97.0,rendering,I-SECTION
97.0,service,I-SECTION
97.0,for,I-SECTION
97.0,fairly,I-SECTION
97.0,long,I-SECTION
97.0,"periods,",I-SECTION
97.0,they,I-SECTION
97.0,had,I-SECTION
97.0,superannuated,I-SECTION
97.0,from,I-SECTION
97.0,service.,I-SECTION
,,O
98.0,have,O
98.0,heard,O
98.0,Mr.,O
98.0,J.,O
98.0,"Ahmed,",O
98.0,learned,O
98.0,counsel,O
98.0,for,O
98.0,the,O
98.0,petitioner.,B-LEGAL_ROLE
98.0,I,O
98.0,have,O
98.0,also,O
98.0,heard,O
98.0,Mrs.,O
98.0,H.M.,O
98.0,"Phukan,",O
98.0,learned,O
98.0,State,O
98.0,Counsel,O
98.0,as,O
98.0,well,O
98.0,as,O
98.0,Mr.,O
98.0,M.,O
98.0,"Bhagabati,",O
98.0,learned,O
98.0,CGC.,O
98.0,On,O
98.0,the,O
98.0,basis,O
98.0,of,O
98.0,the,O
98.0,reference,O
98.0,made,O
98.0,by,O
98.0,the,O
98.0,Superintendent,O
98.0,Police,O
98.0,"(B),",O
98.0,"Morigaon,",O
98.0,initially,O
98.0,the,O
98.0,IM(D)T,B-CASE_NUMBER
98.0,case,B-CASE_NUMBER
98.0,No.,I-CASE_NUMBER
98.0,179/2002,I-CASE_NUMBER
98.0,was,O
98.0,registered,O
98.0,against,O
98.0,the,O
98.0,petitioners,O
98.0,and,O
98.0,thereafter,O
98.0,upon,O
98.0,scrapping,O
98.0,of,O
98.0,the,O
98.0,IM(D)T,B-LAW
98.0,Act,I-LAW
98.0,in,O
98.0,Sarbananda,O
98.0,Sonowal-I,O
98.0,Vs.,O
98.0,Union,O
98.0,of,O
98.0,India,O
98.0,reported,O
98.0,in,O
98.0,AIR,O
98.0,2005,O
98.0,SC,O
98.0,"2920,",O
98.0,the,O
98.0,reference,O
98.0,was,O
98.0,registered,O
98.0,as,O
98.0,FT(C),B-CASE_NUMBER
98.0,Case,B-CASE_NUMBER
98.0,No.,I-CASE_NUMBER
98.0,105/2007,I-CASE_NUMBER
98.0,and,O
98.0,the,O
98.0,impugned,O
98.0,declaration,O
98.0,having,O
98.0,been,O
98.0,made,O
98.0,vide,O
98.0,the,O
98.0,judgement,B-DOCUMENT
98.0,and,I-DOCUMENT
98.0,order,I-DOCUMENT
98.0,dated,O
98.0,"25/01/2013,",B-DATE
98.0,the,O
98.0,petitioners,O
98.0,have,O
98.0,filed,O
98.0,the,O
98.0,instant,O
98.0,writ,O
98.0,petition.,B-DOCUMENT
,,O
99.0,I,O
99.0,have,O
99.0,heard,O
99.0,Mr.,O
99.0,E.,O
99.0,"Ahmed,",O
99.0,learned,O
99.0,counsel,O
99.0,for,O
99.0,the,B-PERSON
99.0,petitioner,B-DESIGNATION
99.0,and,O
99.0,have,O
99.0,also,O
99.0,heard,O
99.0,Mrs.,O
99.0,H.M.,O
99.0,"Phukan,",O
99.0,learned,O
99.0,State,O
99.0,Counsel,O
99.0,and,O
99.0,so,O
99.0,also,O
99.0,Ms.,O
99.0,B.,O
99.0,"Das,",O
99.0,learned,O
99.0,CGC.,O
99.0,I,O
99.0,have,O
99.0,perused,O
99.0,the,O
99.0,entire,O
99.0,materials,O
99.0,on,O
99.0,record,O
99.0,received,O
99.0,from,O
99.0,the,O
99.0,Tribunal.,O
99.0,On,O
99.0,receipt,O
99.0,of,O
99.0,the,O
99.0,notice,B-DOCUMENT
99.0,from,O
99.0,the,O
99.0,"Tribunal,",O
99.0,the,O
99.0,petitioner,B-DESIGNATION
99.0,duly,O
99.0,appeared,O
99.0,and,O
99.0,filed,O
99.0,written,B-DOCUMENT
99.0,statement,I-DOCUMENT
99.0,stating,O
99.0,inter,O
99.0,alia,O
99.0,that,O
99.0,he,O
99.0,was,O
99.0,born,O
99.0,in,O
99.0,the,O
99.0,year,O
99.0,1968,B-DATE
99.0,at,O
99.0,Village-Mahadebpur,O
99.0,Part-I.,O
99.0,He,O
99.0,further,O
99.0,stated,O
99.0,in,O
99.0,his,O
99.0,written,O
99.0,statement,O
99.0,that,O
99.0,his,O
99.0,father's,O
99.0,name,O
99.0,appears,O
99.0,in,O
99.0,the,O
99.0,voter,O
99.0,list,O
99.0,of,O
99.0,1970,B-DATE
99.0,under,O
99.0,No.,O
99.0,"17,",O
99.0,Katigorah,O
99.0,Constituency.,O
99.0,He,O
99.0,also,O
99.0,stated,O
99.0,that,O
99.0,his,O
99.0,name,O
99.0,appeared,O
99.0,in,O
99.0,the,O
99.0,voter,O
99.0,list,O
99.0,of,O
99.0,1993,B-DATE
99.0,under,O
99.0,No.,O
99.0,15,O
99.0,Katigorah,O
99.0,Constituency.,O
99.0,He,O
99.0,also,O
99.0,referred,O
99.0,to,O
99.0,his,O
99.0,name,O
99.0,appeared,O
99.0,in,O
99.0,the,O
99.0,1997,B-DATE
99.0,and,O
99.0,2005,O
99.0,voter,O
99.0,lists,O
99.0,of,O
99.0,Village-,O
99.0,Biswambarpur.,O
,,O
100.0,Two,O
100.0,writ,O
100.0,petitions,O
100.0,being,O
100.0,W.P.(C)No.2647/06,B-CASE_NUMBER
100.0,and,O
100.0,W.P(C)No.5332/05,B-CASE_NUMBER
100.0,were,O
100.0,filed,O
100.0,with,O
100.0,the,O
100.0,grievance,O
100.0,that,O
100.0,five,B-PERSON
100.0,persons,I-PERSON
100.0,were,O
100.0,illegally,O
100.0,upgraded,O
100.0,to,O
100.0,the,O
100.0,post,O
100.0,of,O
100.0,Section,B-SECTION
100.0,Assistant,I-SECTION
100.0,without,I-SECTION
100.0,considering,I-SECTION
100.0,the,I-SECTION
100.0,cases,I-SECTION
100.0,of,I-SECTION
100.0,the,I-SECTION
100.0,said,I-SECTION
100.0,writ,I-SECTION
100.0,petitioners.,I-SECTION
100.0,"However,",I-SECTION
100.0,the,I-SECTION
100.0,said,I-SECTION
100.0,five,I-SECTION
100.0,persons,I-SECTION
100.0,were,I-SECTION
100.0,not,I-SECTION
100.0,made,I-SECTION
100.0,parties,I-SECTION
100.0,in,I-SECTION
100.0,the,I-SECTION
100.0,said,I-SECTION
100.0,two,I-SECTION
100.0,writ,I-SECTION
100.0,petitions.,I-SECTION
100.0,On,I-SECTION
100.0,the,I-SECTION
100.0,basis,I-SECTION
100.0,of,I-SECTION
100.0,materials,I-SECTION
100.0,on,I-SECTION
100.0,"record,",I-SECTION
100.0,this,I-SECTION
100.0,"court,",I-SECTION
100.0,in,I-SECTION
100.0,its,I-SECTION
100.0,judgment,B-DOCUMENT
100.0,and,B-SECTION
100.0,order,I-SECTION
100.0,dated,I-SECTION
100.0,"27.01.2009,",B-DATE
100.0,recorded,B-SECTION
100.0,a,I-SECTION
100.0,prima,I-SECTION
100.0,facie,I-SECTION
100.0,finding,I-SECTION
100.0,that,I-SECTION
100.0,the,I-SECTION
100.0,up-gradation/promotion/appointment,I-SECTION
100.0,of,I-SECTION
100.0,those,I-SECTION
100.0,five,I-SECTION
100.0,persons,I-SECTION
100.0,were,I-SECTION
100.0,made,I-SECTION
100.0,illegally.,I-SECTION
100.0,Taking,I-SECTION
100.0,note,I-SECTION
100.0,of,I-SECTION
100.0,the,I-SECTION
100.0,fact,I-SECTION
100.0,that,I-SECTION
100.0,the,I-SECTION
100.0,said,I-SECTION
100.0,five,I-SECTION
100.0,persons,I-SECTION
100.0,were,I-SECTION
100.0,not,I-SECTION
100.0,made,I-SECTION
100.0,"party-respondents,",I-SECTION
100.0,this,I-SECTION
100.0,court,I-SECTION
100.0,did,I-SECTION
100.0,not,I-SECTION
100.0,set,I-SECTION
100.0,aside,I-SECTION
100.0,and,I-SECTION
100.0,quash,I-SECTION
100.0,their,I-SECTION
100.0,orders,I-SECTION
100.0,of,I-SECTION
100.0,appointment/up-gradation,I-SECTION
100.0,and,I-SECTION
100.0,directed,I-SECTION
100.0,the,I-SECTION
100.0,respondents,I-SECTION
100.0,to,I-SECTION
100.0,pass,I-SECTION
100.0,appropriate,I-SECTION
100.0,orders,I-SECTION
100.0,consistent,I-SECTION
100.0,with,I-SECTION
100.0,the,I-SECTION
100.0,observations,I-SECTION
100.0,made,I-SECTION
100.0,in,I-SECTION
100.0,the,I-SECTION
100.0,said,I-SECTION
100.0,judgment,B-DOCUMENT
100.0,after,B-SECTION
100.0,providing,I-SECTION
100.0,adequate,I-SECTION
100.0,opportunities,I-SECTION
100.0,to,I-SECTION
100.0,the,I-SECTION
100.0,five,I-SECTION
100.0,incumbents.,I-SECTION
,,O
101.0,Heard,O
101.0,Mr.,O
101.0,G,O
101.0,"Uzir,",O
101.0,learned,O
101.0,counsel,O
101.0,for,O
101.0,the,O
101.0,petitioner,B-DESIGNATION
101.0,and,O
101.0,Mr.,O
101.0,J.,O
101.0,"Handique,",O
101.0,learned,O
101.0,Government,O
101.0,"Advocate,",B-LEGAL_ROLE
101.0,"Assam,",O
101.0,who,O
101.0,has,O
101.0,also,O
101.0,produced,O
101.0,the,O
101.0,record.,O
101.0,Also,O
101.0,heard,O
101.0,Mr.,O
101.0,C.,O
101.0,"Baruah,",O
101.0,learned,O
101.0,Standing,O
101.0,"counsel,",O
101.0,Accountant,O
101.0,General.,O
101.0,Challenge,O
101.0,made,O
101.0,in,O
101.0,this,O
101.0,writ,O
101.0,petition,B-DOCUMENT
101.0,is,O
101.0,to,O
101.0,the,O
101.0,suspension,B-DOCUMENT
101.0,order,I-DOCUMENT
101.0,dated,O
101.0,29.12.2001,B-DATE
101.0,and,O
101.0,show-cause,B-DOCUMENT
101.0,notice,I-DOCUMENT
101.0,dated,O
101.0,29.11.2002.,B-DATE
101.0,Further,O
101.0,prayer,O
101.0,made,O
101.0,is,O
101.0,for,O
101.0,quashing,O
101.0,of,O
101.0,the,O
101.0,disciplinary,O
101.0,proceeding,O
101.0,initiated,O
101.0,against,O
101.0,the,O
101.0,petitioner.,B-LEGAL_ROLE
101.0,Case,B-CASE_NUMBER
101.0,of,O
101.0,the,O
101.0,petitioner,B-DESIGNATION
101.0,is,O
101.0,that,O
101.0,while,O
101.0,he,O
101.0,was,O
101.0,serving,O
101.0,as,O
101.0,Block,B-PERSON
101.0,Development,I-PERSON
101.0,Officer,I-PERSON
101.0,(BDO),O
101.0,in,O
101.0,the,O
101.0,Tingkhong,B-LOCATION
101.0,Development,I-LOCATION
101.0,Block,I-LOCATION
101.0,in,O
101.0,Dibrugarh,O
101.0,"district,",O
101.0,he,O
101.0,was,O
101.0,placed,O
101.0,under,O
101.0,suspension,O
101.0,on,O
101.0,"29.12.2001,",B-DATE
101.0,3,O
101.0,(three),O
101.0,days,O
101.0,prior,O
101.0,to,O
101.0,his,O
101.0,retirement.,O
101.0,The,O
101.0,allegation,O
101.0,against,O
101.0,the,O
101.0,petitioner,B-DESIGNATION
101.0,was,O
101.0,of,O
101.0,mis-appropriation,O
101.0,of,O
101.0,Government,O
101.0,money.,O
101.0,Petitioner,B-DESIGNATION
101.0,thereafter,O
101.0,superannuated,O
101.0,from,O
101.0,service,O
101.0,on,O
101.0,31.12.2001.,B-DATE
,,O
