id,judgment,entity_text,entity_label,score
1,"The aforesaid charge-sheet was submitted against 10(ten) persons including the present petitioner. An FIR was filed by one Smti Hardeep Kaur Sondhi, wife of late Tej Pal Singh Sondhi with the Officer-In-Charge, Dispur Police Station on 2.9.2008 which was registered as Dispur P.S.Case No.1383/09 under Sections 120(B)/468/447/506/506 IPC. It has been stated in the FIR that the informant's family owned and possessed a plot of land measuring 4 Bighas covered by Dag No.209, K P Patta No.52 at revenue village Rukmininagar under Beltola Mouza in the District of Kamrup(M) adjacent to the Down Town Hospital. From the aforesaid plot of land 2 Bighas 2 Kathas of land was sold to two different buyers and the rest was still belonging to informant's family. It is alleged that taking advantage of long absence from Guwahati some miscreants fraudulently executed and registered sale deed in the names of her father-in-law and her deceased husband, who was an Advocate of Gauhati High Court. It is also alleged that the miscreants started construction of boundary wall without her knowledge and having come to know about it from reliable source, she went to prevent the construction works but the miscreants threatened her with dire consequences compelling her to file the FIR.",FIR,Document,0.9544
1,"The aforesaid charge-sheet was submitted against 10(ten) persons including the present petitioner. An FIR was filed by one Smti Hardeep Kaur Sondhi, wife of late Tej Pal Singh Sondhi with the Officer-In-Charge, Dispur Police Station on 2.9.2008 which was registered as Dispur P.S.Case No.1383/09 under Sections 120(B)/468/447/506/506 IPC. It has been stated in the FIR that the informant's family owned and possessed a plot of land measuring 4 Bighas covered by Dag No.209, K P Patta No.52 at revenue village Rukmininagar under Beltola Mouza in the District of Kamrup(M) adjacent to the Down Town Hospital. From the aforesaid plot of land 2 Bighas 2 Kathas of land was sold to two different buyers and the rest was still belonging to informant's family. It is alleged that taking advantage of long absence from Guwahati some miscreants fraudulently executed and registered sale deed in the names of her father-in-law and her deceased husband, who was an Advocate of Gauhati High Court. It is also alleged that the miscreants started construction of boundary wall without her knowledge and having come to know about it from reliable source, she went to prevent the construction works but the miscreants threatened her with dire consequences compelling her to file the FIR.",Smti Hardeep Kaur Sondhi,Person,0.9352
1,"The aforesaid charge-sheet was submitted against 10(ten) persons including the present petitioner. An FIR was filed by one Smti Hardeep Kaur Sondhi, wife of late Tej Pal Singh Sondhi with the Officer-In-Charge, Dispur Police Station on 2.9.2008 which was registered as Dispur P.S.Case No.1383/09 under Sections 120(B)/468/447/506/506 IPC. It has been stated in the FIR that the informant's family owned and possessed a plot of land measuring 4 Bighas covered by Dag No.209, K P Patta No.52 at revenue village Rukmininagar under Beltola Mouza in the District of Kamrup(M) adjacent to the Down Town Hospital. From the aforesaid plot of land 2 Bighas 2 Kathas of land was sold to two different buyers and the rest was still belonging to informant's family. It is alleged that taking advantage of long absence from Guwahati some miscreants fraudulently executed and registered sale deed in the names of her father-in-law and her deceased husband, who was an Advocate of Gauhati High Court. It is also alleged that the miscreants started construction of boundary wall without her knowledge and having come to know about it from reliable source, she went to prevent the construction works but the miscreants threatened her with dire consequences compelling her to file the FIR.",Tej Pal Singh Sondhi,Person,0.8815
1,"The aforesaid charge-sheet was submitted against 10(ten) persons including the present petitioner. An FIR was filed by one Smti Hardeep Kaur Sondhi, wife of late Tej Pal Singh Sondhi with the Officer-In-Charge, Dispur Police Station on 2.9.2008 which was registered as Dispur P.S.Case No.1383/09 under Sections 120(B)/468/447/506/506 IPC. It has been stated in the FIR that the informant's family owned and possessed a plot of land measuring 4 Bighas covered by Dag No.209, K P Patta No.52 at revenue village Rukmininagar under Beltola Mouza in the District of Kamrup(M) adjacent to the Down Town Hospital. From the aforesaid plot of land 2 Bighas 2 Kathas of land was sold to two different buyers and the rest was still belonging to informant's family. It is alleged that taking advantage of long absence from Guwahati some miscreants fraudulently executed and registered sale deed in the names of her father-in-law and her deceased husband, who was an Advocate of Gauhati High Court. It is also alleged that the miscreants started construction of boundary wall without her knowledge and having come to know about it from reliable source, she went to prevent the construction works but the miscreants threatened her with dire consequences compelling her to file the FIR.",Officer-In-Charge,Person,0.8301
1,"The aforesaid charge-sheet was submitted against 10(ten) persons including the present petitioner. An FIR was filed by one Smti Hardeep Kaur Sondhi, wife of late Tej Pal Singh Sondhi with the Officer-In-Charge, Dispur Police Station on 2.9.2008 which was registered as Dispur P.S.Case No.1383/09 under Sections 120(B)/468/447/506/506 IPC. It has been stated in the FIR that the informant's family owned and possessed a plot of land measuring 4 Bighas covered by Dag No.209, K P Patta No.52 at revenue village Rukmininagar under Beltola Mouza in the District of Kamrup(M) adjacent to the Down Town Hospital. From the aforesaid plot of land 2 Bighas 2 Kathas of land was sold to two different buyers and the rest was still belonging to informant's family. It is alleged that taking advantage of long absence from Guwahati some miscreants fraudulently executed and registered sale deed in the names of her father-in-law and her deceased husband, who was an Advocate of Gauhati High Court. It is also alleged that the miscreants started construction of boundary wall without her knowledge and having come to know about it from reliable source, she went to prevent the construction works but the miscreants threatened her with dire consequences compelling her to file the FIR.",Dispur Police Station,Police Station,0.9871
1,"The aforesaid charge-sheet was submitted against 10(ten) persons including the present petitioner. An FIR was filed by one Smti Hardeep Kaur Sondhi, wife of late Tej Pal Singh Sondhi with the Officer-In-Charge, Dispur Police Station on 2.9.2008 which was registered as Dispur P.S.Case No.1383/09 under Sections 120(B)/468/447/506/506 IPC. It has been stated in the FIR that the informant's family owned and possessed a plot of land measuring 4 Bighas covered by Dag No.209, K P Patta No.52 at revenue village Rukmininagar under Beltola Mouza in the District of Kamrup(M) adjacent to the Down Town Hospital. From the aforesaid plot of land 2 Bighas 2 Kathas of land was sold to two different buyers and the rest was still belonging to informant's family. It is alleged that taking advantage of long absence from Guwahati some miscreants fraudulently executed and registered sale deed in the names of her father-in-law and her deceased husband, who was an Advocate of Gauhati High Court. It is also alleged that the miscreants started construction of boundary wall without her knowledge and having come to know about it from reliable source, she went to prevent the construction works but the miscreants threatened her with dire consequences compelling her to file the FIR.",2.9.2008,Date,0.9869
1,"The aforesaid charge-sheet was submitted against 10(ten) persons including the present petitioner. An FIR was filed by one Smti Hardeep Kaur Sondhi, wife of late Tej Pal Singh Sondhi with the Officer-In-Charge, Dispur Police Station on 2.9.2008 which was registered as Dispur P.S.Case No.1383/09 under Sections 120(B)/468/447/506/506 IPC. It has been stated in the FIR that the informant's family owned and possessed a plot of land measuring 4 Bighas covered by Dag No.209, K P Patta No.52 at revenue village Rukmininagar under Beltola Mouza in the District of Kamrup(M) adjacent to the Down Town Hospital. From the aforesaid plot of land 2 Bighas 2 Kathas of land was sold to two different buyers and the rest was still belonging to informant's family. It is alleged that taking advantage of long absence from Guwahati some miscreants fraudulently executed and registered sale deed in the names of her father-in-law and her deceased husband, who was an Advocate of Gauhati High Court. It is also alleged that the miscreants started construction of boundary wall without her knowledge and having come to know about it from reliable source, she went to prevent the construction works but the miscreants threatened her with dire consequences compelling her to file the FIR.",Dispur P.S.Case No.1383/09,Case Number,0.5502
1,"The aforesaid charge-sheet was submitted against 10(ten) persons including the present petitioner. An FIR was filed by one Smti Hardeep Kaur Sondhi, wife of late Tej Pal Singh Sondhi with the Officer-In-Charge, Dispur Police Station on 2.9.2008 which was registered as Dispur P.S.Case No.1383/09 under Sections 120(B)/468/447/506/506 IPC. It has been stated in the FIR that the informant's family owned and possessed a plot of land measuring 4 Bighas covered by Dag No.209, K P Patta No.52 at revenue village Rukmininagar under Beltola Mouza in the District of Kamrup(M) adjacent to the Down Town Hospital. From the aforesaid plot of land 2 Bighas 2 Kathas of land was sold to two different buyers and the rest was still belonging to informant's family. It is alleged that taking advantage of long absence from Guwahati some miscreants fraudulently executed and registered sale deed in the names of her father-in-law and her deceased husband, who was an Advocate of Gauhati High Court. It is also alleged that the miscreants started construction of boundary wall without her knowledge and having come to know about it from reliable source, she went to prevent the construction works but the miscreants threatened her with dire consequences compelling her to file the FIR.",IPC,Law,0.8466
1,"The aforesaid charge-sheet was submitted against 10(ten) persons including the present petitioner. An FIR was filed by one Smti Hardeep Kaur Sondhi, wife of late Tej Pal Singh Sondhi with the Officer-In-Charge, Dispur Police Station on 2.9.2008 which was registered as Dispur P.S.Case No.1383/09 under Sections 120(B)/468/447/506/506 IPC. It has been stated in the FIR that the informant's family owned and possessed a plot of land measuring 4 Bighas covered by Dag No.209, K P Patta No.52 at revenue village Rukmininagar under Beltola Mouza in the District of Kamrup(M) adjacent to the Down Town Hospital. From the aforesaid plot of land 2 Bighas 2 Kathas of land was sold to two different buyers and the rest was still belonging to informant's family. It is alleged that taking advantage of long absence from Guwahati some miscreants fraudulently executed and registered sale deed in the names of her father-in-law and her deceased husband, who was an Advocate of Gauhati High Court. It is also alleged that the miscreants started construction of boundary wall without her knowledge and having come to know about it from reliable source, she went to prevent the construction works but the miscreants threatened her with dire consequences compelling her to file the FIR.",FIR,Document,0.9707
1,"The aforesaid charge-sheet was submitted against 10(ten) persons including the present petitioner. An FIR was filed by one Smti Hardeep Kaur Sondhi, wife of late Tej Pal Singh Sondhi with the Officer-In-Charge, Dispur Police Station on 2.9.2008 which was registered as Dispur P.S.Case No.1383/09 under Sections 120(B)/468/447/506/506 IPC. It has been stated in the FIR that the informant's family owned and possessed a plot of land measuring 4 Bighas covered by Dag No.209, K P Patta No.52 at revenue village Rukmininagar under Beltola Mouza in the District of Kamrup(M) adjacent to the Down Town Hospital. From the aforesaid plot of land 2 Bighas 2 Kathas of land was sold to two different buyers and the rest was still belonging to informant's family. It is alleged that taking advantage of long absence from Guwahati some miscreants fraudulently executed and registered sale deed in the names of her father-in-law and her deceased husband, who was an Advocate of Gauhati High Court. It is also alleged that the miscreants started construction of boundary wall without her knowledge and having come to know about it from reliable source, she went to prevent the construction works but the miscreants threatened her with dire consequences compelling her to file the FIR.",Gauhati High Court,Court,0.9739
1,"The aforesaid charge-sheet was submitted against 10(ten) persons including the present petitioner. An FIR was filed by one Smti Hardeep Kaur Sondhi, wife of late Tej Pal Singh Sondhi with the Officer-In-Charge, Dispur Police Station on 2.9.2008 which was registered as Dispur P.S.Case No.1383/09 under Sections 120(B)/468/447/506/506 IPC. It has been stated in the FIR that the informant's family owned and possessed a plot of land measuring 4 Bighas covered by Dag No.209, K P Patta No.52 at revenue village Rukmininagar under Beltola Mouza in the District of Kamrup(M) adjacent to the Down Town Hospital. From the aforesaid plot of land 2 Bighas 2 Kathas of land was sold to two different buyers and the rest was still belonging to informant's family. It is alleged that taking advantage of long absence from Guwahati some miscreants fraudulently executed and registered sale deed in the names of her father-in-law and her deceased husband, who was an Advocate of Gauhati High Court. It is also alleged that the miscreants started construction of boundary wall without her knowledge and having come to know about it from reliable source, she went to prevent the construction works but the miscreants threatened her with dire consequences compelling her to file the FIR.",FIR,Document,0.9583
2,"This is an application under Section 115 read with Section 151 of the Code of Civil Procedure. Under challenge are the orders dated 22.02.2006 and 28.02.2006 passed by the learned Civil Judge (Junior Division) No. 2, Morigaon in Title Execution No. 4/2005 arising out of Title Suit No. 9 of 2002. The petitioners, as plaintiffs, instituted a title suit against the present opposite parties and one Sri Panchal Bordoloi which was registered as Title Suit No. 9/2002 in the Court of Civil Judge (Junior Division) No.2, Morigaon for declaration of right, title and interest in respect of the suit land described in Schedule A of the plaint, and for khas possession of the suit land by evicting the principal defendants along with other members of their families etc.",Section 115,Section,0.9112
2,"This is an application under Section 115 read with Section 151 of the Code of Civil Procedure. Under challenge are the orders dated 22.02.2006 and 28.02.2006 passed by the learned Civil Judge (Junior Division) No. 2, Morigaon in Title Execution No. 4/2005 arising out of Title Suit No. 9 of 2002. The petitioners, as plaintiffs, instituted a title suit against the present opposite parties and one Sri Panchal Bordoloi which was registered as Title Suit No. 9/2002 in the Court of Civil Judge (Junior Division) No.2, Morigaon for declaration of right, title and interest in respect of the suit land described in Schedule A of the plaint, and for khas possession of the suit land by evicting the principal defendants along with other members of their families etc.",Section 151,Section,0.8795
2,"This is an application under Section 115 read with Section 151 of the Code of Civil Procedure. Under challenge are the orders dated 22.02.2006 and 28.02.2006 passed by the learned Civil Judge (Junior Division) No. 2, Morigaon in Title Execution No. 4/2005 arising out of Title Suit No. 9 of 2002. The petitioners, as plaintiffs, instituted a title suit against the present opposite parties and one Sri Panchal Bordoloi which was registered as Title Suit No. 9/2002 in the Court of Civil Judge (Junior Division) No.2, Morigaon for declaration of right, title and interest in respect of the suit land described in Schedule A of the plaint, and for khas possession of the suit land by evicting the principal defendants along with other members of their families etc.",Code of Civil Procedure,Law,0.8093
2,"This is an application under Section 115 read with Section 151 of the Code of Civil Procedure. Under challenge are the orders dated 22.02.2006 and 28.02.2006 passed by the learned Civil Judge (Junior Division) No. 2, Morigaon in Title Execution No. 4/2005 arising out of Title Suit No. 9 of 2002. The petitioners, as plaintiffs, instituted a title suit against the present opposite parties and one Sri Panchal Bordoloi which was registered as Title Suit No. 9/2002 in the Court of Civil Judge (Junior Division) No.2, Morigaon for declaration of right, title and interest in respect of the suit land described in Schedule A of the plaint, and for khas possession of the suit land by evicting the principal defendants along with other members of their families etc.",22.02.2006,Date,0.8629
2,"This is an application under Section 115 read with Section 151 of the Code of Civil Procedure. Under challenge are the orders dated 22.02.2006 and 28.02.2006 passed by the learned Civil Judge (Junior Division) No. 2, Morigaon in Title Execution No. 4/2005 arising out of Title Suit No. 9 of 2002. The petitioners, as plaintiffs, instituted a title suit against the present opposite parties and one Sri Panchal Bordoloi which was registered as Title Suit No. 9/2002 in the Court of Civil Judge (Junior Division) No.2, Morigaon for declaration of right, title and interest in respect of the suit land described in Schedule A of the plaint, and for khas possession of the suit land by evicting the principal defendants along with other members of their families etc.",28.02.2006,Date,0.8825
2,"This is an application under Section 115 read with Section 151 of the Code of Civil Procedure. Under challenge are the orders dated 22.02.2006 and 28.02.2006 passed by the learned Civil Judge (Junior Division) No. 2, Morigaon in Title Execution No. 4/2005 arising out of Title Suit No. 9 of 2002. The petitioners, as plaintiffs, instituted a title suit against the present opposite parties and one Sri Panchal Bordoloi which was registered as Title Suit No. 9/2002 in the Court of Civil Judge (Junior Division) No.2, Morigaon for declaration of right, title and interest in respect of the suit land described in Schedule A of the plaint, and for khas possession of the suit land by evicting the principal defendants along with other members of their families etc.","Civil Judge (Junior Division) No. 2, Morigaon",Court,0.6984
2,"This is an application under Section 115 read with Section 151 of the Code of Civil Procedure. Under challenge are the orders dated 22.02.2006 and 28.02.2006 passed by the learned Civil Judge (Junior Division) No. 2, Morigaon in Title Execution No. 4/2005 arising out of Title Suit No. 9 of 2002. The petitioners, as plaintiffs, instituted a title suit against the present opposite parties and one Sri Panchal Bordoloi which was registered as Title Suit No. 9/2002 in the Court of Civil Judge (Junior Division) No.2, Morigaon for declaration of right, title and interest in respect of the suit land described in Schedule A of the plaint, and for khas possession of the suit land by evicting the principal defendants along with other members of their families etc.",Title Execution No. 4/2005,Case Number,0.7733
2,"This is an application under Section 115 read with Section 151 of the Code of Civil Procedure. Under challenge are the orders dated 22.02.2006 and 28.02.2006 passed by the learned Civil Judge (Junior Division) No. 2, Morigaon in Title Execution No. 4/2005 arising out of Title Suit No. 9 of 2002. The petitioners, as plaintiffs, instituted a title suit against the present opposite parties and one Sri Panchal Bordoloi which was registered as Title Suit No. 9/2002 in the Court of Civil Judge (Junior Division) No.2, Morigaon for declaration of right, title and interest in respect of the suit land described in Schedule A of the plaint, and for khas possession of the suit land by evicting the principal defendants along with other members of their families etc.",Title Suit No. 9 of 2002,Case Number,0.9159
2,"This is an application under Section 115 read with Section 151 of the Code of Civil Procedure. Under challenge are the orders dated 22.02.2006 and 28.02.2006 passed by the learned Civil Judge (Junior Division) No. 2, Morigaon in Title Execution No. 4/2005 arising out of Title Suit No. 9 of 2002. The petitioners, as plaintiffs, instituted a title suit against the present opposite parties and one Sri Panchal Bordoloi which was registered as Title Suit No. 9/2002 in the Court of Civil Judge (Junior Division) No.2, Morigaon for declaration of right, title and interest in respect of the suit land described in Schedule A of the plaint, and for khas possession of the suit land by evicting the principal defendants along with other members of their families etc.",Sri Panchal Bordoloi,Person,0.677
2,"This is an application under Section 115 read with Section 151 of the Code of Civil Procedure. Under challenge are the orders dated 22.02.2006 and 28.02.2006 passed by the learned Civil Judge (Junior Division) No. 2, Morigaon in Title Execution No. 4/2005 arising out of Title Suit No. 9 of 2002. The petitioners, as plaintiffs, instituted a title suit against the present opposite parties and one Sri Panchal Bordoloi which was registered as Title Suit No. 9/2002 in the Court of Civil Judge (Junior Division) No.2, Morigaon for declaration of right, title and interest in respect of the suit land described in Schedule A of the plaint, and for khas possession of the suit land by evicting the principal defendants along with other members of their families etc.",Title Suit No. 9/2002,Case Number,0.9152
2,"This is an application under Section 115 read with Section 151 of the Code of Civil Procedure. Under challenge are the orders dated 22.02.2006 and 28.02.2006 passed by the learned Civil Judge (Junior Division) No. 2, Morigaon in Title Execution No. 4/2005 arising out of Title Suit No. 9 of 2002. The petitioners, as plaintiffs, instituted a title suit against the present opposite parties and one Sri Panchal Bordoloi which was registered as Title Suit No. 9/2002 in the Court of Civil Judge (Junior Division) No.2, Morigaon for declaration of right, title and interest in respect of the suit land described in Schedule A of the plaint, and for khas possession of the suit land by evicting the principal defendants along with other members of their families etc.","Civil Judge (Junior Division) No.2, Morigaon",Court,0.5373
2,"This is an application under Section 115 read with Section 151 of the Code of Civil Procedure. Under challenge are the orders dated 22.02.2006 and 28.02.2006 passed by the learned Civil Judge (Junior Division) No. 2, Morigaon in Title Execution No. 4/2005 arising out of Title Suit No. 9 of 2002. The petitioners, as plaintiffs, instituted a title suit against the present opposite parties and one Sri Panchal Bordoloi which was registered as Title Suit No. 9/2002 in the Court of Civil Judge (Junior Division) No.2, Morigaon for declaration of right, title and interest in respect of the suit land described in Schedule A of the plaint, and for khas possession of the suit land by evicting the principal defendants along with other members of their families etc.",Schedule A,Document,0.8513
3,"Sri Roy, learned counsel for the petitioner submitted that the respondent/defendant No.4, M/s Ganesh Plantations Pvt. Ltd had already appeared in the suit through a lawyer and no written statement was filed, despite taking adjournments. Suddenly, after more than four years of filing of the suit, the respondent No.10(not a party in the suit) filed a petition under Section 151 of the Code of Civil Procedure representing himself as the Director-cum-Executive Officer of defendant No.4 and prayed for allowing the said defendant to submit their written statement and to contest the suit. According to the learned counsel, the respondent No.10 was not impleaded in the suit by name nor he had authority to file the objection since the defendant No.4 was already represented by its Director.",Sri Roy,Person,0.6423
3,"Sri Roy, learned counsel for the petitioner submitted that the respondent/defendant No.4, M/s Ganesh Plantations Pvt. Ltd had already appeared in the suit through a lawyer and no written statement was filed, despite taking adjournments. Suddenly, after more than four years of filing of the suit, the respondent No.10(not a party in the suit) filed a petition under Section 151 of the Code of Civil Procedure representing himself as the Director-cum-Executive Officer of defendant No.4 and prayed for allowing the said defendant to submit their written statement and to contest the suit. According to the learned counsel, the respondent No.10 was not impleaded in the suit by name nor he had authority to file the objection since the defendant No.4 was already represented by its Director.",written statement,Document,0.7896
3,"Sri Roy, learned counsel for the petitioner submitted that the respondent/defendant No.4, M/s Ganesh Plantations Pvt. Ltd had already appeared in the suit through a lawyer and no written statement was filed, despite taking adjournments. Suddenly, after more than four years of filing of the suit, the respondent No.10(not a party in the suit) filed a petition under Section 151 of the Code of Civil Procedure representing himself as the Director-cum-Executive Officer of defendant No.4 and prayed for allowing the said defendant to submit their written statement and to contest the suit. According to the learned counsel, the respondent No.10 was not impleaded in the suit by name nor he had authority to file the objection since the defendant No.4 was already represented by its Director.",respondent No.10,Person,0.8021
3,"Sri Roy, learned counsel for the petitioner submitted that the respondent/defendant No.4, M/s Ganesh Plantations Pvt. Ltd had already appeared in the suit through a lawyer and no written statement was filed, despite taking adjournments. Suddenly, after more than four years of filing of the suit, the respondent No.10(not a party in the suit) filed a petition under Section 151 of the Code of Civil Procedure representing himself as the Director-cum-Executive Officer of defendant No.4 and prayed for allowing the said defendant to submit their written statement and to contest the suit. According to the learned counsel, the respondent No.10 was not impleaded in the suit by name nor he had authority to file the objection since the defendant No.4 was already represented by its Director.",Section 151,Section,0.9696
3,"Sri Roy, learned counsel for the petitioner submitted that the respondent/defendant No.4, M/s Ganesh Plantations Pvt. Ltd had already appeared in the suit through a lawyer and no written statement was filed, despite taking adjournments. Suddenly, after more than four years of filing of the suit, the respondent No.10(not a party in the suit) filed a petition under Section 151 of the Code of Civil Procedure representing himself as the Director-cum-Executive Officer of defendant No.4 and prayed for allowing the said defendant to submit their written statement and to contest the suit. According to the learned counsel, the respondent No.10 was not impleaded in the suit by name nor he had authority to file the objection since the defendant No.4 was already represented by its Director.",Code of Civil Procedure,Law,0.9405
3,"Sri Roy, learned counsel for the petitioner submitted that the respondent/defendant No.4, M/s Ganesh Plantations Pvt. Ltd had already appeared in the suit through a lawyer and no written statement was filed, despite taking adjournments. Suddenly, after more than four years of filing of the suit, the respondent No.10(not a party in the suit) filed a petition under Section 151 of the Code of Civil Procedure representing himself as the Director-cum-Executive Officer of defendant No.4 and prayed for allowing the said defendant to submit their written statement and to contest the suit. According to the learned counsel, the respondent No.10 was not impleaded in the suit by name nor he had authority to file the objection since the defendant No.4 was already represented by its Director.",written statement,Document,0.7969
3,"Sri Roy, learned counsel for the petitioner submitted that the respondent/defendant No.4, M/s Ganesh Plantations Pvt. Ltd had already appeared in the suit through a lawyer and no written statement was filed, despite taking adjournments. Suddenly, after more than four years of filing of the suit, the respondent No.10(not a party in the suit) filed a petition under Section 151 of the Code of Civil Procedure representing himself as the Director-cum-Executive Officer of defendant No.4 and prayed for allowing the said defendant to submit their written statement and to contest the suit. According to the learned counsel, the respondent No.10 was not impleaded in the suit by name nor he had authority to file the objection since the defendant No.4 was already represented by its Director.",respondent No.10,Person,0.8476
4,"The Bodoland Territorial Council (for short hereafter referred to as the Council) by the instant application seeks a review of the order dated 20.09.2002, passed by this Court in WP(C) No. 2721/2001,directing the competent authority to appoint the opposite party/respondent No. 4 and/or pass necessary orders for the regularization of his services in the light of the order dated 07.12.1999 (Annexure B to the writ petition). I have heard Mr. D Das, learned Standing Counsel, Bodoland Territorial Council and Mr. A Deka, learned Standing Counsel, Education Department for opposite party No. 1, 2 & 3. Also heard Mr. KP Sarma, Senior Advocate for the opposite party No. 4/writ petitioner.",20.09.2002,Date,0.8413
4,"The Bodoland Territorial Council (for short hereafter referred to as the Council) by the instant application seeks a review of the order dated 20.09.2002, passed by this Court in WP(C) No. 2721/2001,directing the competent authority to appoint the opposite party/respondent No. 4 and/or pass necessary orders for the regularization of his services in the light of the order dated 07.12.1999 (Annexure B to the writ petition). I have heard Mr. D Das, learned Standing Counsel, Bodoland Territorial Council and Mr. A Deka, learned Standing Counsel, Education Department for opposite party No. 1, 2 & 3. Also heard Mr. KP Sarma, Senior Advocate for the opposite party No. 4/writ petitioner.",this Court,Court,0.5745
4,"The Bodoland Territorial Council (for short hereafter referred to as the Council) by the instant application seeks a review of the order dated 20.09.2002, passed by this Court in WP(C) No. 2721/2001,directing the competent authority to appoint the opposite party/respondent No. 4 and/or pass necessary orders for the regularization of his services in the light of the order dated 07.12.1999 (Annexure B to the writ petition). I have heard Mr. D Das, learned Standing Counsel, Bodoland Territorial Council and Mr. A Deka, learned Standing Counsel, Education Department for opposite party No. 1, 2 & 3. Also heard Mr. KP Sarma, Senior Advocate for the opposite party No. 4/writ petitioner.",WP(C) No. 2721/2001,Case Number,0.9614
4,"The Bodoland Territorial Council (for short hereafter referred to as the Council) by the instant application seeks a review of the order dated 20.09.2002, passed by this Court in WP(C) No. 2721/2001,directing the competent authority to appoint the opposite party/respondent No. 4 and/or pass necessary orders for the regularization of his services in the light of the order dated 07.12.1999 (Annexure B to the writ petition). I have heard Mr. D Das, learned Standing Counsel, Bodoland Territorial Council and Mr. A Deka, learned Standing Counsel, Education Department for opposite party No. 1, 2 & 3. Also heard Mr. KP Sarma, Senior Advocate for the opposite party No. 4/writ petitioner.",07.12.1999,Date,0.8672
4,"The Bodoland Territorial Council (for short hereafter referred to as the Council) by the instant application seeks a review of the order dated 20.09.2002, passed by this Court in WP(C) No. 2721/2001,directing the competent authority to appoint the opposite party/respondent No. 4 and/or pass necessary orders for the regularization of his services in the light of the order dated 07.12.1999 (Annexure B to the writ petition). I have heard Mr. D Das, learned Standing Counsel, Bodoland Territorial Council and Mr. A Deka, learned Standing Counsel, Education Department for opposite party No. 1, 2 & 3. Also heard Mr. KP Sarma, Senior Advocate for the opposite party No. 4/writ petitioner.",Annexure B to the writ petition,Document,0.8707
4,"The Bodoland Territorial Council (for short hereafter referred to as the Council) by the instant application seeks a review of the order dated 20.09.2002, passed by this Court in WP(C) No. 2721/2001,directing the competent authority to appoint the opposite party/respondent No. 4 and/or pass necessary orders for the regularization of his services in the light of the order dated 07.12.1999 (Annexure B to the writ petition). I have heard Mr. D Das, learned Standing Counsel, Bodoland Territorial Council and Mr. A Deka, learned Standing Counsel, Education Department for opposite party No. 1, 2 & 3. Also heard Mr. KP Sarma, Senior Advocate for the opposite party No. 4/writ petitioner.",Mr. D Das,Person,0.8083
4,"The Bodoland Territorial Council (for short hereafter referred to as the Council) by the instant application seeks a review of the order dated 20.09.2002, passed by this Court in WP(C) No. 2721/2001,directing the competent authority to appoint the opposite party/respondent No. 4 and/or pass necessary orders for the regularization of his services in the light of the order dated 07.12.1999 (Annexure B to the writ petition). I have heard Mr. D Das, learned Standing Counsel, Bodoland Territorial Council and Mr. A Deka, learned Standing Counsel, Education Department for opposite party No. 1, 2 & 3. Also heard Mr. KP Sarma, Senior Advocate for the opposite party No. 4/writ petitioner.",Mr. A Deka,Person,0.784
4,"The Bodoland Territorial Council (for short hereafter referred to as the Council) by the instant application seeks a review of the order dated 20.09.2002, passed by this Court in WP(C) No. 2721/2001,directing the competent authority to appoint the opposite party/respondent No. 4 and/or pass necessary orders for the regularization of his services in the light of the order dated 07.12.1999 (Annexure B to the writ petition). I have heard Mr. D Das, learned Standing Counsel, Bodoland Territorial Council and Mr. A Deka, learned Standing Counsel, Education Department for opposite party No. 1, 2 & 3. Also heard Mr. KP Sarma, Senior Advocate for the opposite party No. 4/writ petitioner.",Mr. KP Sarma,Person,0.7359
5,"The respondent No. 1 in this appeal filed the writ petition being W.P(C) No. 1687 of 2012 challenging the notice dated 28.02.2011 issued by the Secretary and the Executive Officer, Assam Anchalik Panchayat for convening the special meeting of Boalipar Gaon Panchayat on 04.03.2011 for discussing the no confidence motion against the President of the said Gaon Panchayat. Pursuant to the said notice dated 28.02.2011 the special meeting adopted the resolution of no confidence against the President of the said Gaon Panchayat.",The respondent No. 1,Person,0.6049
5,"The respondent No. 1 in this appeal filed the writ petition being W.P(C) No. 1687 of 2012 challenging the notice dated 28.02.2011 issued by the Secretary and the Executive Officer, Assam Anchalik Panchayat for convening the special meeting of Boalipar Gaon Panchayat on 04.03.2011 for discussing the no confidence motion against the President of the said Gaon Panchayat. Pursuant to the said notice dated 28.02.2011 the special meeting adopted the resolution of no confidence against the President of the said Gaon Panchayat.",28.02.2011,Date,0.7684
5,"The respondent No. 1 in this appeal filed the writ petition being W.P(C) No. 1687 of 2012 challenging the notice dated 28.02.2011 issued by the Secretary and the Executive Officer, Assam Anchalik Panchayat for convening the special meeting of Boalipar Gaon Panchayat on 04.03.2011 for discussing the no confidence motion against the President of the said Gaon Panchayat. Pursuant to the said notice dated 28.02.2011 the special meeting adopted the resolution of no confidence against the President of the said Gaon Panchayat.",Secretary and the Executive Officer,Person,0.5589
5,"The respondent No. 1 in this appeal filed the writ petition being W.P(C) No. 1687 of 2012 challenging the notice dated 28.02.2011 issued by the Secretary and the Executive Officer, Assam Anchalik Panchayat for convening the special meeting of Boalipar Gaon Panchayat on 04.03.2011 for discussing the no confidence motion against the President of the said Gaon Panchayat. Pursuant to the said notice dated 28.02.2011 the special meeting adopted the resolution of no confidence against the President of the said Gaon Panchayat.",04.03.2011,Date,0.7835
5,"The respondent No. 1 in this appeal filed the writ petition being W.P(C) No. 1687 of 2012 challenging the notice dated 28.02.2011 issued by the Secretary and the Executive Officer, Assam Anchalik Panchayat for convening the special meeting of Boalipar Gaon Panchayat on 04.03.2011 for discussing the no confidence motion against the President of the said Gaon Panchayat. Pursuant to the said notice dated 28.02.2011 the special meeting adopted the resolution of no confidence against the President of the said Gaon Panchayat.",President of the said Gaon Panchayat,Person,0.8727
5,"The respondent No. 1 in this appeal filed the writ petition being W.P(C) No. 1687 of 2012 challenging the notice dated 28.02.2011 issued by the Secretary and the Executive Officer, Assam Anchalik Panchayat for convening the special meeting of Boalipar Gaon Panchayat on 04.03.2011 for discussing the no confidence motion against the President of the said Gaon Panchayat. Pursuant to the said notice dated 28.02.2011 the special meeting adopted the resolution of no confidence against the President of the said Gaon Panchayat.",28.02.2011,Date,0.7192
5,"The respondent No. 1 in this appeal filed the writ petition being W.P(C) No. 1687 of 2012 challenging the notice dated 28.02.2011 issued by the Secretary and the Executive Officer, Assam Anchalik Panchayat for convening the special meeting of Boalipar Gaon Panchayat on 04.03.2011 for discussing the no confidence motion against the President of the said Gaon Panchayat. Pursuant to the said notice dated 28.02.2011 the special meeting adopted the resolution of no confidence against the President of the said Gaon Panchayat.",President of the said Gaon Panchayat,Person,0.8896
6,"work executed by the petitioner in relation to the work contract entered with the respondent (Railways). On such application being filed, the appropriate authority will decide the application in accordance with the provisions of the Act keeping in view the facts pleaded by the petitioner in their application and may consider to grant certificate or/and reject, as the case may be, after affording an opportunity to the petitioner of hearing. Indeed when the remedy of filing an application is provided under Section 47 ibid to a dealer, then it is this statutory remedy which must be resorted to by the dealer in order to resolve the dispute of the nature raised herein rather than to take recourse to the extra ordinary remedy of writ petition under Article 226 of the Constitution in the High Court. Indeed Mr. S. Saikia, learned Standing Counsel, Finance Department, who appeared on behalf of the State on advance notice did not dispute this legal proposition arising in the case, so also the learned counsel appearing for the petitioner. In the light of this limited discussion, we are not inclined to entertain the writ petition for deciding the controversy on merits and grant liberty to the petitioner to take recourse to the remedy available to them under Section 47(b)(i) of the Act as mentioned above. In case, if an application is made by the petitioner to the prescribed authority under the Act, then the prescribed",petitioner,Person,0.67
6,"work executed by the petitioner in relation to the work contract entered with the respondent (Railways). On such application being filed, the appropriate authority will decide the application in accordance with the provisions of the Act keeping in view the facts pleaded by the petitioner in their application and may consider to grant certificate or/and reject, as the case may be, after affording an opportunity to the petitioner of hearing. Indeed when the remedy of filing an application is provided under Section 47 ibid to a dealer, then it is this statutory remedy which must be resorted to by the dealer in order to resolve the dispute of the nature raised herein rather than to take recourse to the extra ordinary remedy of writ petition under Article 226 of the Constitution in the High Court. Indeed Mr. S. Saikia, learned Standing Counsel, Finance Department, who appeared on behalf of the State on advance notice did not dispute this legal proposition arising in the case, so also the learned counsel appearing for the petitioner. In the light of this limited discussion, we are not inclined to entertain the writ petition for deciding the controversy on merits and grant liberty to the petitioner to take recourse to the remedy available to them under Section 47(b)(i) of the Act as mentioned above. In case, if an application is made by the petitioner to the prescribed authority under the Act, then the prescribed",Act,Law,0.8211
6,"work executed by the petitioner in relation to the work contract entered with the respondent (Railways). On such application being filed, the appropriate authority will decide the application in accordance with the provisions of the Act keeping in view the facts pleaded by the petitioner in their application and may consider to grant certificate or/and reject, as the case may be, after affording an opportunity to the petitioner of hearing. Indeed when the remedy of filing an application is provided under Section 47 ibid to a dealer, then it is this statutory remedy which must be resorted to by the dealer in order to resolve the dispute of the nature raised herein rather than to take recourse to the extra ordinary remedy of writ petition under Article 226 of the Constitution in the High Court. Indeed Mr. S. Saikia, learned Standing Counsel, Finance Department, who appeared on behalf of the State on advance notice did not dispute this legal proposition arising in the case, so also the learned counsel appearing for the petitioner. In the light of this limited discussion, we are not inclined to entertain the writ petition for deciding the controversy on merits and grant liberty to the petitioner to take recourse to the remedy available to them under Section 47(b)(i) of the Act as mentioned above. In case, if an application is made by the petitioner to the prescribed authority under the Act, then the prescribed",petitioner,Person,0.6528
6,"work executed by the petitioner in relation to the work contract entered with the respondent (Railways). On such application being filed, the appropriate authority will decide the application in accordance with the provisions of the Act keeping in view the facts pleaded by the petitioner in their application and may consider to grant certificate or/and reject, as the case may be, after affording an opportunity to the petitioner of hearing. Indeed when the remedy of filing an application is provided under Section 47 ibid to a dealer, then it is this statutory remedy which must be resorted to by the dealer in order to resolve the dispute of the nature raised herein rather than to take recourse to the extra ordinary remedy of writ petition under Article 226 of the Constitution in the High Court. Indeed Mr. S. Saikia, learned Standing Counsel, Finance Department, who appeared on behalf of the State on advance notice did not dispute this legal proposition arising in the case, so also the learned counsel appearing for the petitioner. In the light of this limited discussion, we are not inclined to entertain the writ petition for deciding the controversy on merits and grant liberty to the petitioner to take recourse to the remedy available to them under Section 47(b)(i) of the Act as mentioned above. In case, if an application is made by the petitioner to the prescribed authority under the Act, then the prescribed",petitioner,Person,0.6369
6,"work executed by the petitioner in relation to the work contract entered with the respondent (Railways). On such application being filed, the appropriate authority will decide the application in accordance with the provisions of the Act keeping in view the facts pleaded by the petitioner in their application and may consider to grant certificate or/and reject, as the case may be, after affording an opportunity to the petitioner of hearing. Indeed when the remedy of filing an application is provided under Section 47 ibid to a dealer, then it is this statutory remedy which must be resorted to by the dealer in order to resolve the dispute of the nature raised herein rather than to take recourse to the extra ordinary remedy of writ petition under Article 226 of the Constitution in the High Court. Indeed Mr. S. Saikia, learned Standing Counsel, Finance Department, who appeared on behalf of the State on advance notice did not dispute this legal proposition arising in the case, so also the learned counsel appearing for the petitioner. In the light of this limited discussion, we are not inclined to entertain the writ petition for deciding the controversy on merits and grant liberty to the petitioner to take recourse to the remedy available to them under Section 47(b)(i) of the Act as mentioned above. In case, if an application is made by the petitioner to the prescribed authority under the Act, then the prescribed",Section 47,Section,0.8497
6,"work executed by the petitioner in relation to the work contract entered with the respondent (Railways). On such application being filed, the appropriate authority will decide the application in accordance with the provisions of the Act keeping in view the facts pleaded by the petitioner in their application and may consider to grant certificate or/and reject, as the case may be, after affording an opportunity to the petitioner of hearing. Indeed when the remedy of filing an application is provided under Section 47 ibid to a dealer, then it is this statutory remedy which must be resorted to by the dealer in order to resolve the dispute of the nature raised herein rather than to take recourse to the extra ordinary remedy of writ petition under Article 226 of the Constitution in the High Court. Indeed Mr. S. Saikia, learned Standing Counsel, Finance Department, who appeared on behalf of the State on advance notice did not dispute this legal proposition arising in the case, so also the learned counsel appearing for the petitioner. In the light of this limited discussion, we are not inclined to entertain the writ petition for deciding the controversy on merits and grant liberty to the petitioner to take recourse to the remedy available to them under Section 47(b)(i) of the Act as mentioned above. In case, if an application is made by the petitioner to the prescribed authority under the Act, then the prescribed",Article 226,Law,0.6386
6,"work executed by the petitioner in relation to the work contract entered with the respondent (Railways). On such application being filed, the appropriate authority will decide the application in accordance with the provisions of the Act keeping in view the facts pleaded by the petitioner in their application and may consider to grant certificate or/and reject, as the case may be, after affording an opportunity to the petitioner of hearing. Indeed when the remedy of filing an application is provided under Section 47 ibid to a dealer, then it is this statutory remedy which must be resorted to by the dealer in order to resolve the dispute of the nature raised herein rather than to take recourse to the extra ordinary remedy of writ petition under Article 226 of the Constitution in the High Court. Indeed Mr. S. Saikia, learned Standing Counsel, Finance Department, who appeared on behalf of the State on advance notice did not dispute this legal proposition arising in the case, so also the learned counsel appearing for the petitioner. In the light of this limited discussion, we are not inclined to entertain the writ petition for deciding the controversy on merits and grant liberty to the petitioner to take recourse to the remedy available to them under Section 47(b)(i) of the Act as mentioned above. In case, if an application is made by the petitioner to the prescribed authority under the Act, then the prescribed",Constitution,Law,0.6178
6,"work executed by the petitioner in relation to the work contract entered with the respondent (Railways). On such application being filed, the appropriate authority will decide the application in accordance with the provisions of the Act keeping in view the facts pleaded by the petitioner in their application and may consider to grant certificate or/and reject, as the case may be, after affording an opportunity to the petitioner of hearing. Indeed when the remedy of filing an application is provided under Section 47 ibid to a dealer, then it is this statutory remedy which must be resorted to by the dealer in order to resolve the dispute of the nature raised herein rather than to take recourse to the extra ordinary remedy of writ petition under Article 226 of the Constitution in the High Court. Indeed Mr. S. Saikia, learned Standing Counsel, Finance Department, who appeared on behalf of the State on advance notice did not dispute this legal proposition arising in the case, so also the learned counsel appearing for the petitioner. In the light of this limited discussion, we are not inclined to entertain the writ petition for deciding the controversy on merits and grant liberty to the petitioner to take recourse to the remedy available to them under Section 47(b)(i) of the Act as mentioned above. In case, if an application is made by the petitioner to the prescribed authority under the Act, then the prescribed",High Court,Court,0.8424
6,"work executed by the petitioner in relation to the work contract entered with the respondent (Railways). On such application being filed, the appropriate authority will decide the application in accordance with the provisions of the Act keeping in view the facts pleaded by the petitioner in their application and may consider to grant certificate or/and reject, as the case may be, after affording an opportunity to the petitioner of hearing. Indeed when the remedy of filing an application is provided under Section 47 ibid to a dealer, then it is this statutory remedy which must be resorted to by the dealer in order to resolve the dispute of the nature raised herein rather than to take recourse to the extra ordinary remedy of writ petition under Article 226 of the Constitution in the High Court. Indeed Mr. S. Saikia, learned Standing Counsel, Finance Department, who appeared on behalf of the State on advance notice did not dispute this legal proposition arising in the case, so also the learned counsel appearing for the petitioner. In the light of this limited discussion, we are not inclined to entertain the writ petition for deciding the controversy on merits and grant liberty to the petitioner to take recourse to the remedy available to them under Section 47(b)(i) of the Act as mentioned above. In case, if an application is made by the petitioner to the prescribed authority under the Act, then the prescribed",Mr. S. Saikia,Person,0.7823
6,"work executed by the petitioner in relation to the work contract entered with the respondent (Railways). On such application being filed, the appropriate authority will decide the application in accordance with the provisions of the Act keeping in view the facts pleaded by the petitioner in their application and may consider to grant certificate or/and reject, as the case may be, after affording an opportunity to the petitioner of hearing. Indeed when the remedy of filing an application is provided under Section 47 ibid to a dealer, then it is this statutory remedy which must be resorted to by the dealer in order to resolve the dispute of the nature raised herein rather than to take recourse to the extra ordinary remedy of writ petition under Article 226 of the Constitution in the High Court. Indeed Mr. S. Saikia, learned Standing Counsel, Finance Department, who appeared on behalf of the State on advance notice did not dispute this legal proposition arising in the case, so also the learned counsel appearing for the petitioner. In the light of this limited discussion, we are not inclined to entertain the writ petition for deciding the controversy on merits and grant liberty to the petitioner to take recourse to the remedy available to them under Section 47(b)(i) of the Act as mentioned above. In case, if an application is made by the petitioner to the prescribed authority under the Act, then the prescribed",petitioner,Person,0.5992
6,"work executed by the petitioner in relation to the work contract entered with the respondent (Railways). On such application being filed, the appropriate authority will decide the application in accordance with the provisions of the Act keeping in view the facts pleaded by the petitioner in their application and may consider to grant certificate or/and reject, as the case may be, after affording an opportunity to the petitioner of hearing. Indeed when the remedy of filing an application is provided under Section 47 ibid to a dealer, then it is this statutory remedy which must be resorted to by the dealer in order to resolve the dispute of the nature raised herein rather than to take recourse to the extra ordinary remedy of writ petition under Article 226 of the Constitution in the High Court. Indeed Mr. S. Saikia, learned Standing Counsel, Finance Department, who appeared on behalf of the State on advance notice did not dispute this legal proposition arising in the case, so also the learned counsel appearing for the petitioner. In the light of this limited discussion, we are not inclined to entertain the writ petition for deciding the controversy on merits and grant liberty to the petitioner to take recourse to the remedy available to them under Section 47(b)(i) of the Act as mentioned above. In case, if an application is made by the petitioner to the prescribed authority under the Act, then the prescribed",petitioner,Person,0.6798
6,"work executed by the petitioner in relation to the work contract entered with the respondent (Railways). On such application being filed, the appropriate authority will decide the application in accordance with the provisions of the Act keeping in view the facts pleaded by the petitioner in their application and may consider to grant certificate or/and reject, as the case may be, after affording an opportunity to the petitioner of hearing. Indeed when the remedy of filing an application is provided under Section 47 ibid to a dealer, then it is this statutory remedy which must be resorted to by the dealer in order to resolve the dispute of the nature raised herein rather than to take recourse to the extra ordinary remedy of writ petition under Article 226 of the Constitution in the High Court. Indeed Mr. S. Saikia, learned Standing Counsel, Finance Department, who appeared on behalf of the State on advance notice did not dispute this legal proposition arising in the case, so also the learned counsel appearing for the petitioner. In the light of this limited discussion, we are not inclined to entertain the writ petition for deciding the controversy on merits and grant liberty to the petitioner to take recourse to the remedy available to them under Section 47(b)(i) of the Act as mentioned above. In case, if an application is made by the petitioner to the prescribed authority under the Act, then the prescribed",Section 47,Section,0.7962
6,"work executed by the petitioner in relation to the work contract entered with the respondent (Railways). On such application being filed, the appropriate authority will decide the application in accordance with the provisions of the Act keeping in view the facts pleaded by the petitioner in their application and may consider to grant certificate or/and reject, as the case may be, after affording an opportunity to the petitioner of hearing. Indeed when the remedy of filing an application is provided under Section 47 ibid to a dealer, then it is this statutory remedy which must be resorted to by the dealer in order to resolve the dispute of the nature raised herein rather than to take recourse to the extra ordinary remedy of writ petition under Article 226 of the Constitution in the High Court. Indeed Mr. S. Saikia, learned Standing Counsel, Finance Department, who appeared on behalf of the State on advance notice did not dispute this legal proposition arising in the case, so also the learned counsel appearing for the petitioner. In the light of this limited discussion, we are not inclined to entertain the writ petition for deciding the controversy on merits and grant liberty to the petitioner to take recourse to the remedy available to them under Section 47(b)(i) of the Act as mentioned above. In case, if an application is made by the petitioner to the prescribed authority under the Act, then the prescribed",Act,Law,0.8286
6,"work executed by the petitioner in relation to the work contract entered with the respondent (Railways). On such application being filed, the appropriate authority will decide the application in accordance with the provisions of the Act keeping in view the facts pleaded by the petitioner in their application and may consider to grant certificate or/and reject, as the case may be, after affording an opportunity to the petitioner of hearing. Indeed when the remedy of filing an application is provided under Section 47 ibid to a dealer, then it is this statutory remedy which must be resorted to by the dealer in order to resolve the dispute of the nature raised herein rather than to take recourse to the extra ordinary remedy of writ petition under Article 226 of the Constitution in the High Court. Indeed Mr. S. Saikia, learned Standing Counsel, Finance Department, who appeared on behalf of the State on advance notice did not dispute this legal proposition arising in the case, so also the learned counsel appearing for the petitioner. In the light of this limited discussion, we are not inclined to entertain the writ petition for deciding the controversy on merits and grant liberty to the petitioner to take recourse to the remedy available to them under Section 47(b)(i) of the Act as mentioned above. In case, if an application is made by the petitioner to the prescribed authority under the Act, then the prescribed",petitioner,Person,0.6751
6,"work executed by the petitioner in relation to the work contract entered with the respondent (Railways). On such application being filed, the appropriate authority will decide the application in accordance with the provisions of the Act keeping in view the facts pleaded by the petitioner in their application and may consider to grant certificate or/and reject, as the case may be, after affording an opportunity to the petitioner of hearing. Indeed when the remedy of filing an application is provided under Section 47 ibid to a dealer, then it is this statutory remedy which must be resorted to by the dealer in order to resolve the dispute of the nature raised herein rather than to take recourse to the extra ordinary remedy of writ petition under Article 226 of the Constitution in the High Court. Indeed Mr. S. Saikia, learned Standing Counsel, Finance Department, who appeared on behalf of the State on advance notice did not dispute this legal proposition arising in the case, so also the learned counsel appearing for the petitioner. In the light of this limited discussion, we are not inclined to entertain the writ petition for deciding the controversy on merits and grant liberty to the petitioner to take recourse to the remedy available to them under Section 47(b)(i) of the Act as mentioned above. In case, if an application is made by the petitioner to the prescribed authority under the Act, then the prescribed",Act,Law,0.8673
7,"Respondent herein as the writ petitioner had filed the related writ petition challenging the order dated 11-08-2010 passed by the Commissioner of Taxes, Assam (Commissioner) under section 105 of the Assam Value Added Tax Act, 2003 (Act) on a petition filed by the Superintendent of Taxes, Guwahati, Unit-B seeking clarification on the rate of tax on \""Ujala Supreme\"" manufactured by the petitioner. Case as projected in the writ petition is that respondent is engaged in the business of making and selling of \""Ujala Supreme\"" (product), which is the brand name for diluted Acid Violate Paste (AVP). It is a dealer under the Act and has been filing returns for the product in accordance with the provisions of the Act and the Rules framed thereunder by classifying it under HSN Code No.3204 12 94, paying value added tax (VAT) @4% in terms of part-C of second schedule to the Act and in turn collecting the said amount from its consumers.",writ petitioner,Person,0.5288
7,"Respondent herein as the writ petitioner had filed the related writ petition challenging the order dated 11-08-2010 passed by the Commissioner of Taxes, Assam (Commissioner) under section 105 of the Assam Value Added Tax Act, 2003 (Act) on a petition filed by the Superintendent of Taxes, Guwahati, Unit-B seeking clarification on the rate of tax on \""Ujala Supreme\"" manufactured by the petitioner. Case as projected in the writ petition is that respondent is engaged in the business of making and selling of \""Ujala Supreme\"" (product), which is the brand name for diluted Acid Violate Paste (AVP). It is a dealer under the Act and has been filing returns for the product in accordance with the provisions of the Act and the Rules framed thereunder by classifying it under HSN Code No.3204 12 94, paying value added tax (VAT) @4% in terms of part-C of second schedule to the Act and in turn collecting the said amount from its consumers.",writ petition,Document,0.6849
7,"Respondent herein as the writ petitioner had filed the related writ petition challenging the order dated 11-08-2010 passed by the Commissioner of Taxes, Assam (Commissioner) under section 105 of the Assam Value Added Tax Act, 2003 (Act) on a petition filed by the Superintendent of Taxes, Guwahati, Unit-B seeking clarification on the rate of tax on \""Ujala Supreme\"" manufactured by the petitioner. Case as projected in the writ petition is that respondent is engaged in the business of making and selling of \""Ujala Supreme\"" (product), which is the brand name for diluted Acid Violate Paste (AVP). It is a dealer under the Act and has been filing returns for the product in accordance with the provisions of the Act and the Rules framed thereunder by classifying it under HSN Code No.3204 12 94, paying value added tax (VAT) @4% in terms of part-C of second schedule to the Act and in turn collecting the said amount from its consumers.",11-08-2010,Date,0.8614
7,"Respondent herein as the writ petitioner had filed the related writ petition challenging the order dated 11-08-2010 passed by the Commissioner of Taxes, Assam (Commissioner) under section 105 of the Assam Value Added Tax Act, 2003 (Act) on a petition filed by the Superintendent of Taxes, Guwahati, Unit-B seeking clarification on the rate of tax on \""Ujala Supreme\"" manufactured by the petitioner. Case as projected in the writ petition is that respondent is engaged in the business of making and selling of \""Ujala Supreme\"" (product), which is the brand name for diluted Acid Violate Paste (AVP). It is a dealer under the Act and has been filing returns for the product in accordance with the provisions of the Act and the Rules framed thereunder by classifying it under HSN Code No.3204 12 94, paying value added tax (VAT) @4% in terms of part-C of second schedule to the Act and in turn collecting the said amount from its consumers.","Commissioner of Taxes, Assam",Person,0.6793
7,"Respondent herein as the writ petitioner had filed the related writ petition challenging the order dated 11-08-2010 passed by the Commissioner of Taxes, Assam (Commissioner) under section 105 of the Assam Value Added Tax Act, 2003 (Act) on a petition filed by the Superintendent of Taxes, Guwahati, Unit-B seeking clarification on the rate of tax on \""Ujala Supreme\"" manufactured by the petitioner. Case as projected in the writ petition is that respondent is engaged in the business of making and selling of \""Ujala Supreme\"" (product), which is the brand name for diluted Acid Violate Paste (AVP). It is a dealer under the Act and has been filing returns for the product in accordance with the provisions of the Act and the Rules framed thereunder by classifying it under HSN Code No.3204 12 94, paying value added tax (VAT) @4% in terms of part-C of second schedule to the Act and in turn collecting the said amount from its consumers.",Commissioner,Person,0.8061
7,"Respondent herein as the writ petitioner had filed the related writ petition challenging the order dated 11-08-2010 passed by the Commissioner of Taxes, Assam (Commissioner) under section 105 of the Assam Value Added Tax Act, 2003 (Act) on a petition filed by the Superintendent of Taxes, Guwahati, Unit-B seeking clarification on the rate of tax on \""Ujala Supreme\"" manufactured by the petitioner. Case as projected in the writ petition is that respondent is engaged in the business of making and selling of \""Ujala Supreme\"" (product), which is the brand name for diluted Acid Violate Paste (AVP). It is a dealer under the Act and has been filing returns for the product in accordance with the provisions of the Act and the Rules framed thereunder by classifying it under HSN Code No.3204 12 94, paying value added tax (VAT) @4% in terms of part-C of second schedule to the Act and in turn collecting the said amount from its consumers.",section 105,Section,0.948
7,"Respondent herein as the writ petitioner had filed the related writ petition challenging the order dated 11-08-2010 passed by the Commissioner of Taxes, Assam (Commissioner) under section 105 of the Assam Value Added Tax Act, 2003 (Act) on a petition filed by the Superintendent of Taxes, Guwahati, Unit-B seeking clarification on the rate of tax on \""Ujala Supreme\"" manufactured by the petitioner. Case as projected in the writ petition is that respondent is engaged in the business of making and selling of \""Ujala Supreme\"" (product), which is the brand name for diluted Acid Violate Paste (AVP). It is a dealer under the Act and has been filing returns for the product in accordance with the provisions of the Act and the Rules framed thereunder by classifying it under HSN Code No.3204 12 94, paying value added tax (VAT) @4% in terms of part-C of second schedule to the Act and in turn collecting the said amount from its consumers.",Act,Law,0.9567
7,"Respondent herein as the writ petitioner had filed the related writ petition challenging the order dated 11-08-2010 passed by the Commissioner of Taxes, Assam (Commissioner) under section 105 of the Assam Value Added Tax Act, 2003 (Act) on a petition filed by the Superintendent of Taxes, Guwahati, Unit-B seeking clarification on the rate of tax on \""Ujala Supreme\"" manufactured by the petitioner. Case as projected in the writ petition is that respondent is engaged in the business of making and selling of \""Ujala Supreme\"" (product), which is the brand name for diluted Acid Violate Paste (AVP). It is a dealer under the Act and has been filing returns for the product in accordance with the provisions of the Act and the Rules framed thereunder by classifying it under HSN Code No.3204 12 94, paying value added tax (VAT) @4% in terms of part-C of second schedule to the Act and in turn collecting the said amount from its consumers.",Act,Law,0.9604
7,"Respondent herein as the writ petitioner had filed the related writ petition challenging the order dated 11-08-2010 passed by the Commissioner of Taxes, Assam (Commissioner) under section 105 of the Assam Value Added Tax Act, 2003 (Act) on a petition filed by the Superintendent of Taxes, Guwahati, Unit-B seeking clarification on the rate of tax on \""Ujala Supreme\"" manufactured by the petitioner. Case as projected in the writ petition is that respondent is engaged in the business of making and selling of \""Ujala Supreme\"" (product), which is the brand name for diluted Acid Violate Paste (AVP). It is a dealer under the Act and has been filing returns for the product in accordance with the provisions of the Act and the Rules framed thereunder by classifying it under HSN Code No.3204 12 94, paying value added tax (VAT) @4% in terms of part-C of second schedule to the Act and in turn collecting the said amount from its consumers.","Superintendent of Taxes, Guwahati, Unit-B",Person,0.6115
7,"Respondent herein as the writ petitioner had filed the related writ petition challenging the order dated 11-08-2010 passed by the Commissioner of Taxes, Assam (Commissioner) under section 105 of the Assam Value Added Tax Act, 2003 (Act) on a petition filed by the Superintendent of Taxes, Guwahati, Unit-B seeking clarification on the rate of tax on \""Ujala Supreme\"" manufactured by the petitioner. Case as projected in the writ petition is that respondent is engaged in the business of making and selling of \""Ujala Supreme\"" (product), which is the brand name for diluted Acid Violate Paste (AVP). It is a dealer under the Act and has been filing returns for the product in accordance with the provisions of the Act and the Rules framed thereunder by classifying it under HSN Code No.3204 12 94, paying value added tax (VAT) @4% in terms of part-C of second schedule to the Act and in turn collecting the said amount from its consumers.",writ petition,Document,0.7422
7,"Respondent herein as the writ petitioner had filed the related writ petition challenging the order dated 11-08-2010 passed by the Commissioner of Taxes, Assam (Commissioner) under section 105 of the Assam Value Added Tax Act, 2003 (Act) on a petition filed by the Superintendent of Taxes, Guwahati, Unit-B seeking clarification on the rate of tax on \""Ujala Supreme\"" manufactured by the petitioner. Case as projected in the writ petition is that respondent is engaged in the business of making and selling of \""Ujala Supreme\"" (product), which is the brand name for diluted Acid Violate Paste (AVP). It is a dealer under the Act and has been filing returns for the product in accordance with the provisions of the Act and the Rules framed thereunder by classifying it under HSN Code No.3204 12 94, paying value added tax (VAT) @4% in terms of part-C of second schedule to the Act and in turn collecting the said amount from its consumers.",Act,Law,0.9589
7,"Respondent herein as the writ petitioner had filed the related writ petition challenging the order dated 11-08-2010 passed by the Commissioner of Taxes, Assam (Commissioner) under section 105 of the Assam Value Added Tax Act, 2003 (Act) on a petition filed by the Superintendent of Taxes, Guwahati, Unit-B seeking clarification on the rate of tax on \""Ujala Supreme\"" manufactured by the petitioner. Case as projected in the writ petition is that respondent is engaged in the business of making and selling of \""Ujala Supreme\"" (product), which is the brand name for diluted Acid Violate Paste (AVP). It is a dealer under the Act and has been filing returns for the product in accordance with the provisions of the Act and the Rules framed thereunder by classifying it under HSN Code No.3204 12 94, paying value added tax (VAT) @4% in terms of part-C of second schedule to the Act and in turn collecting the said amount from its consumers.",Act,Law,0.9636
7,"Respondent herein as the writ petitioner had filed the related writ petition challenging the order dated 11-08-2010 passed by the Commissioner of Taxes, Assam (Commissioner) under section 105 of the Assam Value Added Tax Act, 2003 (Act) on a petition filed by the Superintendent of Taxes, Guwahati, Unit-B seeking clarification on the rate of tax on \""Ujala Supreme\"" manufactured by the petitioner. Case as projected in the writ petition is that respondent is engaged in the business of making and selling of \""Ujala Supreme\"" (product), which is the brand name for diluted Acid Violate Paste (AVP). It is a dealer under the Act and has been filing returns for the product in accordance with the provisions of the Act and the Rules framed thereunder by classifying it under HSN Code No.3204 12 94, paying value added tax (VAT) @4% in terms of part-C of second schedule to the Act and in turn collecting the said amount from its consumers.",HSN Code No.3204 12 94,Case Number,0.5169
7,"Respondent herein as the writ petitioner had filed the related writ petition challenging the order dated 11-08-2010 passed by the Commissioner of Taxes, Assam (Commissioner) under section 105 of the Assam Value Added Tax Act, 2003 (Act) on a petition filed by the Superintendent of Taxes, Guwahati, Unit-B seeking clarification on the rate of tax on \""Ujala Supreme\"" manufactured by the petitioner. Case as projected in the writ petition is that respondent is engaged in the business of making and selling of \""Ujala Supreme\"" (product), which is the brand name for diluted Acid Violate Paste (AVP). It is a dealer under the Act and has been filing returns for the product in accordance with the provisions of the Act and the Rules framed thereunder by classifying it under HSN Code No.3204 12 94, paying value added tax (VAT) @4% in terms of part-C of second schedule to the Act and in turn collecting the said amount from its consumers.",Act,Law,0.9532
8,"The petitioner–village council is challenging the order dated 20.11.2009 passed by the Respondent No.3, SDO(Civil) Sechu-zubza under Kohima District, whereby a collective fine of Rs.1 lac has been imposed on the petitioner-village for alleged willful damage and destruction of various properties belonging to Respondent No.4, Sechuma Village Council with direction to deposit the said amount on or before 18.12.2009 and in default, the amount shall be deducted from the VDB grant-in-aid fund of the petitioner village to be realised through the Project Director, DRDA, Kohima.",20.11.2009,Date,0.8192
8,"The petitioner–village council is challenging the order dated 20.11.2009 passed by the Respondent No.3, SDO(Civil) Sechu-zubza under Kohima District, whereby a collective fine of Rs.1 lac has been imposed on the petitioner-village for alleged willful damage and destruction of various properties belonging to Respondent No.4, Sechuma Village Council with direction to deposit the said amount on or before 18.12.2009 and in default, the amount shall be deducted from the VDB grant-in-aid fund of the petitioner village to be realised through the Project Director, DRDA, Kohima.",Respondent No.3,Person,0.7078
8,"The petitioner–village council is challenging the order dated 20.11.2009 passed by the Respondent No.3, SDO(Civil) Sechu-zubza under Kohima District, whereby a collective fine of Rs.1 lac has been imposed on the petitioner-village for alleged willful damage and destruction of various properties belonging to Respondent No.4, Sechuma Village Council with direction to deposit the said amount on or before 18.12.2009 and in default, the amount shall be deducted from the VDB grant-in-aid fund of the petitioner village to be realised through the Project Director, DRDA, Kohima.",Respondent No.4,Person,0.7063
8,"The petitioner–village council is challenging the order dated 20.11.2009 passed by the Respondent No.3, SDO(Civil) Sechu-zubza under Kohima District, whereby a collective fine of Rs.1 lac has been imposed on the petitioner-village for alleged willful damage and destruction of various properties belonging to Respondent No.4, Sechuma Village Council with direction to deposit the said amount on or before 18.12.2009 and in default, the amount shall be deducted from the VDB grant-in-aid fund of the petitioner village to be realised through the Project Director, DRDA, Kohima.",18.12.2009,Date,0.7661
8,"The petitioner–village council is challenging the order dated 20.11.2009 passed by the Respondent No.3, SDO(Civil) Sechu-zubza under Kohima District, whereby a collective fine of Rs.1 lac has been imposed on the petitioner-village for alleged willful damage and destruction of various properties belonging to Respondent No.4, Sechuma Village Council with direction to deposit the said amount on or before 18.12.2009 and in default, the amount shall be deducted from the VDB grant-in-aid fund of the petitioner village to be realised through the Project Director, DRDA, Kohima.","Project Director, DRDA, Kohima",Person,0.7355
9,"The writ petitions were admitted for hearing by order dated 29.08.2011 and recording the statements made by the learned counsel for the respondent No. 8 that the writ petitions are not maintainable, irrespective of admission of the same for hearing, the question of maintainability of the writ petitions was kept open. During the course of hearing of the writ petitions learned counsel for the respondents submitted that in view of the earlier writ proceedings with the finality to the same even at the level of the Apex Court, the petitioners are precluded from re-agitating their grievance in the form of present two writ petitions. According to them, the writ petitions are misconceived and clearly barred by the principles of resjudicata and/or constructive res-judicata.",writ petitions,Document,0.8748
9,"The writ petitions were admitted for hearing by order dated 29.08.2011 and recording the statements made by the learned counsel for the respondent No. 8 that the writ petitions are not maintainable, irrespective of admission of the same for hearing, the question of maintainability of the writ petitions was kept open. During the course of hearing of the writ petitions learned counsel for the respondents submitted that in view of the earlier writ proceedings with the finality to the same even at the level of the Apex Court, the petitioners are precluded from re-agitating their grievance in the form of present two writ petitions. According to them, the writ petitions are misconceived and clearly barred by the principles of resjudicata and/or constructive res-judicata.",29.08.2011,Date,0.8608
9,"The writ petitions were admitted for hearing by order dated 29.08.2011 and recording the statements made by the learned counsel for the respondent No. 8 that the writ petitions are not maintainable, irrespective of admission of the same for hearing, the question of maintainability of the writ petitions was kept open. During the course of hearing of the writ petitions learned counsel for the respondents submitted that in view of the earlier writ proceedings with the finality to the same even at the level of the Apex Court, the petitioners are precluded from re-agitating their grievance in the form of present two writ petitions. According to them, the writ petitions are misconceived and clearly barred by the principles of resjudicata and/or constructive res-judicata.",learned counsel for the respondent No. 8,Person,0.5867
9,"The writ petitions were admitted for hearing by order dated 29.08.2011 and recording the statements made by the learned counsel for the respondent No. 8 that the writ petitions are not maintainable, irrespective of admission of the same for hearing, the question of maintainability of the writ petitions was kept open. During the course of hearing of the writ petitions learned counsel for the respondents submitted that in view of the earlier writ proceedings with the finality to the same even at the level of the Apex Court, the petitioners are precluded from re-agitating their grievance in the form of present two writ petitions. According to them, the writ petitions are misconceived and clearly barred by the principles of resjudicata and/or constructive res-judicata.",writ petitions,Document,0.8504
9,"The writ petitions were admitted for hearing by order dated 29.08.2011 and recording the statements made by the learned counsel for the respondent No. 8 that the writ petitions are not maintainable, irrespective of admission of the same for hearing, the question of maintainability of the writ petitions was kept open. During the course of hearing of the writ petitions learned counsel for the respondents submitted that in view of the earlier writ proceedings with the finality to the same even at the level of the Apex Court, the petitioners are precluded from re-agitating their grievance in the form of present two writ petitions. According to them, the writ petitions are misconceived and clearly barred by the principles of resjudicata and/or constructive res-judicata.",the writ petitions,Document,0.8609
9,"The writ petitions were admitted for hearing by order dated 29.08.2011 and recording the statements made by the learned counsel for the respondent No. 8 that the writ petitions are not maintainable, irrespective of admission of the same for hearing, the question of maintainability of the writ petitions was kept open. During the course of hearing of the writ petitions learned counsel for the respondents submitted that in view of the earlier writ proceedings with the finality to the same even at the level of the Apex Court, the petitioners are precluded from re-agitating their grievance in the form of present two writ petitions. According to them, the writ petitions are misconceived and clearly barred by the principles of resjudicata and/or constructive res-judicata.",the writ petitions,Document,0.9172
9,"The writ petitions were admitted for hearing by order dated 29.08.2011 and recording the statements made by the learned counsel for the respondent No. 8 that the writ petitions are not maintainable, irrespective of admission of the same for hearing, the question of maintainability of the writ petitions was kept open. During the course of hearing of the writ petitions learned counsel for the respondents submitted that in view of the earlier writ proceedings with the finality to the same even at the level of the Apex Court, the petitioners are precluded from re-agitating their grievance in the form of present two writ petitions. According to them, the writ petitions are misconceived and clearly barred by the principles of resjudicata and/or constructive res-judicata.",learned counsel for the respondents,Person,0.515
9,"The writ petitions were admitted for hearing by order dated 29.08.2011 and recording the statements made by the learned counsel for the respondent No. 8 that the writ petitions are not maintainable, irrespective of admission of the same for hearing, the question of maintainability of the writ petitions was kept open. During the course of hearing of the writ petitions learned counsel for the respondents submitted that in view of the earlier writ proceedings with the finality to the same even at the level of the Apex Court, the petitioners are precluded from re-agitating their grievance in the form of present two writ petitions. According to them, the writ petitions are misconceived and clearly barred by the principles of resjudicata and/or constructive res-judicata.",Apex Court,Court,0.8373
9,"The writ petitions were admitted for hearing by order dated 29.08.2011 and recording the statements made by the learned counsel for the respondent No. 8 that the writ petitions are not maintainable, irrespective of admission of the same for hearing, the question of maintainability of the writ petitions was kept open. During the course of hearing of the writ petitions learned counsel for the respondents submitted that in view of the earlier writ proceedings with the finality to the same even at the level of the Apex Court, the petitioners are precluded from re-agitating their grievance in the form of present two writ petitions. According to them, the writ petitions are misconceived and clearly barred by the principles of resjudicata and/or constructive res-judicata.",writ petitions,Document,0.8764
9,"The writ petitions were admitted for hearing by order dated 29.08.2011 and recording the statements made by the learned counsel for the respondent No. 8 that the writ petitions are not maintainable, irrespective of admission of the same for hearing, the question of maintainability of the writ petitions was kept open. During the course of hearing of the writ petitions learned counsel for the respondents submitted that in view of the earlier writ proceedings with the finality to the same even at the level of the Apex Court, the petitioners are precluded from re-agitating their grievance in the form of present two writ petitions. According to them, the writ petitions are misconceived and clearly barred by the principles of resjudicata and/or constructive res-judicata.",the writ petitions,Document,0.8764
10,"The University Grants Commission (UGC) had framed UGC (Minimum Qualifications Required for the Appointment and Career Advancement of Teachers in Universities and Institutions Affiliated to it) Regulation, 2000. This Regulation was subjected to a number of amendments. In the original 2000 Regulation, it was provided that NET shall remain the compulsory requirement for appointment as Lecturers even for candidates having Ph.D Degree; however, candidates who had completed M.Phil Degree or had submitted Ph.D thesis upto 31.12.1993 were exempted from appearing in the NET examination.",Regulation,Document,0.8487
10,"The University Grants Commission (UGC) had framed UGC (Minimum Qualifications Required for the Appointment and Career Advancement of Teachers in Universities and Institutions Affiliated to it) Regulation, 2000. This Regulation was subjected to a number of amendments. In the original 2000 Regulation, it was provided that NET shall remain the compulsory requirement for appointment as Lecturers even for candidates having Ph.D Degree; however, candidates who had completed M.Phil Degree or had submitted Ph.D thesis upto 31.12.1993 were exempted from appearing in the NET examination.",Regulation,Document,0.7873
10,"The University Grants Commission (UGC) had framed UGC (Minimum Qualifications Required for the Appointment and Career Advancement of Teachers in Universities and Institutions Affiliated to it) Regulation, 2000. This Regulation was subjected to a number of amendments. In the original 2000 Regulation, it was provided that NET shall remain the compulsory requirement for appointment as Lecturers even for candidates having Ph.D Degree; however, candidates who had completed M.Phil Degree or had submitted Ph.D thesis upto 31.12.1993 were exempted from appearing in the NET examination.",Regulation,Document,0.8318
10,"The University Grants Commission (UGC) had framed UGC (Minimum Qualifications Required for the Appointment and Career Advancement of Teachers in Universities and Institutions Affiliated to it) Regulation, 2000. This Regulation was subjected to a number of amendments. In the original 2000 Regulation, it was provided that NET shall remain the compulsory requirement for appointment as Lecturers even for candidates having Ph.D Degree; however, candidates who had completed M.Phil Degree or had submitted Ph.D thesis upto 31.12.1993 were exempted from appearing in the NET examination.",candidates,Person,0.5384
10,"The University Grants Commission (UGC) had framed UGC (Minimum Qualifications Required for the Appointment and Career Advancement of Teachers in Universities and Institutions Affiliated to it) Regulation, 2000. This Regulation was subjected to a number of amendments. In the original 2000 Regulation, it was provided that NET shall remain the compulsory requirement for appointment as Lecturers even for candidates having Ph.D Degree; however, candidates who had completed M.Phil Degree or had submitted Ph.D thesis upto 31.12.1993 were exempted from appearing in the NET examination.",candidates,Person,0.599
10,"The University Grants Commission (UGC) had framed UGC (Minimum Qualifications Required for the Appointment and Career Advancement of Teachers in Universities and Institutions Affiliated to it) Regulation, 2000. This Regulation was subjected to a number of amendments. In the original 2000 Regulation, it was provided that NET shall remain the compulsory requirement for appointment as Lecturers even for candidates having Ph.D Degree; however, candidates who had completed M.Phil Degree or had submitted Ph.D thesis upto 31.12.1993 were exempted from appearing in the NET examination.",31.12.1993,Date,0.6877
11,"The OA was filed by the respondent No. 1 Corporation in respect of the loan that was sanctioned in favour of the respondent No. 2 who was the defendant No. 1 in the OA. It was held by the Tribunal that the defendant No.1, i.e. the respondent No. 2 in this proceeding after availing the loan stood defaulter and accordingly the respondent/Corporation as the applicant was entitled to get a certificate to recover the outstanding dues from the defendants. The defendants were held jointly and severally liable. By the said order direction was issued for issuance of the certificate of recovery of Rs. 1,08,10,060.70 in favour of respondent No. 1 Corporation with interest therein @ 10% P.A. from the date of filing of the application.",OA,Document,0.7756
11,"The OA was filed by the respondent No. 1 Corporation in respect of the loan that was sanctioned in favour of the respondent No. 2 who was the defendant No. 1 in the OA. It was held by the Tribunal that the defendant No.1, i.e. the respondent No. 2 in this proceeding after availing the loan stood defaulter and accordingly the respondent/Corporation as the applicant was entitled to get a certificate to recover the outstanding dues from the defendants. The defendants were held jointly and severally liable. By the said order direction was issued for issuance of the certificate of recovery of Rs. 1,08,10,060.70 in favour of respondent No. 1 Corporation with interest therein @ 10% P.A. from the date of filing of the application.",respondent No. 1,Person,0.8959
11,"The OA was filed by the respondent No. 1 Corporation in respect of the loan that was sanctioned in favour of the respondent No. 2 who was the defendant No. 1 in the OA. It was held by the Tribunal that the defendant No.1, i.e. the respondent No. 2 in this proceeding after availing the loan stood defaulter and accordingly the respondent/Corporation as the applicant was entitled to get a certificate to recover the outstanding dues from the defendants. The defendants were held jointly and severally liable. By the said order direction was issued for issuance of the certificate of recovery of Rs. 1,08,10,060.70 in favour of respondent No. 1 Corporation with interest therein @ 10% P.A. from the date of filing of the application.",respondent No. 2,Person,0.9356
11,"The OA was filed by the respondent No. 1 Corporation in respect of the loan that was sanctioned in favour of the respondent No. 2 who was the defendant No. 1 in the OA. It was held by the Tribunal that the defendant No.1, i.e. the respondent No. 2 in this proceeding after availing the loan stood defaulter and accordingly the respondent/Corporation as the applicant was entitled to get a certificate to recover the outstanding dues from the defendants. The defendants were held jointly and severally liable. By the said order direction was issued for issuance of the certificate of recovery of Rs. 1,08,10,060.70 in favour of respondent No. 1 Corporation with interest therein @ 10% P.A. from the date of filing of the application.",defendant No. 1,Person,0.9457
11,"The OA was filed by the respondent No. 1 Corporation in respect of the loan that was sanctioned in favour of the respondent No. 2 who was the defendant No. 1 in the OA. It was held by the Tribunal that the defendant No.1, i.e. the respondent No. 2 in this proceeding after availing the loan stood defaulter and accordingly the respondent/Corporation as the applicant was entitled to get a certificate to recover the outstanding dues from the defendants. The defendants were held jointly and severally liable. By the said order direction was issued for issuance of the certificate of recovery of Rs. 1,08,10,060.70 in favour of respondent No. 1 Corporation with interest therein @ 10% P.A. from the date of filing of the application.",OA,Document,0.7751
11,"The OA was filed by the respondent No. 1 Corporation in respect of the loan that was sanctioned in favour of the respondent No. 2 who was the defendant No. 1 in the OA. It was held by the Tribunal that the defendant No.1, i.e. the respondent No. 2 in this proceeding after availing the loan stood defaulter and accordingly the respondent/Corporation as the applicant was entitled to get a certificate to recover the outstanding dues from the defendants. The defendants were held jointly and severally liable. By the said order direction was issued for issuance of the certificate of recovery of Rs. 1,08,10,060.70 in favour of respondent No. 1 Corporation with interest therein @ 10% P.A. from the date of filing of the application.",Tribunal,Court,0.7286
11,"The OA was filed by the respondent No. 1 Corporation in respect of the loan that was sanctioned in favour of the respondent No. 2 who was the defendant No. 1 in the OA. It was held by the Tribunal that the defendant No.1, i.e. the respondent No. 2 in this proceeding after availing the loan stood defaulter and accordingly the respondent/Corporation as the applicant was entitled to get a certificate to recover the outstanding dues from the defendants. The defendants were held jointly and severally liable. By the said order direction was issued for issuance of the certificate of recovery of Rs. 1,08,10,060.70 in favour of respondent No. 1 Corporation with interest therein @ 10% P.A. from the date of filing of the application.",defendant No.1,Person,0.9541
11,"The OA was filed by the respondent No. 1 Corporation in respect of the loan that was sanctioned in favour of the respondent No. 2 who was the defendant No. 1 in the OA. It was held by the Tribunal that the defendant No.1, i.e. the respondent No. 2 in this proceeding after availing the loan stood defaulter and accordingly the respondent/Corporation as the applicant was entitled to get a certificate to recover the outstanding dues from the defendants. The defendants were held jointly and severally liable. By the said order direction was issued for issuance of the certificate of recovery of Rs. 1,08,10,060.70 in favour of respondent No. 1 Corporation with interest therein @ 10% P.A. from the date of filing of the application.",respondent No. 2,Person,0.9634
11,"The OA was filed by the respondent No. 1 Corporation in respect of the loan that was sanctioned in favour of the respondent No. 2 who was the defendant No. 1 in the OA. It was held by the Tribunal that the defendant No.1, i.e. the respondent No. 2 in this proceeding after availing the loan stood defaulter and accordingly the respondent/Corporation as the applicant was entitled to get a certificate to recover the outstanding dues from the defendants. The defendants were held jointly and severally liable. By the said order direction was issued for issuance of the certificate of recovery of Rs. 1,08,10,060.70 in favour of respondent No. 1 Corporation with interest therein @ 10% P.A. from the date of filing of the application.",respondent No. 1,Person,0.8935
12,"The pleaded case of the petitioner sans unnecessary details is that after having been engaged as a part time menial on daily wage basis in the Office of the District & Sessions Judge, Karimganj vide order dated 07.10.2004, he continued in various capacities thereafter on the same arrangement, however, with intermittent breaks. Though in the process he was once terminated w.e.f. 01.12.2007, he was engaged again as part time menial w.e.f. 08.01.2008. According to him, he is continuing as such with breaks as on date. The petitioner has averred that the proforma respondent Nos. 3, 4 and 5 were engaged after him also on temporary basis and though all of them were at par on every essential aspect, vis-à-vis, their claim for regular appointment and or regularization of their services, vide the orders impugned they were appointed as peon against substantive vacancies in the Office of District & Sessions Judge, Karimganj to his exclusion and without following any procedure prescribed contemplated by law.",the petitioner,Person,0.6187
12,"The pleaded case of the petitioner sans unnecessary details is that after having been engaged as a part time menial on daily wage basis in the Office of the District & Sessions Judge, Karimganj vide order dated 07.10.2004, he continued in various capacities thereafter on the same arrangement, however, with intermittent breaks. Though in the process he was once terminated w.e.f. 01.12.2007, he was engaged again as part time menial w.e.f. 08.01.2008. According to him, he is continuing as such with breaks as on date. The petitioner has averred that the proforma respondent Nos. 3, 4 and 5 were engaged after him also on temporary basis and though all of them were at par on every essential aspect, vis-à-vis, their claim for regular appointment and or regularization of their services, vide the orders impugned they were appointed as peon against substantive vacancies in the Office of District & Sessions Judge, Karimganj to his exclusion and without following any procedure prescribed contemplated by law.",07.10.2004,Date,0.8449
12,"The pleaded case of the petitioner sans unnecessary details is that after having been engaged as a part time menial on daily wage basis in the Office of the District & Sessions Judge, Karimganj vide order dated 07.10.2004, he continued in various capacities thereafter on the same arrangement, however, with intermittent breaks. Though in the process he was once terminated w.e.f. 01.12.2007, he was engaged again as part time menial w.e.f. 08.01.2008. According to him, he is continuing as such with breaks as on date. The petitioner has averred that the proforma respondent Nos. 3, 4 and 5 were engaged after him also on temporary basis and though all of them were at par on every essential aspect, vis-à-vis, their claim for regular appointment and or regularization of their services, vide the orders impugned they were appointed as peon against substantive vacancies in the Office of District & Sessions Judge, Karimganj to his exclusion and without following any procedure prescribed contemplated by law.",he,Person,0.5591
12,"The pleaded case of the petitioner sans unnecessary details is that after having been engaged as a part time menial on daily wage basis in the Office of the District & Sessions Judge, Karimganj vide order dated 07.10.2004, he continued in various capacities thereafter on the same arrangement, however, with intermittent breaks. Though in the process he was once terminated w.e.f. 01.12.2007, he was engaged again as part time menial w.e.f. 08.01.2008. According to him, he is continuing as such with breaks as on date. The petitioner has averred that the proforma respondent Nos. 3, 4 and 5 were engaged after him also on temporary basis and though all of them were at par on every essential aspect, vis-à-vis, their claim for regular appointment and or regularization of their services, vide the orders impugned they were appointed as peon against substantive vacancies in the Office of District & Sessions Judge, Karimganj to his exclusion and without following any procedure prescribed contemplated by law.",he,Person,0.7992
12,"The pleaded case of the petitioner sans unnecessary details is that after having been engaged as a part time menial on daily wage basis in the Office of the District & Sessions Judge, Karimganj vide order dated 07.10.2004, he continued in various capacities thereafter on the same arrangement, however, with intermittent breaks. Though in the process he was once terminated w.e.f. 01.12.2007, he was engaged again as part time menial w.e.f. 08.01.2008. According to him, he is continuing as such with breaks as on date. The petitioner has averred that the proforma respondent Nos. 3, 4 and 5 were engaged after him also on temporary basis and though all of them were at par on every essential aspect, vis-à-vis, their claim for regular appointment and or regularization of their services, vide the orders impugned they were appointed as peon against substantive vacancies in the Office of District & Sessions Judge, Karimganj to his exclusion and without following any procedure prescribed contemplated by law.",01.12.2007,Date,0.6886
12,"The pleaded case of the petitioner sans unnecessary details is that after having been engaged as a part time menial on daily wage basis in the Office of the District & Sessions Judge, Karimganj vide order dated 07.10.2004, he continued in various capacities thereafter on the same arrangement, however, with intermittent breaks. Though in the process he was once terminated w.e.f. 01.12.2007, he was engaged again as part time menial w.e.f. 08.01.2008. According to him, he is continuing as such with breaks as on date. The petitioner has averred that the proforma respondent Nos. 3, 4 and 5 were engaged after him also on temporary basis and though all of them were at par on every essential aspect, vis-à-vis, their claim for regular appointment and or regularization of their services, vide the orders impugned they were appointed as peon against substantive vacancies in the Office of District & Sessions Judge, Karimganj to his exclusion and without following any procedure prescribed contemplated by law.",he,Person,0.6103
12,"The pleaded case of the petitioner sans unnecessary details is that after having been engaged as a part time menial on daily wage basis in the Office of the District & Sessions Judge, Karimganj vide order dated 07.10.2004, he continued in various capacities thereafter on the same arrangement, however, with intermittent breaks. Though in the process he was once terminated w.e.f. 01.12.2007, he was engaged again as part time menial w.e.f. 08.01.2008. According to him, he is continuing as such with breaks as on date. The petitioner has averred that the proforma respondent Nos. 3, 4 and 5 were engaged after him also on temporary basis and though all of them were at par on every essential aspect, vis-à-vis, their claim for regular appointment and or regularization of their services, vide the orders impugned they were appointed as peon against substantive vacancies in the Office of District & Sessions Judge, Karimganj to his exclusion and without following any procedure prescribed contemplated by law.",08.01.2008,Date,0.8305
12,"The pleaded case of the petitioner sans unnecessary details is that after having been engaged as a part time menial on daily wage basis in the Office of the District & Sessions Judge, Karimganj vide order dated 07.10.2004, he continued in various capacities thereafter on the same arrangement, however, with intermittent breaks. Though in the process he was once terminated w.e.f. 01.12.2007, he was engaged again as part time menial w.e.f. 08.01.2008. According to him, he is continuing as such with breaks as on date. The petitioner has averred that the proforma respondent Nos. 3, 4 and 5 were engaged after him also on temporary basis and though all of them were at par on every essential aspect, vis-à-vis, their claim for regular appointment and or regularization of their services, vide the orders impugned they were appointed as peon against substantive vacancies in the Office of District & Sessions Judge, Karimganj to his exclusion and without following any procedure prescribed contemplated by law.",he,Person,0.6422
12,"The pleaded case of the petitioner sans unnecessary details is that after having been engaged as a part time menial on daily wage basis in the Office of the District & Sessions Judge, Karimganj vide order dated 07.10.2004, he continued in various capacities thereafter on the same arrangement, however, with intermittent breaks. Though in the process he was once terminated w.e.f. 01.12.2007, he was engaged again as part time menial w.e.f. 08.01.2008. According to him, he is continuing as such with breaks as on date. The petitioner has averred that the proforma respondent Nos. 3, 4 and 5 were engaged after him also on temporary basis and though all of them were at par on every essential aspect, vis-à-vis, their claim for regular appointment and or regularization of their services, vide the orders impugned they were appointed as peon against substantive vacancies in the Office of District & Sessions Judge, Karimganj to his exclusion and without following any procedure prescribed contemplated by law.",The petitioner,Person,0.7795
12,"The pleaded case of the petitioner sans unnecessary details is that after having been engaged as a part time menial on daily wage basis in the Office of the District & Sessions Judge, Karimganj vide order dated 07.10.2004, he continued in various capacities thereafter on the same arrangement, however, with intermittent breaks. Though in the process he was once terminated w.e.f. 01.12.2007, he was engaged again as part time menial w.e.f. 08.01.2008. According to him, he is continuing as such with breaks as on date. The petitioner has averred that the proforma respondent Nos. 3, 4 and 5 were engaged after him also on temporary basis and though all of them were at par on every essential aspect, vis-à-vis, their claim for regular appointment and or regularization of their services, vide the orders impugned they were appointed as peon against substantive vacancies in the Office of District & Sessions Judge, Karimganj to his exclusion and without following any procedure prescribed contemplated by law.",law,Law,0.5225
13,"Incidentally the respondents/applicants in OA No.25/2006 and EP No.5/2009 had approached the learned Tribunal seeking grant of Special Duty Allowances on the basis of their all India transfer liability as well as their postings in the North Eastern Region of the country as contemplated by the relevant Official Memorandum issued by the Central Government to that effect. Vide judgment and order dated 01.08.2007 referred to hereinabove, the learned Tribunal on a due analysis of the facts involved granted the reliefs prayed for and parted with the proceedings with the following operative directions",OA No.25/2006,Case Number,0.9858
13,"Incidentally the respondents/applicants in OA No.25/2006 and EP No.5/2009 had approached the learned Tribunal seeking grant of Special Duty Allowances on the basis of their all India transfer liability as well as their postings in the North Eastern Region of the country as contemplated by the relevant Official Memorandum issued by the Central Government to that effect. Vide judgment and order dated 01.08.2007 referred to hereinabove, the learned Tribunal on a due analysis of the facts involved granted the reliefs prayed for and parted with the proceedings with the following operative directions",EP No.5/2009,Case Number,0.9663
13,"Incidentally the respondents/applicants in OA No.25/2006 and EP No.5/2009 had approached the learned Tribunal seeking grant of Special Duty Allowances on the basis of their all India transfer liability as well as their postings in the North Eastern Region of the country as contemplated by the relevant Official Memorandum issued by the Central Government to that effect. Vide judgment and order dated 01.08.2007 referred to hereinabove, the learned Tribunal on a due analysis of the facts involved granted the reliefs prayed for and parted with the proceedings with the following operative directions",learned Tribunal,Court,0.7179
13,"Incidentally the respondents/applicants in OA No.25/2006 and EP No.5/2009 had approached the learned Tribunal seeking grant of Special Duty Allowances on the basis of their all India transfer liability as well as their postings in the North Eastern Region of the country as contemplated by the relevant Official Memorandum issued by the Central Government to that effect. Vide judgment and order dated 01.08.2007 referred to hereinabove, the learned Tribunal on a due analysis of the facts involved granted the reliefs prayed for and parted with the proceedings with the following operative directions",01.08.2007,Date,0.7895
13,"Incidentally the respondents/applicants in OA No.25/2006 and EP No.5/2009 had approached the learned Tribunal seeking grant of Special Duty Allowances on the basis of their all India transfer liability as well as their postings in the North Eastern Region of the country as contemplated by the relevant Official Memorandum issued by the Central Government to that effect. Vide judgment and order dated 01.08.2007 referred to hereinabove, the learned Tribunal on a due analysis of the facts involved granted the reliefs prayed for and parted with the proceedings with the following operative directions",learned Tribunal,Court,0.7787
14,"The impugned order dated 13.8.2010 has been noted above. The Enquiry Officer has exonerated the petitioner from all the five charges. Under Rule 9 of the Assam Services (Discipline and Appeal) Rules, 1964, on conclusion of the enquiry, the Enquiring Authority shall prepare a report of the enquiry recording his findings on which all the charges together with the reasons there for. Thereafter, the enquiry report is to be submitted to the disciplinary authority. Under Rule 9(9), the disciplinary authority is to consider the report of the enquiry and record his findings on each charges. Nowhere, in the said provisions, any power of the disciplinary authority is contemplated to set aside the enquiry report and then to order for further enquiry by appointing another Enquiry Officer. As has been held by the Apex Court in K.D. Pandey (Supra), if the impugned order is allowed to stand, the same would be that the enquiry against the petitioner can go on perpetually untill the view of the Enquiry Officer is in accord with that of the disciplinary authority. In the said decision, the Supreme Court has held that such a course of action would an abuse of the process of law.",13.8.2010,Date,0.8289
14,"The impugned order dated 13.8.2010 has been noted above. The Enquiry Officer has exonerated the petitioner from all the five charges. Under Rule 9 of the Assam Services (Discipline and Appeal) Rules, 1964, on conclusion of the enquiry, the Enquiring Authority shall prepare a report of the enquiry recording his findings on which all the charges together with the reasons there for. Thereafter, the enquiry report is to be submitted to the disciplinary authority. Under Rule 9(9), the disciplinary authority is to consider the report of the enquiry and record his findings on each charges. Nowhere, in the said provisions, any power of the disciplinary authority is contemplated to set aside the enquiry report and then to order for further enquiry by appointing another Enquiry Officer. As has been held by the Apex Court in K.D. Pandey (Supra), if the impugned order is allowed to stand, the same would be that the enquiry against the petitioner can go on perpetually untill the view of the Enquiry Officer is in accord with that of the disciplinary authority. In the said decision, the Supreme Court has held that such a course of action would an abuse of the process of law.",Enquiry Officer,Person,0.6309
14,"The impugned order dated 13.8.2010 has been noted above. The Enquiry Officer has exonerated the petitioner from all the five charges. Under Rule 9 of the Assam Services (Discipline and Appeal) Rules, 1964, on conclusion of the enquiry, the Enquiring Authority shall prepare a report of the enquiry recording his findings on which all the charges together with the reasons there for. Thereafter, the enquiry report is to be submitted to the disciplinary authority. Under Rule 9(9), the disciplinary authority is to consider the report of the enquiry and record his findings on each charges. Nowhere, in the said provisions, any power of the disciplinary authority is contemplated to set aside the enquiry report and then to order for further enquiry by appointing another Enquiry Officer. As has been held by the Apex Court in K.D. Pandey (Supra), if the impugned order is allowed to stand, the same would be that the enquiry against the petitioner can go on perpetually untill the view of the Enquiry Officer is in accord with that of the disciplinary authority. In the said decision, the Supreme Court has held that such a course of action would an abuse of the process of law.",petitioner,Person,0.5793
14,"The impugned order dated 13.8.2010 has been noted above. The Enquiry Officer has exonerated the petitioner from all the five charges. Under Rule 9 of the Assam Services (Discipline and Appeal) Rules, 1964, on conclusion of the enquiry, the Enquiring Authority shall prepare a report of the enquiry recording his findings on which all the charges together with the reasons there for. Thereafter, the enquiry report is to be submitted to the disciplinary authority. Under Rule 9(9), the disciplinary authority is to consider the report of the enquiry and record his findings on each charges. Nowhere, in the said provisions, any power of the disciplinary authority is contemplated to set aside the enquiry report and then to order for further enquiry by appointing another Enquiry Officer. As has been held by the Apex Court in K.D. Pandey (Supra), if the impugned order is allowed to stand, the same would be that the enquiry against the petitioner can go on perpetually untill the view of the Enquiry Officer is in accord with that of the disciplinary authority. In the said decision, the Supreme Court has held that such a course of action would an abuse of the process of law.","Assam Services (Discipline and Appeal) Rules, 1964",Law,0.8591
14,"The impugned order dated 13.8.2010 has been noted above. The Enquiry Officer has exonerated the petitioner from all the five charges. Under Rule 9 of the Assam Services (Discipline and Appeal) Rules, 1964, on conclusion of the enquiry, the Enquiring Authority shall prepare a report of the enquiry recording his findings on which all the charges together with the reasons there for. Thereafter, the enquiry report is to be submitted to the disciplinary authority. Under Rule 9(9), the disciplinary authority is to consider the report of the enquiry and record his findings on each charges. Nowhere, in the said provisions, any power of the disciplinary authority is contemplated to set aside the enquiry report and then to order for further enquiry by appointing another Enquiry Officer. As has been held by the Apex Court in K.D. Pandey (Supra), if the impugned order is allowed to stand, the same would be that the enquiry against the petitioner can go on perpetually untill the view of the Enquiry Officer is in accord with that of the disciplinary authority. In the said decision, the Supreme Court has held that such a course of action would an abuse of the process of law.",Enquiry Officer,Person,0.7434
14,"The impugned order dated 13.8.2010 has been noted above. The Enquiry Officer has exonerated the petitioner from all the five charges. Under Rule 9 of the Assam Services (Discipline and Appeal) Rules, 1964, on conclusion of the enquiry, the Enquiring Authority shall prepare a report of the enquiry recording his findings on which all the charges together with the reasons there for. Thereafter, the enquiry report is to be submitted to the disciplinary authority. Under Rule 9(9), the disciplinary authority is to consider the report of the enquiry and record his findings on each charges. Nowhere, in the said provisions, any power of the disciplinary authority is contemplated to set aside the enquiry report and then to order for further enquiry by appointing another Enquiry Officer. As has been held by the Apex Court in K.D. Pandey (Supra), if the impugned order is allowed to stand, the same would be that the enquiry against the petitioner can go on perpetually untill the view of the Enquiry Officer is in accord with that of the disciplinary authority. In the said decision, the Supreme Court has held that such a course of action would an abuse of the process of law.",petitioner,Person,0.6333
14,"The impugned order dated 13.8.2010 has been noted above. The Enquiry Officer has exonerated the petitioner from all the five charges. Under Rule 9 of the Assam Services (Discipline and Appeal) Rules, 1964, on conclusion of the enquiry, the Enquiring Authority shall prepare a report of the enquiry recording his findings on which all the charges together with the reasons there for. Thereafter, the enquiry report is to be submitted to the disciplinary authority. Under Rule 9(9), the disciplinary authority is to consider the report of the enquiry and record his findings on each charges. Nowhere, in the said provisions, any power of the disciplinary authority is contemplated to set aside the enquiry report and then to order for further enquiry by appointing another Enquiry Officer. As has been held by the Apex Court in K.D. Pandey (Supra), if the impugned order is allowed to stand, the same would be that the enquiry against the petitioner can go on perpetually untill the view of the Enquiry Officer is in accord with that of the disciplinary authority. In the said decision, the Supreme Court has held that such a course of action would an abuse of the process of law.",Enquiry Officer,Person,0.7271
14,"The impugned order dated 13.8.2010 has been noted above. The Enquiry Officer has exonerated the petitioner from all the five charges. Under Rule 9 of the Assam Services (Discipline and Appeal) Rules, 1964, on conclusion of the enquiry, the Enquiring Authority shall prepare a report of the enquiry recording his findings on which all the charges together with the reasons there for. Thereafter, the enquiry report is to be submitted to the disciplinary authority. Under Rule 9(9), the disciplinary authority is to consider the report of the enquiry and record his findings on each charges. Nowhere, in the said provisions, any power of the disciplinary authority is contemplated to set aside the enquiry report and then to order for further enquiry by appointing another Enquiry Officer. As has been held by the Apex Court in K.D. Pandey (Supra), if the impugned order is allowed to stand, the same would be that the enquiry against the petitioner can go on perpetually untill the view of the Enquiry Officer is in accord with that of the disciplinary authority. In the said decision, the Supreme Court has held that such a course of action would an abuse of the process of law.",Supreme Court,Court,0.8372
15,"Mr. C. Baruah, learned counsel for the petitioner submits that the petitioner was not furnished with the enquiry report before imposing the penalty of dismissal from service, on that score alone, the impugned orders are liable to be set aside. He further submits that considering the gravity of the charge, which is unauthorised absence from duty from 22.6.2009 to 02.08.2009, the penalty of dismissal from service is grossly disproportionate, requiring interference of this Court. In this connection, he has placed reliance on the decision of the Apex Court reported in (1993) 4 SCC 727 (Managing Director, ECIL, Hyderabad Vs. B. Karunakar and others).",Mr. C. Baruah,Person,0.7613
15,"Mr. C. Baruah, learned counsel for the petitioner submits that the petitioner was not furnished with the enquiry report before imposing the penalty of dismissal from service, on that score alone, the impugned orders are liable to be set aside. He further submits that considering the gravity of the charge, which is unauthorised absence from duty from 22.6.2009 to 02.08.2009, the penalty of dismissal from service is grossly disproportionate, requiring interference of this Court. In this connection, he has placed reliance on the decision of the Apex Court reported in (1993) 4 SCC 727 (Managing Director, ECIL, Hyderabad Vs. B. Karunakar and others).",petitioner,Person,0.7522
15,"Mr. C. Baruah, learned counsel for the petitioner submits that the petitioner was not furnished with the enquiry report before imposing the penalty of dismissal from service, on that score alone, the impugned orders are liable to be set aside. He further submits that considering the gravity of the charge, which is unauthorised absence from duty from 22.6.2009 to 02.08.2009, the penalty of dismissal from service is grossly disproportionate, requiring interference of this Court. In this connection, he has placed reliance on the decision of the Apex Court reported in (1993) 4 SCC 727 (Managing Director, ECIL, Hyderabad Vs. B. Karunakar and others).",petitioner,Person,0.756
15,"Mr. C. Baruah, learned counsel for the petitioner submits that the petitioner was not furnished with the enquiry report before imposing the penalty of dismissal from service, on that score alone, the impugned orders are liable to be set aside. He further submits that considering the gravity of the charge, which is unauthorised absence from duty from 22.6.2009 to 02.08.2009, the penalty of dismissal from service is grossly disproportionate, requiring interference of this Court. In this connection, he has placed reliance on the decision of the Apex Court reported in (1993) 4 SCC 727 (Managing Director, ECIL, Hyderabad Vs. B. Karunakar and others).",enquiry report,Document,0.8351
15,"Mr. C. Baruah, learned counsel for the petitioner submits that the petitioner was not furnished with the enquiry report before imposing the penalty of dismissal from service, on that score alone, the impugned orders are liable to be set aside. He further submits that considering the gravity of the charge, which is unauthorised absence from duty from 22.6.2009 to 02.08.2009, the penalty of dismissal from service is grossly disproportionate, requiring interference of this Court. In this connection, he has placed reliance on the decision of the Apex Court reported in (1993) 4 SCC 727 (Managing Director, ECIL, Hyderabad Vs. B. Karunakar and others).",22.6.2009,Date,0.8733
15,"Mr. C. Baruah, learned counsel for the petitioner submits that the petitioner was not furnished with the enquiry report before imposing the penalty of dismissal from service, on that score alone, the impugned orders are liable to be set aside. He further submits that considering the gravity of the charge, which is unauthorised absence from duty from 22.6.2009 to 02.08.2009, the penalty of dismissal from service is grossly disproportionate, requiring interference of this Court. In this connection, he has placed reliance on the decision of the Apex Court reported in (1993) 4 SCC 727 (Managing Director, ECIL, Hyderabad Vs. B. Karunakar and others).",02.08.2009,Date,0.8998
15,"Mr. C. Baruah, learned counsel for the petitioner submits that the petitioner was not furnished with the enquiry report before imposing the penalty of dismissal from service, on that score alone, the impugned orders are liable to be set aside. He further submits that considering the gravity of the charge, which is unauthorised absence from duty from 22.6.2009 to 02.08.2009, the penalty of dismissal from service is grossly disproportionate, requiring interference of this Court. In this connection, he has placed reliance on the decision of the Apex Court reported in (1993) 4 SCC 727 (Managing Director, ECIL, Hyderabad Vs. B. Karunakar and others).",Apex Court,Court,0.8021
15,"Mr. C. Baruah, learned counsel for the petitioner submits that the petitioner was not furnished with the enquiry report before imposing the penalty of dismissal from service, on that score alone, the impugned orders are liable to be set aside. He further submits that considering the gravity of the charge, which is unauthorised absence from duty from 22.6.2009 to 02.08.2009, the penalty of dismissal from service is grossly disproportionate, requiring interference of this Court. In this connection, he has placed reliance on the decision of the Apex Court reported in (1993) 4 SCC 727 (Managing Director, ECIL, Hyderabad Vs. B. Karunakar and others).",1993,Date,0.5386
15,"Mr. C. Baruah, learned counsel for the petitioner submits that the petitioner was not furnished with the enquiry report before imposing the penalty of dismissal from service, on that score alone, the impugned orders are liable to be set aside. He further submits that considering the gravity of the charge, which is unauthorised absence from duty from 22.6.2009 to 02.08.2009, the penalty of dismissal from service is grossly disproportionate, requiring interference of this Court. In this connection, he has placed reliance on the decision of the Apex Court reported in (1993) 4 SCC 727 (Managing Director, ECIL, Hyderabad Vs. B. Karunakar and others).",4 SCC 727,Case Number,0.8178
15,"Mr. C. Baruah, learned counsel for the petitioner submits that the petitioner was not furnished with the enquiry report before imposing the penalty of dismissal from service, on that score alone, the impugned orders are liable to be set aside. He further submits that considering the gravity of the charge, which is unauthorised absence from duty from 22.6.2009 to 02.08.2009, the penalty of dismissal from service is grossly disproportionate, requiring interference of this Court. In this connection, he has placed reliance on the decision of the Apex Court reported in (1993) 4 SCC 727 (Managing Director, ECIL, Hyderabad Vs. B. Karunakar and others).","Managing Director, ECIL, Hyderabad",Person,0.6721
15,"Mr. C. Baruah, learned counsel for the petitioner submits that the petitioner was not furnished with the enquiry report before imposing the penalty of dismissal from service, on that score alone, the impugned orders are liable to be set aside. He further submits that considering the gravity of the charge, which is unauthorised absence from duty from 22.6.2009 to 02.08.2009, the penalty of dismissal from service is grossly disproportionate, requiring interference of this Court. In this connection, he has placed reliance on the decision of the Apex Court reported in (1993) 4 SCC 727 (Managing Director, ECIL, Hyderabad Vs. B. Karunakar and others).",B. Karunakar,Person,0.5966
16,"Various grounds have been urged towards assailing the order of dismissal, such as non-maintainability of the departmental proceeding, procedural irregularity in conducting the enquiry, denial of reasonable opportunity of being heard, etc. According to the petitioner, the disciplinary authority measurably failed to establish the charge against the petitioner. It has been contended that the whole basis of the findings recorded by the Enquiry Officer and the disciplinary authority being based on the report furnished by the Examiner of Documents in question ought to have been examined in the enquiry and that he having not been examined, the opinion formed on the basis of the said report towards dismissal of the petitioner from service, is not sustainable in law. It has also been contended that in absence of any specimen handwritings of the petitioner examined by the purported handwriting expert, the enquiry Officer could not have recorded the finding of guilt against the petitioner on the basis of the expert's report prepared in reference to some other documents purportedly containing the handwritings of the petitioner.",petitioner,Person,0.9767
16,"Various grounds have been urged towards assailing the order of dismissal, such as non-maintainability of the departmental proceeding, procedural irregularity in conducting the enquiry, denial of reasonable opportunity of being heard, etc. According to the petitioner, the disciplinary authority measurably failed to establish the charge against the petitioner. It has been contended that the whole basis of the findings recorded by the Enquiry Officer and the disciplinary authority being based on the report furnished by the Examiner of Documents in question ought to have been examined in the enquiry and that he having not been examined, the opinion formed on the basis of the said report towards dismissal of the petitioner from service, is not sustainable in law. It has also been contended that in absence of any specimen handwritings of the petitioner examined by the purported handwriting expert, the enquiry Officer could not have recorded the finding of guilt against the petitioner on the basis of the expert's report prepared in reference to some other documents purportedly containing the handwritings of the petitioner.",petitioner,Person,0.9865
16,"Various grounds have been urged towards assailing the order of dismissal, such as non-maintainability of the departmental proceeding, procedural irregularity in conducting the enquiry, denial of reasonable opportunity of being heard, etc. According to the petitioner, the disciplinary authority measurably failed to establish the charge against the petitioner. It has been contended that the whole basis of the findings recorded by the Enquiry Officer and the disciplinary authority being based on the report furnished by the Examiner of Documents in question ought to have been examined in the enquiry and that he having not been examined, the opinion formed on the basis of the said report towards dismissal of the petitioner from service, is not sustainable in law. It has also been contended that in absence of any specimen handwritings of the petitioner examined by the purported handwriting expert, the enquiry Officer could not have recorded the finding of guilt against the petitioner on the basis of the expert's report prepared in reference to some other documents purportedly containing the handwritings of the petitioner.",Enquiry Officer,Person,0.9704
16,"Various grounds have been urged towards assailing the order of dismissal, such as non-maintainability of the departmental proceeding, procedural irregularity in conducting the enquiry, denial of reasonable opportunity of being heard, etc. According to the petitioner, the disciplinary authority measurably failed to establish the charge against the petitioner. It has been contended that the whole basis of the findings recorded by the Enquiry Officer and the disciplinary authority being based on the report furnished by the Examiner of Documents in question ought to have been examined in the enquiry and that he having not been examined, the opinion formed on the basis of the said report towards dismissal of the petitioner from service, is not sustainable in law. It has also been contended that in absence of any specimen handwritings of the petitioner examined by the purported handwriting expert, the enquiry Officer could not have recorded the finding of guilt against the petitioner on the basis of the expert's report prepared in reference to some other documents purportedly containing the handwritings of the petitioner.",report,Document,0.6517
16,"Various grounds have been urged towards assailing the order of dismissal, such as non-maintainability of the departmental proceeding, procedural irregularity in conducting the enquiry, denial of reasonable opportunity of being heard, etc. According to the petitioner, the disciplinary authority measurably failed to establish the charge against the petitioner. It has been contended that the whole basis of the findings recorded by the Enquiry Officer and the disciplinary authority being based on the report furnished by the Examiner of Documents in question ought to have been examined in the enquiry and that he having not been examined, the opinion formed on the basis of the said report towards dismissal of the petitioner from service, is not sustainable in law. It has also been contended that in absence of any specimen handwritings of the petitioner examined by the purported handwriting expert, the enquiry Officer could not have recorded the finding of guilt against the petitioner on the basis of the expert's report prepared in reference to some other documents purportedly containing the handwritings of the petitioner.",Examiner of Documents,Person,0.7335
16,"Various grounds have been urged towards assailing the order of dismissal, such as non-maintainability of the departmental proceeding, procedural irregularity in conducting the enquiry, denial of reasonable opportunity of being heard, etc. According to the petitioner, the disciplinary authority measurably failed to establish the charge against the petitioner. It has been contended that the whole basis of the findings recorded by the Enquiry Officer and the disciplinary authority being based on the report furnished by the Examiner of Documents in question ought to have been examined in the enquiry and that he having not been examined, the opinion formed on the basis of the said report towards dismissal of the petitioner from service, is not sustainable in law. It has also been contended that in absence of any specimen handwritings of the petitioner examined by the purported handwriting expert, the enquiry Officer could not have recorded the finding of guilt against the petitioner on the basis of the expert's report prepared in reference to some other documents purportedly containing the handwritings of the petitioner.",report,Document,0.5962
16,"Various grounds have been urged towards assailing the order of dismissal, such as non-maintainability of the departmental proceeding, procedural irregularity in conducting the enquiry, denial of reasonable opportunity of being heard, etc. According to the petitioner, the disciplinary authority measurably failed to establish the charge against the petitioner. It has been contended that the whole basis of the findings recorded by the Enquiry Officer and the disciplinary authority being based on the report furnished by the Examiner of Documents in question ought to have been examined in the enquiry and that he having not been examined, the opinion formed on the basis of the said report towards dismissal of the petitioner from service, is not sustainable in law. It has also been contended that in absence of any specimen handwritings of the petitioner examined by the purported handwriting expert, the enquiry Officer could not have recorded the finding of guilt against the petitioner on the basis of the expert's report prepared in reference to some other documents purportedly containing the handwritings of the petitioner.",petitioner,Person,0.9899
16,"Various grounds have been urged towards assailing the order of dismissal, such as non-maintainability of the departmental proceeding, procedural irregularity in conducting the enquiry, denial of reasonable opportunity of being heard, etc. According to the petitioner, the disciplinary authority measurably failed to establish the charge against the petitioner. It has been contended that the whole basis of the findings recorded by the Enquiry Officer and the disciplinary authority being based on the report furnished by the Examiner of Documents in question ought to have been examined in the enquiry and that he having not been examined, the opinion formed on the basis of the said report towards dismissal of the petitioner from service, is not sustainable in law. It has also been contended that in absence of any specimen handwritings of the petitioner examined by the purported handwriting expert, the enquiry Officer could not have recorded the finding of guilt against the petitioner on the basis of the expert's report prepared in reference to some other documents purportedly containing the handwritings of the petitioner.",law,Law,0.5038
16,"Various grounds have been urged towards assailing the order of dismissal, such as non-maintainability of the departmental proceeding, procedural irregularity in conducting the enquiry, denial of reasonable opportunity of being heard, etc. According to the petitioner, the disciplinary authority measurably failed to establish the charge against the petitioner. It has been contended that the whole basis of the findings recorded by the Enquiry Officer and the disciplinary authority being based on the report furnished by the Examiner of Documents in question ought to have been examined in the enquiry and that he having not been examined, the opinion formed on the basis of the said report towards dismissal of the petitioner from service, is not sustainable in law. It has also been contended that in absence of any specimen handwritings of the petitioner examined by the purported handwriting expert, the enquiry Officer could not have recorded the finding of guilt against the petitioner on the basis of the expert's report prepared in reference to some other documents purportedly containing the handwritings of the petitioner.",petitioner,Person,0.9845
16,"Various grounds have been urged towards assailing the order of dismissal, such as non-maintainability of the departmental proceeding, procedural irregularity in conducting the enquiry, denial of reasonable opportunity of being heard, etc. According to the petitioner, the disciplinary authority measurably failed to establish the charge against the petitioner. It has been contended that the whole basis of the findings recorded by the Enquiry Officer and the disciplinary authority being based on the report furnished by the Examiner of Documents in question ought to have been examined in the enquiry and that he having not been examined, the opinion formed on the basis of the said report towards dismissal of the petitioner from service, is not sustainable in law. It has also been contended that in absence of any specimen handwritings of the petitioner examined by the purported handwriting expert, the enquiry Officer could not have recorded the finding of guilt against the petitioner on the basis of the expert's report prepared in reference to some other documents purportedly containing the handwritings of the petitioner.",enquiry Officer,Person,0.9584
16,"Various grounds have been urged towards assailing the order of dismissal, such as non-maintainability of the departmental proceeding, procedural irregularity in conducting the enquiry, denial of reasonable opportunity of being heard, etc. According to the petitioner, the disciplinary authority measurably failed to establish the charge against the petitioner. It has been contended that the whole basis of the findings recorded by the Enquiry Officer and the disciplinary authority being based on the report furnished by the Examiner of Documents in question ought to have been examined in the enquiry and that he having not been examined, the opinion formed on the basis of the said report towards dismissal of the petitioner from service, is not sustainable in law. It has also been contended that in absence of any specimen handwritings of the petitioner examined by the purported handwriting expert, the enquiry Officer could not have recorded the finding of guilt against the petitioner on the basis of the expert's report prepared in reference to some other documents purportedly containing the handwritings of the petitioner.",petitioner,Person,0.9868
16,"Various grounds have been urged towards assailing the order of dismissal, such as non-maintainability of the departmental proceeding, procedural irregularity in conducting the enquiry, denial of reasonable opportunity of being heard, etc. According to the petitioner, the disciplinary authority measurably failed to establish the charge against the petitioner. It has been contended that the whole basis of the findings recorded by the Enquiry Officer and the disciplinary authority being based on the report furnished by the Examiner of Documents in question ought to have been examined in the enquiry and that he having not been examined, the opinion formed on the basis of the said report towards dismissal of the petitioner from service, is not sustainable in law. It has also been contended that in absence of any specimen handwritings of the petitioner examined by the purported handwriting expert, the enquiry Officer could not have recorded the finding of guilt against the petitioner on the basis of the expert's report prepared in reference to some other documents purportedly containing the handwritings of the petitioner.",report,Document,0.6844
16,"Various grounds have been urged towards assailing the order of dismissal, such as non-maintainability of the departmental proceeding, procedural irregularity in conducting the enquiry, denial of reasonable opportunity of being heard, etc. According to the petitioner, the disciplinary authority measurably failed to establish the charge against the petitioner. It has been contended that the whole basis of the findings recorded by the Enquiry Officer and the disciplinary authority being based on the report furnished by the Examiner of Documents in question ought to have been examined in the enquiry and that he having not been examined, the opinion formed on the basis of the said report towards dismissal of the petitioner from service, is not sustainable in law. It has also been contended that in absence of any specimen handwritings of the petitioner examined by the purported handwriting expert, the enquiry Officer could not have recorded the finding of guilt against the petitioner on the basis of the expert's report prepared in reference to some other documents purportedly containing the handwritings of the petitioner.",petitioner,Person,0.9776
17,"This Appeal is presented against the judgment dated 02.06.2007 in Sessions Case No. 176/2006 whereby the learned Sessions Judge, Barpeta has convicted the accused/appellant under Section 376 of IPC and sentenced him to rigorous imprisonment of 10 years with fine of Rs. 20,000/- and in default of fine, further R.I. for 2 years. Heard Mr. B.N. Sarma, the learned Counsel for the appellant and Mr. B. Sinha, the learned Addl. Public Prosecutor. The prosecution case as revealed from the F.I.R. shows that on 16.5.2006 while the prosecutrix was at Barpeta for marketing purpose, the accused being married to the victim's cousin sister, informed her that her sister is ailing and with this information enticed the victim to Guwahati. The victim was told that her sister was in a hotel at Paltanbazar and where the accused took the victim and threatening her, he sexually assaulted the victim in the hotel on 16.5.2006. Next day on 17.5.2006 with assurance of marriage, the victim was taken to the accused's home at Howli, but family members of the accused did not allow the victim to stay in the house and accordingly the victim was taken by the accused to Muku hotel at Barpeta. In this hotel also, the victim was",02.06.2007,Date,0.8209
17,"This Appeal is presented against the judgment dated 02.06.2007 in Sessions Case No. 176/2006 whereby the learned Sessions Judge, Barpeta has convicted the accused/appellant under Section 376 of IPC and sentenced him to rigorous imprisonment of 10 years with fine of Rs. 20,000/- and in default of fine, further R.I. for 2 years. Heard Mr. B.N. Sarma, the learned Counsel for the appellant and Mr. B. Sinha, the learned Addl. Public Prosecutor. The prosecution case as revealed from the F.I.R. shows that on 16.5.2006 while the prosecutrix was at Barpeta for marketing purpose, the accused being married to the victim's cousin sister, informed her that her sister is ailing and with this information enticed the victim to Guwahati. The victim was told that her sister was in a hotel at Paltanbazar and where the accused took the victim and threatening her, he sexually assaulted the victim in the hotel on 16.5.2006. Next day on 17.5.2006 with assurance of marriage, the victim was taken to the accused's home at Howli, but family members of the accused did not allow the victim to stay in the house and accordingly the victim was taken by the accused to Muku hotel at Barpeta. In this hotel also, the victim was",Sessions Case No. 176/2006,Case Number,0.984
17,"This Appeal is presented against the judgment dated 02.06.2007 in Sessions Case No. 176/2006 whereby the learned Sessions Judge, Barpeta has convicted the accused/appellant under Section 376 of IPC and sentenced him to rigorous imprisonment of 10 years with fine of Rs. 20,000/- and in default of fine, further R.I. for 2 years. Heard Mr. B.N. Sarma, the learned Counsel for the appellant and Mr. B. Sinha, the learned Addl. Public Prosecutor. The prosecution case as revealed from the F.I.R. shows that on 16.5.2006 while the prosecutrix was at Barpeta for marketing purpose, the accused being married to the victim's cousin sister, informed her that her sister is ailing and with this information enticed the victim to Guwahati. The victim was told that her sister was in a hotel at Paltanbazar and where the accused took the victim and threatening her, he sexually assaulted the victim in the hotel on 16.5.2006. Next day on 17.5.2006 with assurance of marriage, the victim was taken to the accused's home at Howli, but family members of the accused did not allow the victim to stay in the house and accordingly the victim was taken by the accused to Muku hotel at Barpeta. In this hotel also, the victim was",accused,Person,0.7312
17,"This Appeal is presented against the judgment dated 02.06.2007 in Sessions Case No. 176/2006 whereby the learned Sessions Judge, Barpeta has convicted the accused/appellant under Section 376 of IPC and sentenced him to rigorous imprisonment of 10 years with fine of Rs. 20,000/- and in default of fine, further R.I. for 2 years. Heard Mr. B.N. Sarma, the learned Counsel for the appellant and Mr. B. Sinha, the learned Addl. Public Prosecutor. The prosecution case as revealed from the F.I.R. shows that on 16.5.2006 while the prosecutrix was at Barpeta for marketing purpose, the accused being married to the victim's cousin sister, informed her that her sister is ailing and with this information enticed the victim to Guwahati. The victim was told that her sister was in a hotel at Paltanbazar and where the accused took the victim and threatening her, he sexually assaulted the victim in the hotel on 16.5.2006. Next day on 17.5.2006 with assurance of marriage, the victim was taken to the accused's home at Howli, but family members of the accused did not allow the victim to stay in the house and accordingly the victim was taken by the accused to Muku hotel at Barpeta. In this hotel also, the victim was",appellant,Person,0.5819
17,"This Appeal is presented against the judgment dated 02.06.2007 in Sessions Case No. 176/2006 whereby the learned Sessions Judge, Barpeta has convicted the accused/appellant under Section 376 of IPC and sentenced him to rigorous imprisonment of 10 years with fine of Rs. 20,000/- and in default of fine, further R.I. for 2 years. Heard Mr. B.N. Sarma, the learned Counsel for the appellant and Mr. B. Sinha, the learned Addl. Public Prosecutor. The prosecution case as revealed from the F.I.R. shows that on 16.5.2006 while the prosecutrix was at Barpeta for marketing purpose, the accused being married to the victim's cousin sister, informed her that her sister is ailing and with this information enticed the victim to Guwahati. The victim was told that her sister was in a hotel at Paltanbazar and where the accused took the victim and threatening her, he sexually assaulted the victim in the hotel on 16.5.2006. Next day on 17.5.2006 with assurance of marriage, the victim was taken to the accused's home at Howli, but family members of the accused did not allow the victim to stay in the house and accordingly the victim was taken by the accused to Muku hotel at Barpeta. In this hotel also, the victim was",Section 376,Section,0.9622
17,"This Appeal is presented against the judgment dated 02.06.2007 in Sessions Case No. 176/2006 whereby the learned Sessions Judge, Barpeta has convicted the accused/appellant under Section 376 of IPC and sentenced him to rigorous imprisonment of 10 years with fine of Rs. 20,000/- and in default of fine, further R.I. for 2 years. Heard Mr. B.N. Sarma, the learned Counsel for the appellant and Mr. B. Sinha, the learned Addl. Public Prosecutor. The prosecution case as revealed from the F.I.R. shows that on 16.5.2006 while the prosecutrix was at Barpeta for marketing purpose, the accused being married to the victim's cousin sister, informed her that her sister is ailing and with this information enticed the victim to Guwahati. The victim was told that her sister was in a hotel at Paltanbazar and where the accused took the victim and threatening her, he sexually assaulted the victim in the hotel on 16.5.2006. Next day on 17.5.2006 with assurance of marriage, the victim was taken to the accused's home at Howli, but family members of the accused did not allow the victim to stay in the house and accordingly the victim was taken by the accused to Muku hotel at Barpeta. In this hotel also, the victim was",IPC,Law,0.8883
17,"This Appeal is presented against the judgment dated 02.06.2007 in Sessions Case No. 176/2006 whereby the learned Sessions Judge, Barpeta has convicted the accused/appellant under Section 376 of IPC and sentenced him to rigorous imprisonment of 10 years with fine of Rs. 20,000/- and in default of fine, further R.I. for 2 years. Heard Mr. B.N. Sarma, the learned Counsel for the appellant and Mr. B. Sinha, the learned Addl. Public Prosecutor. The prosecution case as revealed from the F.I.R. shows that on 16.5.2006 while the prosecutrix was at Barpeta for marketing purpose, the accused being married to the victim's cousin sister, informed her that her sister is ailing and with this information enticed the victim to Guwahati. The victim was told that her sister was in a hotel at Paltanbazar and where the accused took the victim and threatening her, he sexually assaulted the victim in the hotel on 16.5.2006. Next day on 17.5.2006 with assurance of marriage, the victim was taken to the accused's home at Howli, but family members of the accused did not allow the victim to stay in the house and accordingly the victim was taken by the accused to Muku hotel at Barpeta. In this hotel also, the victim was",Mr. B.N. Sarma,Person,0.7296
17,"This Appeal is presented against the judgment dated 02.06.2007 in Sessions Case No. 176/2006 whereby the learned Sessions Judge, Barpeta has convicted the accused/appellant under Section 376 of IPC and sentenced him to rigorous imprisonment of 10 years with fine of Rs. 20,000/- and in default of fine, further R.I. for 2 years. Heard Mr. B.N. Sarma, the learned Counsel for the appellant and Mr. B. Sinha, the learned Addl. Public Prosecutor. The prosecution case as revealed from the F.I.R. shows that on 16.5.2006 while the prosecutrix was at Barpeta for marketing purpose, the accused being married to the victim's cousin sister, informed her that her sister is ailing and with this information enticed the victim to Guwahati. The victim was told that her sister was in a hotel at Paltanbazar and where the accused took the victim and threatening her, he sexually assaulted the victim in the hotel on 16.5.2006. Next day on 17.5.2006 with assurance of marriage, the victim was taken to the accused's home at Howli, but family members of the accused did not allow the victim to stay in the house and accordingly the victim was taken by the accused to Muku hotel at Barpeta. In this hotel also, the victim was",appellant,Person,0.5586
17,"This Appeal is presented against the judgment dated 02.06.2007 in Sessions Case No. 176/2006 whereby the learned Sessions Judge, Barpeta has convicted the accused/appellant under Section 376 of IPC and sentenced him to rigorous imprisonment of 10 years with fine of Rs. 20,000/- and in default of fine, further R.I. for 2 years. Heard Mr. B.N. Sarma, the learned Counsel for the appellant and Mr. B. Sinha, the learned Addl. Public Prosecutor. The prosecution case as revealed from the F.I.R. shows that on 16.5.2006 while the prosecutrix was at Barpeta for marketing purpose, the accused being married to the victim's cousin sister, informed her that her sister is ailing and with this information enticed the victim to Guwahati. The victim was told that her sister was in a hotel at Paltanbazar and where the accused took the victim and threatening her, he sexually assaulted the victim in the hotel on 16.5.2006. Next day on 17.5.2006 with assurance of marriage, the victim was taken to the accused's home at Howli, but family members of the accused did not allow the victim to stay in the house and accordingly the victim was taken by the accused to Muku hotel at Barpeta. In this hotel also, the victim was",Mr. B. Sinha,Person,0.6593
17,"This Appeal is presented against the judgment dated 02.06.2007 in Sessions Case No. 176/2006 whereby the learned Sessions Judge, Barpeta has convicted the accused/appellant under Section 376 of IPC and sentenced him to rigorous imprisonment of 10 years with fine of Rs. 20,000/- and in default of fine, further R.I. for 2 years. Heard Mr. B.N. Sarma, the learned Counsel for the appellant and Mr. B. Sinha, the learned Addl. Public Prosecutor. The prosecution case as revealed from the F.I.R. shows that on 16.5.2006 while the prosecutrix was at Barpeta for marketing purpose, the accused being married to the victim's cousin sister, informed her that her sister is ailing and with this information enticed the victim to Guwahati. The victim was told that her sister was in a hotel at Paltanbazar and where the accused took the victim and threatening her, he sexually assaulted the victim in the hotel on 16.5.2006. Next day on 17.5.2006 with assurance of marriage, the victim was taken to the accused's home at Howli, but family members of the accused did not allow the victim to stay in the house and accordingly the victim was taken by the accused to Muku hotel at Barpeta. In this hotel also, the victim was",prosecution case,Document,0.5914
17,"This Appeal is presented against the judgment dated 02.06.2007 in Sessions Case No. 176/2006 whereby the learned Sessions Judge, Barpeta has convicted the accused/appellant under Section 376 of IPC and sentenced him to rigorous imprisonment of 10 years with fine of Rs. 20,000/- and in default of fine, further R.I. for 2 years. Heard Mr. B.N. Sarma, the learned Counsel for the appellant and Mr. B. Sinha, the learned Addl. Public Prosecutor. The prosecution case as revealed from the F.I.R. shows that on 16.5.2006 while the prosecutrix was at Barpeta for marketing purpose, the accused being married to the victim's cousin sister, informed her that her sister is ailing and with this information enticed the victim to Guwahati. The victim was told that her sister was in a hotel at Paltanbazar and where the accused took the victim and threatening her, he sexually assaulted the victim in the hotel on 16.5.2006. Next day on 17.5.2006 with assurance of marriage, the victim was taken to the accused's home at Howli, but family members of the accused did not allow the victim to stay in the house and accordingly the victim was taken by the accused to Muku hotel at Barpeta. In this hotel also, the victim was",F.I.R.,Document,0.905
17,"This Appeal is presented against the judgment dated 02.06.2007 in Sessions Case No. 176/2006 whereby the learned Sessions Judge, Barpeta has convicted the accused/appellant under Section 376 of IPC and sentenced him to rigorous imprisonment of 10 years with fine of Rs. 20,000/- and in default of fine, further R.I. for 2 years. Heard Mr. B.N. Sarma, the learned Counsel for the appellant and Mr. B. Sinha, the learned Addl. Public Prosecutor. The prosecution case as revealed from the F.I.R. shows that on 16.5.2006 while the prosecutrix was at Barpeta for marketing purpose, the accused being married to the victim's cousin sister, informed her that her sister is ailing and with this information enticed the victim to Guwahati. The victim was told that her sister was in a hotel at Paltanbazar and where the accused took the victim and threatening her, he sexually assaulted the victim in the hotel on 16.5.2006. Next day on 17.5.2006 with assurance of marriage, the victim was taken to the accused's home at Howli, but family members of the accused did not allow the victim to stay in the house and accordingly the victim was taken by the accused to Muku hotel at Barpeta. In this hotel also, the victim was",16.5.2006,Date,0.9338
17,"This Appeal is presented against the judgment dated 02.06.2007 in Sessions Case No. 176/2006 whereby the learned Sessions Judge, Barpeta has convicted the accused/appellant under Section 376 of IPC and sentenced him to rigorous imprisonment of 10 years with fine of Rs. 20,000/- and in default of fine, further R.I. for 2 years. Heard Mr. B.N. Sarma, the learned Counsel for the appellant and Mr. B. Sinha, the learned Addl. Public Prosecutor. The prosecution case as revealed from the F.I.R. shows that on 16.5.2006 while the prosecutrix was at Barpeta for marketing purpose, the accused being married to the victim's cousin sister, informed her that her sister is ailing and with this information enticed the victim to Guwahati. The victim was told that her sister was in a hotel at Paltanbazar and where the accused took the victim and threatening her, he sexually assaulted the victim in the hotel on 16.5.2006. Next day on 17.5.2006 with assurance of marriage, the victim was taken to the accused's home at Howli, but family members of the accused did not allow the victim to stay in the house and accordingly the victim was taken by the accused to Muku hotel at Barpeta. In this hotel also, the victim was",prosecutrix,Person,0.7558
17,"This Appeal is presented against the judgment dated 02.06.2007 in Sessions Case No. 176/2006 whereby the learned Sessions Judge, Barpeta has convicted the accused/appellant under Section 376 of IPC and sentenced him to rigorous imprisonment of 10 years with fine of Rs. 20,000/- and in default of fine, further R.I. for 2 years. Heard Mr. B.N. Sarma, the learned Counsel for the appellant and Mr. B. Sinha, the learned Addl. Public Prosecutor. The prosecution case as revealed from the F.I.R. shows that on 16.5.2006 while the prosecutrix was at Barpeta for marketing purpose, the accused being married to the victim's cousin sister, informed her that her sister is ailing and with this information enticed the victim to Guwahati. The victim was told that her sister was in a hotel at Paltanbazar and where the accused took the victim and threatening her, he sexually assaulted the victim in the hotel on 16.5.2006. Next day on 17.5.2006 with assurance of marriage, the victim was taken to the accused's home at Howli, but family members of the accused did not allow the victim to stay in the house and accordingly the victim was taken by the accused to Muku hotel at Barpeta. In this hotel also, the victim was",accused,Person,0.6229
17,"This Appeal is presented against the judgment dated 02.06.2007 in Sessions Case No. 176/2006 whereby the learned Sessions Judge, Barpeta has convicted the accused/appellant under Section 376 of IPC and sentenced him to rigorous imprisonment of 10 years with fine of Rs. 20,000/- and in default of fine, further R.I. for 2 years. Heard Mr. B.N. Sarma, the learned Counsel for the appellant and Mr. B. Sinha, the learned Addl. Public Prosecutor. The prosecution case as revealed from the F.I.R. shows that on 16.5.2006 while the prosecutrix was at Barpeta for marketing purpose, the accused being married to the victim's cousin sister, informed her that her sister is ailing and with this information enticed the victim to Guwahati. The victim was told that her sister was in a hotel at Paltanbazar and where the accused took the victim and threatening her, he sexually assaulted the victim in the hotel on 16.5.2006. Next day on 17.5.2006 with assurance of marriage, the victim was taken to the accused's home at Howli, but family members of the accused did not allow the victim to stay in the house and accordingly the victim was taken by the accused to Muku hotel at Barpeta. In this hotel also, the victim was",victim,Person,0.8301
17,"This Appeal is presented against the judgment dated 02.06.2007 in Sessions Case No. 176/2006 whereby the learned Sessions Judge, Barpeta has convicted the accused/appellant under Section 376 of IPC and sentenced him to rigorous imprisonment of 10 years with fine of Rs. 20,000/- and in default of fine, further R.I. for 2 years. Heard Mr. B.N. Sarma, the learned Counsel for the appellant and Mr. B. Sinha, the learned Addl. Public Prosecutor. The prosecution case as revealed from the F.I.R. shows that on 16.5.2006 while the prosecutrix was at Barpeta for marketing purpose, the accused being married to the victim's cousin sister, informed her that her sister is ailing and with this information enticed the victim to Guwahati. The victim was told that her sister was in a hotel at Paltanbazar and where the accused took the victim and threatening her, he sexually assaulted the victim in the hotel on 16.5.2006. Next day on 17.5.2006 with assurance of marriage, the victim was taken to the accused's home at Howli, but family members of the accused did not allow the victim to stay in the house and accordingly the victim was taken by the accused to Muku hotel at Barpeta. In this hotel also, the victim was",victim,Person,0.847
17,"This Appeal is presented against the judgment dated 02.06.2007 in Sessions Case No. 176/2006 whereby the learned Sessions Judge, Barpeta has convicted the accused/appellant under Section 376 of IPC and sentenced him to rigorous imprisonment of 10 years with fine of Rs. 20,000/- and in default of fine, further R.I. for 2 years. Heard Mr. B.N. Sarma, the learned Counsel for the appellant and Mr. B. Sinha, the learned Addl. Public Prosecutor. The prosecution case as revealed from the F.I.R. shows that on 16.5.2006 while the prosecutrix was at Barpeta for marketing purpose, the accused being married to the victim's cousin sister, informed her that her sister is ailing and with this information enticed the victim to Guwahati. The victim was told that her sister was in a hotel at Paltanbazar and where the accused took the victim and threatening her, he sexually assaulted the victim in the hotel on 16.5.2006. Next day on 17.5.2006 with assurance of marriage, the victim was taken to the accused's home at Howli, but family members of the accused did not allow the victim to stay in the house and accordingly the victim was taken by the accused to Muku hotel at Barpeta. In this hotel also, the victim was",victim,Person,0.8704
17,"This Appeal is presented against the judgment dated 02.06.2007 in Sessions Case No. 176/2006 whereby the learned Sessions Judge, Barpeta has convicted the accused/appellant under Section 376 of IPC and sentenced him to rigorous imprisonment of 10 years with fine of Rs. 20,000/- and in default of fine, further R.I. for 2 years. Heard Mr. B.N. Sarma, the learned Counsel for the appellant and Mr. B. Sinha, the learned Addl. Public Prosecutor. The prosecution case as revealed from the F.I.R. shows that on 16.5.2006 while the prosecutrix was at Barpeta for marketing purpose, the accused being married to the victim's cousin sister, informed her that her sister is ailing and with this information enticed the victim to Guwahati. The victim was told that her sister was in a hotel at Paltanbazar and where the accused took the victim and threatening her, he sexually assaulted the victim in the hotel on 16.5.2006. Next day on 17.5.2006 with assurance of marriage, the victim was taken to the accused's home at Howli, but family members of the accused did not allow the victim to stay in the house and accordingly the victim was taken by the accused to Muku hotel at Barpeta. In this hotel also, the victim was",accused,Person,0.5866
17,"This Appeal is presented against the judgment dated 02.06.2007 in Sessions Case No. 176/2006 whereby the learned Sessions Judge, Barpeta has convicted the accused/appellant under Section 376 of IPC and sentenced him to rigorous imprisonment of 10 years with fine of Rs. 20,000/- and in default of fine, further R.I. for 2 years. Heard Mr. B.N. Sarma, the learned Counsel for the appellant and Mr. B. Sinha, the learned Addl. Public Prosecutor. The prosecution case as revealed from the F.I.R. shows that on 16.5.2006 while the prosecutrix was at Barpeta for marketing purpose, the accused being married to the victim's cousin sister, informed her that her sister is ailing and with this information enticed the victim to Guwahati. The victim was told that her sister was in a hotel at Paltanbazar and where the accused took the victim and threatening her, he sexually assaulted the victim in the hotel on 16.5.2006. Next day on 17.5.2006 with assurance of marriage, the victim was taken to the accused's home at Howli, but family members of the accused did not allow the victim to stay in the house and accordingly the victim was taken by the accused to Muku hotel at Barpeta. In this hotel also, the victim was",victim,Person,0.851
17,"This Appeal is presented against the judgment dated 02.06.2007 in Sessions Case No. 176/2006 whereby the learned Sessions Judge, Barpeta has convicted the accused/appellant under Section 376 of IPC and sentenced him to rigorous imprisonment of 10 years with fine of Rs. 20,000/- and in default of fine, further R.I. for 2 years. Heard Mr. B.N. Sarma, the learned Counsel for the appellant and Mr. B. Sinha, the learned Addl. Public Prosecutor. The prosecution case as revealed from the F.I.R. shows that on 16.5.2006 while the prosecutrix was at Barpeta for marketing purpose, the accused being married to the victim's cousin sister, informed her that her sister is ailing and with this information enticed the victim to Guwahati. The victim was told that her sister was in a hotel at Paltanbazar and where the accused took the victim and threatening her, he sexually assaulted the victim in the hotel on 16.5.2006. Next day on 17.5.2006 with assurance of marriage, the victim was taken to the accused's home at Howli, but family members of the accused did not allow the victim to stay in the house and accordingly the victim was taken by the accused to Muku hotel at Barpeta. In this hotel also, the victim was",victim,Person,0.853
17,"This Appeal is presented against the judgment dated 02.06.2007 in Sessions Case No. 176/2006 whereby the learned Sessions Judge, Barpeta has convicted the accused/appellant under Section 376 of IPC and sentenced him to rigorous imprisonment of 10 years with fine of Rs. 20,000/- and in default of fine, further R.I. for 2 years. Heard Mr. B.N. Sarma, the learned Counsel for the appellant and Mr. B. Sinha, the learned Addl. Public Prosecutor. The prosecution case as revealed from the F.I.R. shows that on 16.5.2006 while the prosecutrix was at Barpeta for marketing purpose, the accused being married to the victim's cousin sister, informed her that her sister is ailing and with this information enticed the victim to Guwahati. The victim was told that her sister was in a hotel at Paltanbazar and where the accused took the victim and threatening her, he sexually assaulted the victim in the hotel on 16.5.2006. Next day on 17.5.2006 with assurance of marriage, the victim was taken to the accused's home at Howli, but family members of the accused did not allow the victim to stay in the house and accordingly the victim was taken by the accused to Muku hotel at Barpeta. In this hotel also, the victim was",16.5.2006,Date,0.8994
17,"This Appeal is presented against the judgment dated 02.06.2007 in Sessions Case No. 176/2006 whereby the learned Sessions Judge, Barpeta has convicted the accused/appellant under Section 376 of IPC and sentenced him to rigorous imprisonment of 10 years with fine of Rs. 20,000/- and in default of fine, further R.I. for 2 years. Heard Mr. B.N. Sarma, the learned Counsel for the appellant and Mr. B. Sinha, the learned Addl. Public Prosecutor. The prosecution case as revealed from the F.I.R. shows that on 16.5.2006 while the prosecutrix was at Barpeta for marketing purpose, the accused being married to the victim's cousin sister, informed her that her sister is ailing and with this information enticed the victim to Guwahati. The victim was told that her sister was in a hotel at Paltanbazar and where the accused took the victim and threatening her, he sexually assaulted the victim in the hotel on 16.5.2006. Next day on 17.5.2006 with assurance of marriage, the victim was taken to the accused's home at Howli, but family members of the accused did not allow the victim to stay in the house and accordingly the victim was taken by the accused to Muku hotel at Barpeta. In this hotel also, the victim was",17.5.2006,Date,0.8481
17,"This Appeal is presented against the judgment dated 02.06.2007 in Sessions Case No. 176/2006 whereby the learned Sessions Judge, Barpeta has convicted the accused/appellant under Section 376 of IPC and sentenced him to rigorous imprisonment of 10 years with fine of Rs. 20,000/- and in default of fine, further R.I. for 2 years. Heard Mr. B.N. Sarma, the learned Counsel for the appellant and Mr. B. Sinha, the learned Addl. Public Prosecutor. The prosecution case as revealed from the F.I.R. shows that on 16.5.2006 while the prosecutrix was at Barpeta for marketing purpose, the accused being married to the victim's cousin sister, informed her that her sister is ailing and with this information enticed the victim to Guwahati. The victim was told that her sister was in a hotel at Paltanbazar and where the accused took the victim and threatening her, he sexually assaulted the victim in the hotel on 16.5.2006. Next day on 17.5.2006 with assurance of marriage, the victim was taken to the accused's home at Howli, but family members of the accused did not allow the victim to stay in the house and accordingly the victim was taken by the accused to Muku hotel at Barpeta. In this hotel also, the victim was",victim,Person,0.853
17,"This Appeal is presented against the judgment dated 02.06.2007 in Sessions Case No. 176/2006 whereby the learned Sessions Judge, Barpeta has convicted the accused/appellant under Section 376 of IPC and sentenced him to rigorous imprisonment of 10 years with fine of Rs. 20,000/- and in default of fine, further R.I. for 2 years. Heard Mr. B.N. Sarma, the learned Counsel for the appellant and Mr. B. Sinha, the learned Addl. Public Prosecutor. The prosecution case as revealed from the F.I.R. shows that on 16.5.2006 while the prosecutrix was at Barpeta for marketing purpose, the accused being married to the victim's cousin sister, informed her that her sister is ailing and with this information enticed the victim to Guwahati. The victim was told that her sister was in a hotel at Paltanbazar and where the accused took the victim and threatening her, he sexually assaulted the victim in the hotel on 16.5.2006. Next day on 17.5.2006 with assurance of marriage, the victim was taken to the accused's home at Howli, but family members of the accused did not allow the victim to stay in the house and accordingly the victim was taken by the accused to Muku hotel at Barpeta. In this hotel also, the victim was",accused,Person,0.6891
17,"This Appeal is presented against the judgment dated 02.06.2007 in Sessions Case No. 176/2006 whereby the learned Sessions Judge, Barpeta has convicted the accused/appellant under Section 376 of IPC and sentenced him to rigorous imprisonment of 10 years with fine of Rs. 20,000/- and in default of fine, further R.I. for 2 years. Heard Mr. B.N. Sarma, the learned Counsel for the appellant and Mr. B. Sinha, the learned Addl. Public Prosecutor. The prosecution case as revealed from the F.I.R. shows that on 16.5.2006 while the prosecutrix was at Barpeta for marketing purpose, the accused being married to the victim's cousin sister, informed her that her sister is ailing and with this information enticed the victim to Guwahati. The victim was told that her sister was in a hotel at Paltanbazar and where the accused took the victim and threatening her, he sexually assaulted the victim in the hotel on 16.5.2006. Next day on 17.5.2006 with assurance of marriage, the victim was taken to the accused's home at Howli, but family members of the accused did not allow the victim to stay in the house and accordingly the victim was taken by the accused to Muku hotel at Barpeta. In this hotel also, the victim was",accused,Person,0.6711
17,"This Appeal is presented against the judgment dated 02.06.2007 in Sessions Case No. 176/2006 whereby the learned Sessions Judge, Barpeta has convicted the accused/appellant under Section 376 of IPC and sentenced him to rigorous imprisonment of 10 years with fine of Rs. 20,000/- and in default of fine, further R.I. for 2 years. Heard Mr. B.N. Sarma, the learned Counsel for the appellant and Mr. B. Sinha, the learned Addl. Public Prosecutor. The prosecution case as revealed from the F.I.R. shows that on 16.5.2006 while the prosecutrix was at Barpeta for marketing purpose, the accused being married to the victim's cousin sister, informed her that her sister is ailing and with this information enticed the victim to Guwahati. The victim was told that her sister was in a hotel at Paltanbazar and where the accused took the victim and threatening her, he sexually assaulted the victim in the hotel on 16.5.2006. Next day on 17.5.2006 with assurance of marriage, the victim was taken to the accused's home at Howli, but family members of the accused did not allow the victim to stay in the house and accordingly the victim was taken by the accused to Muku hotel at Barpeta. In this hotel also, the victim was",victim,Person,0.8585
17,"This Appeal is presented against the judgment dated 02.06.2007 in Sessions Case No. 176/2006 whereby the learned Sessions Judge, Barpeta has convicted the accused/appellant under Section 376 of IPC and sentenced him to rigorous imprisonment of 10 years with fine of Rs. 20,000/- and in default of fine, further R.I. for 2 years. Heard Mr. B.N. Sarma, the learned Counsel for the appellant and Mr. B. Sinha, the learned Addl. Public Prosecutor. The prosecution case as revealed from the F.I.R. shows that on 16.5.2006 while the prosecutrix was at Barpeta for marketing purpose, the accused being married to the victim's cousin sister, informed her that her sister is ailing and with this information enticed the victim to Guwahati. The victim was told that her sister was in a hotel at Paltanbazar and where the accused took the victim and threatening her, he sexually assaulted the victim in the hotel on 16.5.2006. Next day on 17.5.2006 with assurance of marriage, the victim was taken to the accused's home at Howli, but family members of the accused did not allow the victim to stay in the house and accordingly the victim was taken by the accused to Muku hotel at Barpeta. In this hotel also, the victim was",victim,Person,0.8436
17,"This Appeal is presented against the judgment dated 02.06.2007 in Sessions Case No. 176/2006 whereby the learned Sessions Judge, Barpeta has convicted the accused/appellant under Section 376 of IPC and sentenced him to rigorous imprisonment of 10 years with fine of Rs. 20,000/- and in default of fine, further R.I. for 2 years. Heard Mr. B.N. Sarma, the learned Counsel for the appellant and Mr. B. Sinha, the learned Addl. Public Prosecutor. The prosecution case as revealed from the F.I.R. shows that on 16.5.2006 while the prosecutrix was at Barpeta for marketing purpose, the accused being married to the victim's cousin sister, informed her that her sister is ailing and with this information enticed the victim to Guwahati. The victim was told that her sister was in a hotel at Paltanbazar and where the accused took the victim and threatening her, he sexually assaulted the victim in the hotel on 16.5.2006. Next day on 17.5.2006 with assurance of marriage, the victim was taken to the accused's home at Howli, but family members of the accused did not allow the victim to stay in the house and accordingly the victim was taken by the accused to Muku hotel at Barpeta. In this hotel also, the victim was",accused,Person,0.6329
17,"This Appeal is presented against the judgment dated 02.06.2007 in Sessions Case No. 176/2006 whereby the learned Sessions Judge, Barpeta has convicted the accused/appellant under Section 376 of IPC and sentenced him to rigorous imprisonment of 10 years with fine of Rs. 20,000/- and in default of fine, further R.I. for 2 years. Heard Mr. B.N. Sarma, the learned Counsel for the appellant and Mr. B. Sinha, the learned Addl. Public Prosecutor. The prosecution case as revealed from the F.I.R. shows that on 16.5.2006 while the prosecutrix was at Barpeta for marketing purpose, the accused being married to the victim's cousin sister, informed her that her sister is ailing and with this information enticed the victim to Guwahati. The victim was told that her sister was in a hotel at Paltanbazar and where the accused took the victim and threatening her, he sexually assaulted the victim in the hotel on 16.5.2006. Next day on 17.5.2006 with assurance of marriage, the victim was taken to the accused's home at Howli, but family members of the accused did not allow the victim to stay in the house and accordingly the victim was taken by the accused to Muku hotel at Barpeta. In this hotel also, the victim was",victim,Person,0.8782
18,"The Labour Court, upon appreciation of the evidence on record, has held that the workman was guilty of minor misconduct, i.e. absence of duty for 3 days, namely, 21st February, 2001; 22nd February, 2001 and 23rd February, 2001, which does not warrant major punishment of dismissal from service. The order of dismissal from service dated 23rd March, 2001 has accordingly been set aside, more so keeping in view the fact that admittedly no disciplinary proceeding was initiated against the respondent No.3/workman. Having held so, the Labour Court has directed reinstatement of the respondent No.3/workman in service with full backwage. The said award has been challenged in the present writ petition only in respect of grant of back-wage. The Management has, pursuant to the aforesaid award, already reinstated the respondent No.3 in service.",The Labour Court,Court,0.8699
18,"The Labour Court, upon appreciation of the evidence on record, has held that the workman was guilty of minor misconduct, i.e. absence of duty for 3 days, namely, 21st February, 2001; 22nd February, 2001 and 23rd February, 2001, which does not warrant major punishment of dismissal from service. The order of dismissal from service dated 23rd March, 2001 has accordingly been set aside, more so keeping in view the fact that admittedly no disciplinary proceeding was initiated against the respondent No.3/workman. Having held so, the Labour Court has directed reinstatement of the respondent No.3/workman in service with full backwage. The said award has been challenged in the present writ petition only in respect of grant of back-wage. The Management has, pursuant to the aforesaid award, already reinstated the respondent No.3 in service.","21st February, 2001",Date,0.9242
18,"The Labour Court, upon appreciation of the evidence on record, has held that the workman was guilty of minor misconduct, i.e. absence of duty for 3 days, namely, 21st February, 2001; 22nd February, 2001 and 23rd February, 2001, which does not warrant major punishment of dismissal from service. The order of dismissal from service dated 23rd March, 2001 has accordingly been set aside, more so keeping in view the fact that admittedly no disciplinary proceeding was initiated against the respondent No.3/workman. Having held so, the Labour Court has directed reinstatement of the respondent No.3/workman in service with full backwage. The said award has been challenged in the present writ petition only in respect of grant of back-wage. The Management has, pursuant to the aforesaid award, already reinstated the respondent No.3 in service.","22nd February, 2001",Date,0.839
18,"The Labour Court, upon appreciation of the evidence on record, has held that the workman was guilty of minor misconduct, i.e. absence of duty for 3 days, namely, 21st February, 2001; 22nd February, 2001 and 23rd February, 2001, which does not warrant major punishment of dismissal from service. The order of dismissal from service dated 23rd March, 2001 has accordingly been set aside, more so keeping in view the fact that admittedly no disciplinary proceeding was initiated against the respondent No.3/workman. Having held so, the Labour Court has directed reinstatement of the respondent No.3/workman in service with full backwage. The said award has been challenged in the present writ petition only in respect of grant of back-wage. The Management has, pursuant to the aforesaid award, already reinstated the respondent No.3 in service.","23rd February, 2001",Date,0.909
18,"The Labour Court, upon appreciation of the evidence on record, has held that the workman was guilty of minor misconduct, i.e. absence of duty for 3 days, namely, 21st February, 2001; 22nd February, 2001 and 23rd February, 2001, which does not warrant major punishment of dismissal from service. The order of dismissal from service dated 23rd March, 2001 has accordingly been set aside, more so keeping in view the fact that admittedly no disciplinary proceeding was initiated against the respondent No.3/workman. Having held so, the Labour Court has directed reinstatement of the respondent No.3/workman in service with full backwage. The said award has been challenged in the present writ petition only in respect of grant of back-wage. The Management has, pursuant to the aforesaid award, already reinstated the respondent No.3 in service.","23rd March, 2001",Date,0.8563
18,"The Labour Court, upon appreciation of the evidence on record, has held that the workman was guilty of minor misconduct, i.e. absence of duty for 3 days, namely, 21st February, 2001; 22nd February, 2001 and 23rd February, 2001, which does not warrant major punishment of dismissal from service. The order of dismissal from service dated 23rd March, 2001 has accordingly been set aside, more so keeping in view the fact that admittedly no disciplinary proceeding was initiated against the respondent No.3/workman. Having held so, the Labour Court has directed reinstatement of the respondent No.3/workman in service with full backwage. The said award has been challenged in the present writ petition only in respect of grant of back-wage. The Management has, pursuant to the aforesaid award, already reinstated the respondent No.3 in service.",respondent No.3,Person,0.9057
18,"The Labour Court, upon appreciation of the evidence on record, has held that the workman was guilty of minor misconduct, i.e. absence of duty for 3 days, namely, 21st February, 2001; 22nd February, 2001 and 23rd February, 2001, which does not warrant major punishment of dismissal from service. The order of dismissal from service dated 23rd March, 2001 has accordingly been set aside, more so keeping in view the fact that admittedly no disciplinary proceeding was initiated against the respondent No.3/workman. Having held so, the Labour Court has directed reinstatement of the respondent No.3/workman in service with full backwage. The said award has been challenged in the present writ petition only in respect of grant of back-wage. The Management has, pursuant to the aforesaid award, already reinstated the respondent No.3 in service.",the Labour Court,Court,0.8892
18,"The Labour Court, upon appreciation of the evidence on record, has held that the workman was guilty of minor misconduct, i.e. absence of duty for 3 days, namely, 21st February, 2001; 22nd February, 2001 and 23rd February, 2001, which does not warrant major punishment of dismissal from service. The order of dismissal from service dated 23rd March, 2001 has accordingly been set aside, more so keeping in view the fact that admittedly no disciplinary proceeding was initiated against the respondent No.3/workman. Having held so, the Labour Court has directed reinstatement of the respondent No.3/workman in service with full backwage. The said award has been challenged in the present writ petition only in respect of grant of back-wage. The Management has, pursuant to the aforesaid award, already reinstated the respondent No.3 in service.",respondent No.3,Person,0.9483
18,"The Labour Court, upon appreciation of the evidence on record, has held that the workman was guilty of minor misconduct, i.e. absence of duty for 3 days, namely, 21st February, 2001; 22nd February, 2001 and 23rd February, 2001, which does not warrant major punishment of dismissal from service. The order of dismissal from service dated 23rd March, 2001 has accordingly been set aside, more so keeping in view the fact that admittedly no disciplinary proceeding was initiated against the respondent No.3/workman. Having held so, the Labour Court has directed reinstatement of the respondent No.3/workman in service with full backwage. The said award has been challenged in the present writ petition only in respect of grant of back-wage. The Management has, pursuant to the aforesaid award, already reinstated the respondent No.3 in service.",respondent No.3,Person,0.9608
19,"The applicants were charged under Section 436/149 IPC in Sessions Case No.20/2000 for causing mischief to an extent of Rs.2,00,000/- by setting fire into the dwelling house of the informant in village Harishnagar Part-III under Katlicherra Police Station on the midnight of 12.12.1997, where all the household belonging including the paddy and some live-stocks like hens, goats etc. were burnt into ashes. On the basis of such allegation initially Katlicherra P.S. Case No.227/1997 was registered and upon completion of the investigation Charge-sheet dated 22.08.1998 was filed against 14 accused persons. The case was committed to the Court of Sessions for trial on 27.01.2000 and accordingly the charges against all the 14 accused persons were framed. The learned Sessions Judge, on conclusion of the trial, found all the accused persons, including the applicants, guilty of charge under Section 436/149 IPC vide judgment dated 06.03.2003 and sentenced them to under rigorous imprisonment for 10 years and to pay a find of Rs.5,000/- each, in default, to undergo rigorous imprisonment for a further period of 6 months, vide order dated 07.03.2003.",applicants,Person,0.5657
19,"The applicants were charged under Section 436/149 IPC in Sessions Case No.20/2000 for causing mischief to an extent of Rs.2,00,000/- by setting fire into the dwelling house of the informant in village Harishnagar Part-III under Katlicherra Police Station on the midnight of 12.12.1997, where all the household belonging including the paddy and some live-stocks like hens, goats etc. were burnt into ashes. On the basis of such allegation initially Katlicherra P.S. Case No.227/1997 was registered and upon completion of the investigation Charge-sheet dated 22.08.1998 was filed against 14 accused persons. The case was committed to the Court of Sessions for trial on 27.01.2000 and accordingly the charges against all the 14 accused persons were framed. The learned Sessions Judge, on conclusion of the trial, found all the accused persons, including the applicants, guilty of charge under Section 436/149 IPC vide judgment dated 06.03.2003 and sentenced them to under rigorous imprisonment for 10 years and to pay a find of Rs.5,000/- each, in default, to undergo rigorous imprisonment for a further period of 6 months, vide order dated 07.03.2003.",Section 436/149 IPC,Section,0.8865
19,"The applicants were charged under Section 436/149 IPC in Sessions Case No.20/2000 for causing mischief to an extent of Rs.2,00,000/- by setting fire into the dwelling house of the informant in village Harishnagar Part-III under Katlicherra Police Station on the midnight of 12.12.1997, where all the household belonging including the paddy and some live-stocks like hens, goats etc. were burnt into ashes. On the basis of such allegation initially Katlicherra P.S. Case No.227/1997 was registered and upon completion of the investigation Charge-sheet dated 22.08.1998 was filed against 14 accused persons. The case was committed to the Court of Sessions for trial on 27.01.2000 and accordingly the charges against all the 14 accused persons were framed. The learned Sessions Judge, on conclusion of the trial, found all the accused persons, including the applicants, guilty of charge under Section 436/149 IPC vide judgment dated 06.03.2003 and sentenced them to under rigorous imprisonment for 10 years and to pay a find of Rs.5,000/- each, in default, to undergo rigorous imprisonment for a further period of 6 months, vide order dated 07.03.2003.",Sessions Case No.20/2000,Case Number,0.9249
19,"The applicants were charged under Section 436/149 IPC in Sessions Case No.20/2000 for causing mischief to an extent of Rs.2,00,000/- by setting fire into the dwelling house of the informant in village Harishnagar Part-III under Katlicherra Police Station on the midnight of 12.12.1997, where all the household belonging including the paddy and some live-stocks like hens, goats etc. were burnt into ashes. On the basis of such allegation initially Katlicherra P.S. Case No.227/1997 was registered and upon completion of the investigation Charge-sheet dated 22.08.1998 was filed against 14 accused persons. The case was committed to the Court of Sessions for trial on 27.01.2000 and accordingly the charges against all the 14 accused persons were framed. The learned Sessions Judge, on conclusion of the trial, found all the accused persons, including the applicants, guilty of charge under Section 436/149 IPC vide judgment dated 06.03.2003 and sentenced them to under rigorous imprisonment for 10 years and to pay a find of Rs.5,000/- each, in default, to undergo rigorous imprisonment for a further period of 6 months, vide order dated 07.03.2003.",informant,Person,0.5294
19,"The applicants were charged under Section 436/149 IPC in Sessions Case No.20/2000 for causing mischief to an extent of Rs.2,00,000/- by setting fire into the dwelling house of the informant in village Harishnagar Part-III under Katlicherra Police Station on the midnight of 12.12.1997, where all the household belonging including the paddy and some live-stocks like hens, goats etc. were burnt into ashes. On the basis of such allegation initially Katlicherra P.S. Case No.227/1997 was registered and upon completion of the investigation Charge-sheet dated 22.08.1998 was filed against 14 accused persons. The case was committed to the Court of Sessions for trial on 27.01.2000 and accordingly the charges against all the 14 accused persons were framed. The learned Sessions Judge, on conclusion of the trial, found all the accused persons, including the applicants, guilty of charge under Section 436/149 IPC vide judgment dated 06.03.2003 and sentenced them to under rigorous imprisonment for 10 years and to pay a find of Rs.5,000/- each, in default, to undergo rigorous imprisonment for a further period of 6 months, vide order dated 07.03.2003.",Katlicherra Police Station,Police Station,0.9932
19,"The applicants were charged under Section 436/149 IPC in Sessions Case No.20/2000 for causing mischief to an extent of Rs.2,00,000/- by setting fire into the dwelling house of the informant in village Harishnagar Part-III under Katlicherra Police Station on the midnight of 12.12.1997, where all the household belonging including the paddy and some live-stocks like hens, goats etc. were burnt into ashes. On the basis of such allegation initially Katlicherra P.S. Case No.227/1997 was registered and upon completion of the investigation Charge-sheet dated 22.08.1998 was filed against 14 accused persons. The case was committed to the Court of Sessions for trial on 27.01.2000 and accordingly the charges against all the 14 accused persons were framed. The learned Sessions Judge, on conclusion of the trial, found all the accused persons, including the applicants, guilty of charge under Section 436/149 IPC vide judgment dated 06.03.2003 and sentenced them to under rigorous imprisonment for 10 years and to pay a find of Rs.5,000/- each, in default, to undergo rigorous imprisonment for a further period of 6 months, vide order dated 07.03.2003.",12.12.1997,Date,0.8897
19,"The applicants were charged under Section 436/149 IPC in Sessions Case No.20/2000 for causing mischief to an extent of Rs.2,00,000/- by setting fire into the dwelling house of the informant in village Harishnagar Part-III under Katlicherra Police Station on the midnight of 12.12.1997, where all the household belonging including the paddy and some live-stocks like hens, goats etc. were burnt into ashes. On the basis of such allegation initially Katlicherra P.S. Case No.227/1997 was registered and upon completion of the investigation Charge-sheet dated 22.08.1998 was filed against 14 accused persons. The case was committed to the Court of Sessions for trial on 27.01.2000 and accordingly the charges against all the 14 accused persons were framed. The learned Sessions Judge, on conclusion of the trial, found all the accused persons, including the applicants, guilty of charge under Section 436/149 IPC vide judgment dated 06.03.2003 and sentenced them to under rigorous imprisonment for 10 years and to pay a find of Rs.5,000/- each, in default, to undergo rigorous imprisonment for a further period of 6 months, vide order dated 07.03.2003.",Katlicherra P.S. Case No.227/1997,Case Number,0.6331
19,"The applicants were charged under Section 436/149 IPC in Sessions Case No.20/2000 for causing mischief to an extent of Rs.2,00,000/- by setting fire into the dwelling house of the informant in village Harishnagar Part-III under Katlicherra Police Station on the midnight of 12.12.1997, where all the household belonging including the paddy and some live-stocks like hens, goats etc. were burnt into ashes. On the basis of such allegation initially Katlicherra P.S. Case No.227/1997 was registered and upon completion of the investigation Charge-sheet dated 22.08.1998 was filed against 14 accused persons. The case was committed to the Court of Sessions for trial on 27.01.2000 and accordingly the charges against all the 14 accused persons were framed. The learned Sessions Judge, on conclusion of the trial, found all the accused persons, including the applicants, guilty of charge under Section 436/149 IPC vide judgment dated 06.03.2003 and sentenced them to under rigorous imprisonment for 10 years and to pay a find of Rs.5,000/- each, in default, to undergo rigorous imprisonment for a further period of 6 months, vide order dated 07.03.2003.",Charge-sheet,Document,0.9459
19,"The applicants were charged under Section 436/149 IPC in Sessions Case No.20/2000 for causing mischief to an extent of Rs.2,00,000/- by setting fire into the dwelling house of the informant in village Harishnagar Part-III under Katlicherra Police Station on the midnight of 12.12.1997, where all the household belonging including the paddy and some live-stocks like hens, goats etc. were burnt into ashes. On the basis of such allegation initially Katlicherra P.S. Case No.227/1997 was registered and upon completion of the investigation Charge-sheet dated 22.08.1998 was filed against 14 accused persons. The case was committed to the Court of Sessions for trial on 27.01.2000 and accordingly the charges against all the 14 accused persons were framed. The learned Sessions Judge, on conclusion of the trial, found all the accused persons, including the applicants, guilty of charge under Section 436/149 IPC vide judgment dated 06.03.2003 and sentenced them to under rigorous imprisonment for 10 years and to pay a find of Rs.5,000/- each, in default, to undergo rigorous imprisonment for a further period of 6 months, vide order dated 07.03.2003.",22.08.1998,Date,0.7964
19,"The applicants were charged under Section 436/149 IPC in Sessions Case No.20/2000 for causing mischief to an extent of Rs.2,00,000/- by setting fire into the dwelling house of the informant in village Harishnagar Part-III under Katlicherra Police Station on the midnight of 12.12.1997, where all the household belonging including the paddy and some live-stocks like hens, goats etc. were burnt into ashes. On the basis of such allegation initially Katlicherra P.S. Case No.227/1997 was registered and upon completion of the investigation Charge-sheet dated 22.08.1998 was filed against 14 accused persons. The case was committed to the Court of Sessions for trial on 27.01.2000 and accordingly the charges against all the 14 accused persons were framed. The learned Sessions Judge, on conclusion of the trial, found all the accused persons, including the applicants, guilty of charge under Section 436/149 IPC vide judgment dated 06.03.2003 and sentenced them to under rigorous imprisonment for 10 years and to pay a find of Rs.5,000/- each, in default, to undergo rigorous imprisonment for a further period of 6 months, vide order dated 07.03.2003.",Court of Sessions,Court,0.9565
19,"The applicants were charged under Section 436/149 IPC in Sessions Case No.20/2000 for causing mischief to an extent of Rs.2,00,000/- by setting fire into the dwelling house of the informant in village Harishnagar Part-III under Katlicherra Police Station on the midnight of 12.12.1997, where all the household belonging including the paddy and some live-stocks like hens, goats etc. were burnt into ashes. On the basis of such allegation initially Katlicherra P.S. Case No.227/1997 was registered and upon completion of the investigation Charge-sheet dated 22.08.1998 was filed against 14 accused persons. The case was committed to the Court of Sessions for trial on 27.01.2000 and accordingly the charges against all the 14 accused persons were framed. The learned Sessions Judge, on conclusion of the trial, found all the accused persons, including the applicants, guilty of charge under Section 436/149 IPC vide judgment dated 06.03.2003 and sentenced them to under rigorous imprisonment for 10 years and to pay a find of Rs.5,000/- each, in default, to undergo rigorous imprisonment for a further period of 6 months, vide order dated 07.03.2003.",27.01.2000,Date,0.9204
19,"The applicants were charged under Section 436/149 IPC in Sessions Case No.20/2000 for causing mischief to an extent of Rs.2,00,000/- by setting fire into the dwelling house of the informant in village Harishnagar Part-III under Katlicherra Police Station on the midnight of 12.12.1997, where all the household belonging including the paddy and some live-stocks like hens, goats etc. were burnt into ashes. On the basis of such allegation initially Katlicherra P.S. Case No.227/1997 was registered and upon completion of the investigation Charge-sheet dated 22.08.1998 was filed against 14 accused persons. The case was committed to the Court of Sessions for trial on 27.01.2000 and accordingly the charges against all the 14 accused persons were framed. The learned Sessions Judge, on conclusion of the trial, found all the accused persons, including the applicants, guilty of charge under Section 436/149 IPC vide judgment dated 06.03.2003 and sentenced them to under rigorous imprisonment for 10 years and to pay a find of Rs.5,000/- each, in default, to undergo rigorous imprisonment for a further period of 6 months, vide order dated 07.03.2003.",learned Sessions Judge,Person,0.7479
19,"The applicants were charged under Section 436/149 IPC in Sessions Case No.20/2000 for causing mischief to an extent of Rs.2,00,000/- by setting fire into the dwelling house of the informant in village Harishnagar Part-III under Katlicherra Police Station on the midnight of 12.12.1997, where all the household belonging including the paddy and some live-stocks like hens, goats etc. were burnt into ashes. On the basis of such allegation initially Katlicherra P.S. Case No.227/1997 was registered and upon completion of the investigation Charge-sheet dated 22.08.1998 was filed against 14 accused persons. The case was committed to the Court of Sessions for trial on 27.01.2000 and accordingly the charges against all the 14 accused persons were framed. The learned Sessions Judge, on conclusion of the trial, found all the accused persons, including the applicants, guilty of charge under Section 436/149 IPC vide judgment dated 06.03.2003 and sentenced them to under rigorous imprisonment for 10 years and to pay a find of Rs.5,000/- each, in default, to undergo rigorous imprisonment for a further period of 6 months, vide order dated 07.03.2003.",the applicants,Person,0.5958
19,"The applicants were charged under Section 436/149 IPC in Sessions Case No.20/2000 for causing mischief to an extent of Rs.2,00,000/- by setting fire into the dwelling house of the informant in village Harishnagar Part-III under Katlicherra Police Station on the midnight of 12.12.1997, where all the household belonging including the paddy and some live-stocks like hens, goats etc. were burnt into ashes. On the basis of such allegation initially Katlicherra P.S. Case No.227/1997 was registered and upon completion of the investigation Charge-sheet dated 22.08.1998 was filed against 14 accused persons. The case was committed to the Court of Sessions for trial on 27.01.2000 and accordingly the charges against all the 14 accused persons were framed. The learned Sessions Judge, on conclusion of the trial, found all the accused persons, including the applicants, guilty of charge under Section 436/149 IPC vide judgment dated 06.03.2003 and sentenced them to under rigorous imprisonment for 10 years and to pay a find of Rs.5,000/- each, in default, to undergo rigorous imprisonment for a further period of 6 months, vide order dated 07.03.2003.",Section 436/149 IPC,Section,0.9235
19,"The applicants were charged under Section 436/149 IPC in Sessions Case No.20/2000 for causing mischief to an extent of Rs.2,00,000/- by setting fire into the dwelling house of the informant in village Harishnagar Part-III under Katlicherra Police Station on the midnight of 12.12.1997, where all the household belonging including the paddy and some live-stocks like hens, goats etc. were burnt into ashes. On the basis of such allegation initially Katlicherra P.S. Case No.227/1997 was registered and upon completion of the investigation Charge-sheet dated 22.08.1998 was filed against 14 accused persons. The case was committed to the Court of Sessions for trial on 27.01.2000 and accordingly the charges against all the 14 accused persons were framed. The learned Sessions Judge, on conclusion of the trial, found all the accused persons, including the applicants, guilty of charge under Section 436/149 IPC vide judgment dated 06.03.2003 and sentenced them to under rigorous imprisonment for 10 years and to pay a find of Rs.5,000/- each, in default, to undergo rigorous imprisonment for a further period of 6 months, vide order dated 07.03.2003.",06.03.2003,Date,0.6953
19,"The applicants were charged under Section 436/149 IPC in Sessions Case No.20/2000 for causing mischief to an extent of Rs.2,00,000/- by setting fire into the dwelling house of the informant in village Harishnagar Part-III under Katlicherra Police Station on the midnight of 12.12.1997, where all the household belonging including the paddy and some live-stocks like hens, goats etc. were burnt into ashes. On the basis of such allegation initially Katlicherra P.S. Case No.227/1997 was registered and upon completion of the investigation Charge-sheet dated 22.08.1998 was filed against 14 accused persons. The case was committed to the Court of Sessions for trial on 27.01.2000 and accordingly the charges against all the 14 accused persons were framed. The learned Sessions Judge, on conclusion of the trial, found all the accused persons, including the applicants, guilty of charge under Section 436/149 IPC vide judgment dated 06.03.2003 and sentenced them to under rigorous imprisonment for 10 years and to pay a find of Rs.5,000/- each, in default, to undergo rigorous imprisonment for a further period of 6 months, vide order dated 07.03.2003.",07.03.2003,Date,0.6566
20,"Learned counsel for the petitioner submits that the petitioner being the lowest bidder in the earlier tender process and being the only bidder in the present process, could not be denied consideration on non-existent grounds and such a course will not only be against interest of the petitioner but also against public interest. Even, according to the stand of the State, the project was of urgent nature requiring installation of high tension transmission lines. Reliance has been placed on judgment of the Hon'ble Supreme Court in HARMINDER SINGH ARORA VS. UNION OF INDIA AND OTHERS, (1986) 3 SC 247, laying down that once the Government decides to award contract on the basis of bids by tender, it must abide by the terms of the tender and cannot reject the most suitable offer of a contractor in contravention of terms of the tender.",petitioner,Person,0.5063
20,"Learned counsel for the petitioner submits that the petitioner being the lowest bidder in the earlier tender process and being the only bidder in the present process, could not be denied consideration on non-existent grounds and such a course will not only be against interest of the petitioner but also against public interest. Even, according to the stand of the State, the project was of urgent nature requiring installation of high tension transmission lines. Reliance has been placed on judgment of the Hon'ble Supreme Court in HARMINDER SINGH ARORA VS. UNION OF INDIA AND OTHERS, (1986) 3 SC 247, laying down that once the Government decides to award contract on the basis of bids by tender, it must abide by the terms of the tender and cannot reject the most suitable offer of a contractor in contravention of terms of the tender.",tender,Document,0.9421
20,"Learned counsel for the petitioner submits that the petitioner being the lowest bidder in the earlier tender process and being the only bidder in the present process, could not be denied consideration on non-existent grounds and such a course will not only be against interest of the petitioner but also against public interest. Even, according to the stand of the State, the project was of urgent nature requiring installation of high tension transmission lines. Reliance has been placed on judgment of the Hon'ble Supreme Court in HARMINDER SINGH ARORA VS. UNION OF INDIA AND OTHERS, (1986) 3 SC 247, laying down that once the Government decides to award contract on the basis of bids by tender, it must abide by the terms of the tender and cannot reject the most suitable offer of a contractor in contravention of terms of the tender.",petitioner,Person,0.5526
20,"Learned counsel for the petitioner submits that the petitioner being the lowest bidder in the earlier tender process and being the only bidder in the present process, could not be denied consideration on non-existent grounds and such a course will not only be against interest of the petitioner but also against public interest. Even, according to the stand of the State, the project was of urgent nature requiring installation of high tension transmission lines. Reliance has been placed on judgment of the Hon'ble Supreme Court in HARMINDER SINGH ARORA VS. UNION OF INDIA AND OTHERS, (1986) 3 SC 247, laying down that once the Government decides to award contract on the basis of bids by tender, it must abide by the terms of the tender and cannot reject the most suitable offer of a contractor in contravention of terms of the tender.",Supreme Court,Court,0.7871
20,"Learned counsel for the petitioner submits that the petitioner being the lowest bidder in the earlier tender process and being the only bidder in the present process, could not be denied consideration on non-existent grounds and such a course will not only be against interest of the petitioner but also against public interest. Even, according to the stand of the State, the project was of urgent nature requiring installation of high tension transmission lines. Reliance has been placed on judgment of the Hon'ble Supreme Court in HARMINDER SINGH ARORA VS. UNION OF INDIA AND OTHERS, (1986) 3 SC 247, laying down that once the Government decides to award contract on the basis of bids by tender, it must abide by the terms of the tender and cannot reject the most suitable offer of a contractor in contravention of terms of the tender.",1986,Date,0.6503
20,"Learned counsel for the petitioner submits that the petitioner being the lowest bidder in the earlier tender process and being the only bidder in the present process, could not be denied consideration on non-existent grounds and such a course will not only be against interest of the petitioner but also against public interest. Even, according to the stand of the State, the project was of urgent nature requiring installation of high tension transmission lines. Reliance has been placed on judgment of the Hon'ble Supreme Court in HARMINDER SINGH ARORA VS. UNION OF INDIA AND OTHERS, (1986) 3 SC 247, laying down that once the Government decides to award contract on the basis of bids by tender, it must abide by the terms of the tender and cannot reject the most suitable offer of a contractor in contravention of terms of the tender.",3 SC 247,Case Number,0.9529
20,"Learned counsel for the petitioner submits that the petitioner being the lowest bidder in the earlier tender process and being the only bidder in the present process, could not be denied consideration on non-existent grounds and such a course will not only be against interest of the petitioner but also against public interest. Even, according to the stand of the State, the project was of urgent nature requiring installation of high tension transmission lines. Reliance has been placed on judgment of the Hon'ble Supreme Court in HARMINDER SINGH ARORA VS. UNION OF INDIA AND OTHERS, (1986) 3 SC 247, laying down that once the Government decides to award contract on the basis of bids by tender, it must abide by the terms of the tender and cannot reject the most suitable offer of a contractor in contravention of terms of the tender.",tender,Document,0.9305
20,"Learned counsel for the petitioner submits that the petitioner being the lowest bidder in the earlier tender process and being the only bidder in the present process, could not be denied consideration on non-existent grounds and such a course will not only be against interest of the petitioner but also against public interest. Even, according to the stand of the State, the project was of urgent nature requiring installation of high tension transmission lines. Reliance has been placed on judgment of the Hon'ble Supreme Court in HARMINDER SINGH ARORA VS. UNION OF INDIA AND OTHERS, (1986) 3 SC 247, laying down that once the Government decides to award contract on the basis of bids by tender, it must abide by the terms of the tender and cannot reject the most suitable offer of a contractor in contravention of terms of the tender.",tender,Document,0.8696
20,"Learned counsel for the petitioner submits that the petitioner being the lowest bidder in the earlier tender process and being the only bidder in the present process, could not be denied consideration on non-existent grounds and such a course will not only be against interest of the petitioner but also against public interest. Even, according to the stand of the State, the project was of urgent nature requiring installation of high tension transmission lines. Reliance has been placed on judgment of the Hon'ble Supreme Court in HARMINDER SINGH ARORA VS. UNION OF INDIA AND OTHERS, (1986) 3 SC 247, laying down that once the Government decides to award contract on the basis of bids by tender, it must abide by the terms of the tender and cannot reject the most suitable offer of a contractor in contravention of terms of the tender.",tender,Document,0.8983
21,"This writ petition has been filed by the petitioner Miss Rajashree Khound seeking an order from this Court directing the Respondents to allow her to take admission in MBBS course for the session 2012 on the basis of her selection in the Combined Entrance Examination as per the result published on 24.07.2012. The petitioner has demonstrated academic excellence by way of securing 89.3% marks in HSLC Examination followed by 86.6% marks in Higher Secondary (Science). Thereafter she contested for admission to MBBS/BDS courses in the Medical Colleges of Assam and Regional Dental College at Guwahati for the session 2012 through the Combined Entrance Examination. The petitioner secured 186 marks and her rank in the Entrance Examination is claimed to be 199. In the Educational Notice published showing the names of candidates who appeared for counseling and selected by a Selection Board thereby allowed for provisional admission into the First Year MBBS/BDS courses in the Medical Colleges of Assam and Regional Dental College at Guwahati for the session 2012, the name of the petitioner bearing Roll No. 381071 finds place against Serial No. 6 in the list of \""Un-reserved (General Merit)\"" candidates for Jorhat Medical College, Jorhat.",Miss Rajashree Khound,Person,0.9224
21,"This writ petition has been filed by the petitioner Miss Rajashree Khound seeking an order from this Court directing the Respondents to allow her to take admission in MBBS course for the session 2012 on the basis of her selection in the Combined Entrance Examination as per the result published on 24.07.2012. The petitioner has demonstrated academic excellence by way of securing 89.3% marks in HSLC Examination followed by 86.6% marks in Higher Secondary (Science). Thereafter she contested for admission to MBBS/BDS courses in the Medical Colleges of Assam and Regional Dental College at Guwahati for the session 2012 through the Combined Entrance Examination. The petitioner secured 186 marks and her rank in the Entrance Examination is claimed to be 199. In the Educational Notice published showing the names of candidates who appeared for counseling and selected by a Selection Board thereby allowed for provisional admission into the First Year MBBS/BDS courses in the Medical Colleges of Assam and Regional Dental College at Guwahati for the session 2012, the name of the petitioner bearing Roll No. 381071 finds place against Serial No. 6 in the list of \""Un-reserved (General Merit)\"" candidates for Jorhat Medical College, Jorhat.",24.07.2012,Date,0.8243
21,"This writ petition has been filed by the petitioner Miss Rajashree Khound seeking an order from this Court directing the Respondents to allow her to take admission in MBBS course for the session 2012 on the basis of her selection in the Combined Entrance Examination as per the result published on 24.07.2012. The petitioner has demonstrated academic excellence by way of securing 89.3% marks in HSLC Examination followed by 86.6% marks in Higher Secondary (Science). Thereafter she contested for admission to MBBS/BDS courses in the Medical Colleges of Assam and Regional Dental College at Guwahati for the session 2012 through the Combined Entrance Examination. The petitioner secured 186 marks and her rank in the Entrance Examination is claimed to be 199. In the Educational Notice published showing the names of candidates who appeared for counseling and selected by a Selection Board thereby allowed for provisional admission into the First Year MBBS/BDS courses in the Medical Colleges of Assam and Regional Dental College at Guwahati for the session 2012, the name of the petitioner bearing Roll No. 381071 finds place against Serial No. 6 in the list of \""Un-reserved (General Merit)\"" candidates for Jorhat Medical College, Jorhat.",Educational Notice,Document,0.7192
22,"I have heard Mr. G.N. Sahewalla, learned Sr. counsel assisted by Mr. S. Mohendro and Mr. M. N. Anix Singh, learned counsel for the petitioners. I have also heard Mr. Th. Ibohal Singh, learned Sr. G.A., Manipur alongwith Mr. K.R. Baruah, learned counsel for the State respondents. I have also heard Mr. Genanda, learned counsel appearing for the respondent No. 3, i.e. Manipur Public Service Commission as well as Mr. M. Bhuyan alongwith Mr. P. Hazarika, learned counsel appearing for the private respondents. I have also considered the entire materials on record. At the time of filing of the writ petitions in the year 2006, the petitioners were functioning in the cadre of MHS Grade-III (Formerly Grade-IV). It was contended that they were eligible for promotion to the next higher grade, i.e. MHS Grade-II. It was also contended that although they had the requisite qualification, i.e. Post Graduate Degree in their respective specialities, but due to non-availability of the adequate number of vacancies in the specialised posts, they could not be offered promotion",Mr. G.N. Sahewalla,Person,0.862
22,"I have heard Mr. G.N. Sahewalla, learned Sr. counsel assisted by Mr. S. Mohendro and Mr. M. N. Anix Singh, learned counsel for the petitioners. I have also heard Mr. Th. Ibohal Singh, learned Sr. G.A., Manipur alongwith Mr. K.R. Baruah, learned counsel for the State respondents. I have also heard Mr. Genanda, learned counsel appearing for the respondent No. 3, i.e. Manipur Public Service Commission as well as Mr. M. Bhuyan alongwith Mr. P. Hazarika, learned counsel appearing for the private respondents. I have also considered the entire materials on record. At the time of filing of the writ petitions in the year 2006, the petitioners were functioning in the cadre of MHS Grade-III (Formerly Grade-IV). It was contended that they were eligible for promotion to the next higher grade, i.e. MHS Grade-II. It was also contended that although they had the requisite qualification, i.e. Post Graduate Degree in their respective specialities, but due to non-availability of the adequate number of vacancies in the specialised posts, they could not be offered promotion",Mr. S. Mohendro,Person,0.8185
22,"I have heard Mr. G.N. Sahewalla, learned Sr. counsel assisted by Mr. S. Mohendro and Mr. M. N. Anix Singh, learned counsel for the petitioners. I have also heard Mr. Th. Ibohal Singh, learned Sr. G.A., Manipur alongwith Mr. K.R. Baruah, learned counsel for the State respondents. I have also heard Mr. Genanda, learned counsel appearing for the respondent No. 3, i.e. Manipur Public Service Commission as well as Mr. M. Bhuyan alongwith Mr. P. Hazarika, learned counsel appearing for the private respondents. I have also considered the entire materials on record. At the time of filing of the writ petitions in the year 2006, the petitioners were functioning in the cadre of MHS Grade-III (Formerly Grade-IV). It was contended that they were eligible for promotion to the next higher grade, i.e. MHS Grade-II. It was also contended that although they had the requisite qualification, i.e. Post Graduate Degree in their respective specialities, but due to non-availability of the adequate number of vacancies in the specialised posts, they could not be offered promotion",Mr. M. N. Anix Singh,Person,0.8563
22,"I have heard Mr. G.N. Sahewalla, learned Sr. counsel assisted by Mr. S. Mohendro and Mr. M. N. Anix Singh, learned counsel for the petitioners. I have also heard Mr. Th. Ibohal Singh, learned Sr. G.A., Manipur alongwith Mr. K.R. Baruah, learned counsel for the State respondents. I have also heard Mr. Genanda, learned counsel appearing for the respondent No. 3, i.e. Manipur Public Service Commission as well as Mr. M. Bhuyan alongwith Mr. P. Hazarika, learned counsel appearing for the private respondents. I have also considered the entire materials on record. At the time of filing of the writ petitions in the year 2006, the petitioners were functioning in the cadre of MHS Grade-III (Formerly Grade-IV). It was contended that they were eligible for promotion to the next higher grade, i.e. MHS Grade-II. It was also contended that although they had the requisite qualification, i.e. Post Graduate Degree in their respective specialities, but due to non-availability of the adequate number of vacancies in the specialised posts, they could not be offered promotion",Mr. Th. Ibohal Singh,Person,0.8523
22,"I have heard Mr. G.N. Sahewalla, learned Sr. counsel assisted by Mr. S. Mohendro and Mr. M. N. Anix Singh, learned counsel for the petitioners. I have also heard Mr. Th. Ibohal Singh, learned Sr. G.A., Manipur alongwith Mr. K.R. Baruah, learned counsel for the State respondents. I have also heard Mr. Genanda, learned counsel appearing for the respondent No. 3, i.e. Manipur Public Service Commission as well as Mr. M. Bhuyan alongwith Mr. P. Hazarika, learned counsel appearing for the private respondents. I have also considered the entire materials on record. At the time of filing of the writ petitions in the year 2006, the petitioners were functioning in the cadre of MHS Grade-III (Formerly Grade-IV). It was contended that they were eligible for promotion to the next higher grade, i.e. MHS Grade-II. It was also contended that although they had the requisite qualification, i.e. Post Graduate Degree in their respective specialities, but due to non-availability of the adequate number of vacancies in the specialised posts, they could not be offered promotion",Mr. K.R. Baruah,Person,0.857
22,"I have heard Mr. G.N. Sahewalla, learned Sr. counsel assisted by Mr. S. Mohendro and Mr. M. N. Anix Singh, learned counsel for the petitioners. I have also heard Mr. Th. Ibohal Singh, learned Sr. G.A., Manipur alongwith Mr. K.R. Baruah, learned counsel for the State respondents. I have also heard Mr. Genanda, learned counsel appearing for the respondent No. 3, i.e. Manipur Public Service Commission as well as Mr. M. Bhuyan alongwith Mr. P. Hazarika, learned counsel appearing for the private respondents. I have also considered the entire materials on record. At the time of filing of the writ petitions in the year 2006, the petitioners were functioning in the cadre of MHS Grade-III (Formerly Grade-IV). It was contended that they were eligible for promotion to the next higher grade, i.e. MHS Grade-II. It was also contended that although they had the requisite qualification, i.e. Post Graduate Degree in their respective specialities, but due to non-availability of the adequate number of vacancies in the specialised posts, they could not be offered promotion",Mr. Genanda,Person,0.7134
22,"I have heard Mr. G.N. Sahewalla, learned Sr. counsel assisted by Mr. S. Mohendro and Mr. M. N. Anix Singh, learned counsel for the petitioners. I have also heard Mr. Th. Ibohal Singh, learned Sr. G.A., Manipur alongwith Mr. K.R. Baruah, learned counsel for the State respondents. I have also heard Mr. Genanda, learned counsel appearing for the respondent No. 3, i.e. Manipur Public Service Commission as well as Mr. M. Bhuyan alongwith Mr. P. Hazarika, learned counsel appearing for the private respondents. I have also considered the entire materials on record. At the time of filing of the writ petitions in the year 2006, the petitioners were functioning in the cadre of MHS Grade-III (Formerly Grade-IV). It was contended that they were eligible for promotion to the next higher grade, i.e. MHS Grade-II. It was also contended that although they had the requisite qualification, i.e. Post Graduate Degree in their respective specialities, but due to non-availability of the adequate number of vacancies in the specialised posts, they could not be offered promotion",Mr. M. Bhuyan,Person,0.8519
22,"I have heard Mr. G.N. Sahewalla, learned Sr. counsel assisted by Mr. S. Mohendro and Mr. M. N. Anix Singh, learned counsel for the petitioners. I have also heard Mr. Th. Ibohal Singh, learned Sr. G.A., Manipur alongwith Mr. K.R. Baruah, learned counsel for the State respondents. I have also heard Mr. Genanda, learned counsel appearing for the respondent No. 3, i.e. Manipur Public Service Commission as well as Mr. M. Bhuyan alongwith Mr. P. Hazarika, learned counsel appearing for the private respondents. I have also considered the entire materials on record. At the time of filing of the writ petitions in the year 2006, the petitioners were functioning in the cadre of MHS Grade-III (Formerly Grade-IV). It was contended that they were eligible for promotion to the next higher grade, i.e. MHS Grade-II. It was also contended that although they had the requisite qualification, i.e. Post Graduate Degree in their respective specialities, but due to non-availability of the adequate number of vacancies in the specialised posts, they could not be offered promotion",Mr. P. Hazarika,Person,0.8546
23,"The petitioner is the wife of the detenu namely Kh. Ibotombi Singh. She has filed this writ petition challenging the Annexure-A/1 order dated 6.1.2012, by which, the detenu has been detained under Section 3(2) of the National Security Act, 1980. The said order was passed when four cases one of which is FIR No. 143(6)2001 SJM PS u/s 10/13 UA(P)Act were pending against the detenu. In the order of detention, there is a reference to another case being FIR No. 210(5)2011 SJM PS u/s 20 UA(P) Act involving another accused. The ground on which the detention order has been passed states that the accused involved in FIR No. 210(5)2011 SJM PS u/s 20 UA(P) Act. having been granted bail, there is likelihood of the detenu being released on bail, although the fact of the matter is that he is not involved in the said case nor any co-accused has been released in connection with FIR No. 143(6)2001 SJM PS u/s 10/13 UA(P)Act in which the petitioner is involved. In this connection, learned counsel for the petitioner has placed reliance on the decision of the Apex Court reported in AIR 2012 SC 2002 (Huidrom Konungao Singh Vs. State of Manipur & Ors.)",petitioner,Person,0.7967
23,"The petitioner is the wife of the detenu namely Kh. Ibotombi Singh. She has filed this writ petition challenging the Annexure-A/1 order dated 6.1.2012, by which, the detenu has been detained under Section 3(2) of the National Security Act, 1980. The said order was passed when four cases one of which is FIR No. 143(6)2001 SJM PS u/s 10/13 UA(P)Act were pending against the detenu. In the order of detention, there is a reference to another case being FIR No. 210(5)2011 SJM PS u/s 20 UA(P) Act involving another accused. The ground on which the detention order has been passed states that the accused involved in FIR No. 210(5)2011 SJM PS u/s 20 UA(P) Act. having been granted bail, there is likelihood of the detenu being released on bail, although the fact of the matter is that he is not involved in the said case nor any co-accused has been released in connection with FIR No. 143(6)2001 SJM PS u/s 10/13 UA(P)Act in which the petitioner is involved. In this connection, learned counsel for the petitioner has placed reliance on the decision of the Apex Court reported in AIR 2012 SC 2002 (Huidrom Konungao Singh Vs. State of Manipur & Ors.)",detenu,Person,0.7235
23,"The petitioner is the wife of the detenu namely Kh. Ibotombi Singh. She has filed this writ petition challenging the Annexure-A/1 order dated 6.1.2012, by which, the detenu has been detained under Section 3(2) of the National Security Act, 1980. The said order was passed when four cases one of which is FIR No. 143(6)2001 SJM PS u/s 10/13 UA(P)Act were pending against the detenu. In the order of detention, there is a reference to another case being FIR No. 210(5)2011 SJM PS u/s 20 UA(P) Act involving another accused. The ground on which the detention order has been passed states that the accused involved in FIR No. 210(5)2011 SJM PS u/s 20 UA(P) Act. having been granted bail, there is likelihood of the detenu being released on bail, although the fact of the matter is that he is not involved in the said case nor any co-accused has been released in connection with FIR No. 143(6)2001 SJM PS u/s 10/13 UA(P)Act in which the petitioner is involved. In this connection, learned counsel for the petitioner has placed reliance on the decision of the Apex Court reported in AIR 2012 SC 2002 (Huidrom Konungao Singh Vs. State of Manipur & Ors.)",Kh. Ibotombi Singh,Person,0.9186
23,"The petitioner is the wife of the detenu namely Kh. Ibotombi Singh. She has filed this writ petition challenging the Annexure-A/1 order dated 6.1.2012, by which, the detenu has been detained under Section 3(2) of the National Security Act, 1980. The said order was passed when four cases one of which is FIR No. 143(6)2001 SJM PS u/s 10/13 UA(P)Act were pending against the detenu. In the order of detention, there is a reference to another case being FIR No. 210(5)2011 SJM PS u/s 20 UA(P) Act involving another accused. The ground on which the detention order has been passed states that the accused involved in FIR No. 210(5)2011 SJM PS u/s 20 UA(P) Act. having been granted bail, there is likelihood of the detenu being released on bail, although the fact of the matter is that he is not involved in the said case nor any co-accused has been released in connection with FIR No. 143(6)2001 SJM PS u/s 10/13 UA(P)Act in which the petitioner is involved. In this connection, learned counsel for the petitioner has placed reliance on the decision of the Apex Court reported in AIR 2012 SC 2002 (Huidrom Konungao Singh Vs. State of Manipur & Ors.)",Annexure-A/1,Document,0.8337
23,"The petitioner is the wife of the detenu namely Kh. Ibotombi Singh. She has filed this writ petition challenging the Annexure-A/1 order dated 6.1.2012, by which, the detenu has been detained under Section 3(2) of the National Security Act, 1980. The said order was passed when four cases one of which is FIR No. 143(6)2001 SJM PS u/s 10/13 UA(P)Act were pending against the detenu. In the order of detention, there is a reference to another case being FIR No. 210(5)2011 SJM PS u/s 20 UA(P) Act involving another accused. The ground on which the detention order has been passed states that the accused involved in FIR No. 210(5)2011 SJM PS u/s 20 UA(P) Act. having been granted bail, there is likelihood of the detenu being released on bail, although the fact of the matter is that he is not involved in the said case nor any co-accused has been released in connection with FIR No. 143(6)2001 SJM PS u/s 10/13 UA(P)Act in which the petitioner is involved. In this connection, learned counsel for the petitioner has placed reliance on the decision of the Apex Court reported in AIR 2012 SC 2002 (Huidrom Konungao Singh Vs. State of Manipur & Ors.)",6.1.2012,Date,0.9713
23,"The petitioner is the wife of the detenu namely Kh. Ibotombi Singh. She has filed this writ petition challenging the Annexure-A/1 order dated 6.1.2012, by which, the detenu has been detained under Section 3(2) of the National Security Act, 1980. The said order was passed when four cases one of which is FIR No. 143(6)2001 SJM PS u/s 10/13 UA(P)Act were pending against the detenu. In the order of detention, there is a reference to another case being FIR No. 210(5)2011 SJM PS u/s 20 UA(P) Act involving another accused. The ground on which the detention order has been passed states that the accused involved in FIR No. 210(5)2011 SJM PS u/s 20 UA(P) Act. having been granted bail, there is likelihood of the detenu being released on bail, although the fact of the matter is that he is not involved in the said case nor any co-accused has been released in connection with FIR No. 143(6)2001 SJM PS u/s 10/13 UA(P)Act in which the petitioner is involved. In this connection, learned counsel for the petitioner has placed reliance on the decision of the Apex Court reported in AIR 2012 SC 2002 (Huidrom Konungao Singh Vs. State of Manipur & Ors.)",detenu,Person,0.7711
23,"The petitioner is the wife of the detenu namely Kh. Ibotombi Singh. She has filed this writ petition challenging the Annexure-A/1 order dated 6.1.2012, by which, the detenu has been detained under Section 3(2) of the National Security Act, 1980. The said order was passed when four cases one of which is FIR No. 143(6)2001 SJM PS u/s 10/13 UA(P)Act were pending against the detenu. In the order of detention, there is a reference to another case being FIR No. 210(5)2011 SJM PS u/s 20 UA(P) Act involving another accused. The ground on which the detention order has been passed states that the accused involved in FIR No. 210(5)2011 SJM PS u/s 20 UA(P) Act. having been granted bail, there is likelihood of the detenu being released on bail, although the fact of the matter is that he is not involved in the said case nor any co-accused has been released in connection with FIR No. 143(6)2001 SJM PS u/s 10/13 UA(P)Act in which the petitioner is involved. In this connection, learned counsel for the petitioner has placed reliance on the decision of the Apex Court reported in AIR 2012 SC 2002 (Huidrom Konungao Singh Vs. State of Manipur & Ors.)",Section 3(2),Section,0.9509
23,"The petitioner is the wife of the detenu namely Kh. Ibotombi Singh. She has filed this writ petition challenging the Annexure-A/1 order dated 6.1.2012, by which, the detenu has been detained under Section 3(2) of the National Security Act, 1980. The said order was passed when four cases one of which is FIR No. 143(6)2001 SJM PS u/s 10/13 UA(P)Act were pending against the detenu. In the order of detention, there is a reference to another case being FIR No. 210(5)2011 SJM PS u/s 20 UA(P) Act involving another accused. The ground on which the detention order has been passed states that the accused involved in FIR No. 210(5)2011 SJM PS u/s 20 UA(P) Act. having been granted bail, there is likelihood of the detenu being released on bail, although the fact of the matter is that he is not involved in the said case nor any co-accused has been released in connection with FIR No. 143(6)2001 SJM PS u/s 10/13 UA(P)Act in which the petitioner is involved. In this connection, learned counsel for the petitioner has placed reliance on the decision of the Apex Court reported in AIR 2012 SC 2002 (Huidrom Konungao Singh Vs. State of Manipur & Ors.)","National Security Act, 1980",Law,0.8491
23,"The petitioner is the wife of the detenu namely Kh. Ibotombi Singh. She has filed this writ petition challenging the Annexure-A/1 order dated 6.1.2012, by which, the detenu has been detained under Section 3(2) of the National Security Act, 1980. The said order was passed when four cases one of which is FIR No. 143(6)2001 SJM PS u/s 10/13 UA(P)Act were pending against the detenu. In the order of detention, there is a reference to another case being FIR No. 210(5)2011 SJM PS u/s 20 UA(P) Act involving another accused. The ground on which the detention order has been passed states that the accused involved in FIR No. 210(5)2011 SJM PS u/s 20 UA(P) Act. having been granted bail, there is likelihood of the detenu being released on bail, although the fact of the matter is that he is not involved in the said case nor any co-accused has been released in connection with FIR No. 143(6)2001 SJM PS u/s 10/13 UA(P)Act in which the petitioner is involved. In this connection, learned counsel for the petitioner has placed reliance on the decision of the Apex Court reported in AIR 2012 SC 2002 (Huidrom Konungao Singh Vs. State of Manipur & Ors.)",FIR No. 143(6)2001,Case Number,0.9629
23,"The petitioner is the wife of the detenu namely Kh. Ibotombi Singh. She has filed this writ petition challenging the Annexure-A/1 order dated 6.1.2012, by which, the detenu has been detained under Section 3(2) of the National Security Act, 1980. The said order was passed when four cases one of which is FIR No. 143(6)2001 SJM PS u/s 10/13 UA(P)Act were pending against the detenu. In the order of detention, there is a reference to another case being FIR No. 210(5)2011 SJM PS u/s 20 UA(P) Act involving another accused. The ground on which the detention order has been passed states that the accused involved in FIR No. 210(5)2011 SJM PS u/s 20 UA(P) Act. having been granted bail, there is likelihood of the detenu being released on bail, although the fact of the matter is that he is not involved in the said case nor any co-accused has been released in connection with FIR No. 143(6)2001 SJM PS u/s 10/13 UA(P)Act in which the petitioner is involved. In this connection, learned counsel for the petitioner has placed reliance on the decision of the Apex Court reported in AIR 2012 SC 2002 (Huidrom Konungao Singh Vs. State of Manipur & Ors.)",SJM PS,Police Station,0.934
23,"The petitioner is the wife of the detenu namely Kh. Ibotombi Singh. She has filed this writ petition challenging the Annexure-A/1 order dated 6.1.2012, by which, the detenu has been detained under Section 3(2) of the National Security Act, 1980. The said order was passed when four cases one of which is FIR No. 143(6)2001 SJM PS u/s 10/13 UA(P)Act were pending against the detenu. In the order of detention, there is a reference to another case being FIR No. 210(5)2011 SJM PS u/s 20 UA(P) Act involving another accused. The ground on which the detention order has been passed states that the accused involved in FIR No. 210(5)2011 SJM PS u/s 20 UA(P) Act. having been granted bail, there is likelihood of the detenu being released on bail, although the fact of the matter is that he is not involved in the said case nor any co-accused has been released in connection with FIR No. 143(6)2001 SJM PS u/s 10/13 UA(P)Act in which the petitioner is involved. In this connection, learned counsel for the petitioner has placed reliance on the decision of the Apex Court reported in AIR 2012 SC 2002 (Huidrom Konungao Singh Vs. State of Manipur & Ors.)",detenu,Person,0.7114
23,"The petitioner is the wife of the detenu namely Kh. Ibotombi Singh. She has filed this writ petition challenging the Annexure-A/1 order dated 6.1.2012, by which, the detenu has been detained under Section 3(2) of the National Security Act, 1980. The said order was passed when four cases one of which is FIR No. 143(6)2001 SJM PS u/s 10/13 UA(P)Act were pending against the detenu. In the order of detention, there is a reference to another case being FIR No. 210(5)2011 SJM PS u/s 20 UA(P) Act involving another accused. The ground on which the detention order has been passed states that the accused involved in FIR No. 210(5)2011 SJM PS u/s 20 UA(P) Act. having been granted bail, there is likelihood of the detenu being released on bail, although the fact of the matter is that he is not involved in the said case nor any co-accused has been released in connection with FIR No. 143(6)2001 SJM PS u/s 10/13 UA(P)Act in which the petitioner is involved. In this connection, learned counsel for the petitioner has placed reliance on the decision of the Apex Court reported in AIR 2012 SC 2002 (Huidrom Konungao Singh Vs. State of Manipur & Ors.)",FIR No. 210(5)2011,Case Number,0.947
23,"The petitioner is the wife of the detenu namely Kh. Ibotombi Singh. She has filed this writ petition challenging the Annexure-A/1 order dated 6.1.2012, by which, the detenu has been detained under Section 3(2) of the National Security Act, 1980. The said order was passed when four cases one of which is FIR No. 143(6)2001 SJM PS u/s 10/13 UA(P)Act were pending against the detenu. In the order of detention, there is a reference to another case being FIR No. 210(5)2011 SJM PS u/s 20 UA(P) Act involving another accused. The ground on which the detention order has been passed states that the accused involved in FIR No. 210(5)2011 SJM PS u/s 20 UA(P) Act. having been granted bail, there is likelihood of the detenu being released on bail, although the fact of the matter is that he is not involved in the said case nor any co-accused has been released in connection with FIR No. 143(6)2001 SJM PS u/s 10/13 UA(P)Act in which the petitioner is involved. In this connection, learned counsel for the petitioner has placed reliance on the decision of the Apex Court reported in AIR 2012 SC 2002 (Huidrom Konungao Singh Vs. State of Manipur & Ors.)",SJM PS,Police Station,0.9488
23,"The petitioner is the wife of the detenu namely Kh. Ibotombi Singh. She has filed this writ petition challenging the Annexure-A/1 order dated 6.1.2012, by which, the detenu has been detained under Section 3(2) of the National Security Act, 1980. The said order was passed when four cases one of which is FIR No. 143(6)2001 SJM PS u/s 10/13 UA(P)Act were pending against the detenu. In the order of detention, there is a reference to another case being FIR No. 210(5)2011 SJM PS u/s 20 UA(P) Act involving another accused. The ground on which the detention order has been passed states that the accused involved in FIR No. 210(5)2011 SJM PS u/s 20 UA(P) Act. having been granted bail, there is likelihood of the detenu being released on bail, although the fact of the matter is that he is not involved in the said case nor any co-accused has been released in connection with FIR No. 143(6)2001 SJM PS u/s 10/13 UA(P)Act in which the petitioner is involved. In this connection, learned counsel for the petitioner has placed reliance on the decision of the Apex Court reported in AIR 2012 SC 2002 (Huidrom Konungao Singh Vs. State of Manipur & Ors.)",s 20 UA(P) Act,Section,0.5486
23,"The petitioner is the wife of the detenu namely Kh. Ibotombi Singh. She has filed this writ petition challenging the Annexure-A/1 order dated 6.1.2012, by which, the detenu has been detained under Section 3(2) of the National Security Act, 1980. The said order was passed when four cases one of which is FIR No. 143(6)2001 SJM PS u/s 10/13 UA(P)Act were pending against the detenu. In the order of detention, there is a reference to another case being FIR No. 210(5)2011 SJM PS u/s 20 UA(P) Act involving another accused. The ground on which the detention order has been passed states that the accused involved in FIR No. 210(5)2011 SJM PS u/s 20 UA(P) Act. having been granted bail, there is likelihood of the detenu being released on bail, although the fact of the matter is that he is not involved in the said case nor any co-accused has been released in connection with FIR No. 143(6)2001 SJM PS u/s 10/13 UA(P)Act in which the petitioner is involved. In this connection, learned counsel for the petitioner has placed reliance on the decision of the Apex Court reported in AIR 2012 SC 2002 (Huidrom Konungao Singh Vs. State of Manipur & Ors.)",FIR No. 210(5)2011,Case Number,0.9376
23,"The petitioner is the wife of the detenu namely Kh. Ibotombi Singh. She has filed this writ petition challenging the Annexure-A/1 order dated 6.1.2012, by which, the detenu has been detained under Section 3(2) of the National Security Act, 1980. The said order was passed when four cases one of which is FIR No. 143(6)2001 SJM PS u/s 10/13 UA(P)Act were pending against the detenu. In the order of detention, there is a reference to another case being FIR No. 210(5)2011 SJM PS u/s 20 UA(P) Act involving another accused. The ground on which the detention order has been passed states that the accused involved in FIR No. 210(5)2011 SJM PS u/s 20 UA(P) Act. having been granted bail, there is likelihood of the detenu being released on bail, although the fact of the matter is that he is not involved in the said case nor any co-accused has been released in connection with FIR No. 143(6)2001 SJM PS u/s 10/13 UA(P)Act in which the petitioner is involved. In this connection, learned counsel for the petitioner has placed reliance on the decision of the Apex Court reported in AIR 2012 SC 2002 (Huidrom Konungao Singh Vs. State of Manipur & Ors.)",SJM PS,Police Station,0.9479
23,"The petitioner is the wife of the detenu namely Kh. Ibotombi Singh. She has filed this writ petition challenging the Annexure-A/1 order dated 6.1.2012, by which, the detenu has been detained under Section 3(2) of the National Security Act, 1980. The said order was passed when four cases one of which is FIR No. 143(6)2001 SJM PS u/s 10/13 UA(P)Act were pending against the detenu. In the order of detention, there is a reference to another case being FIR No. 210(5)2011 SJM PS u/s 20 UA(P) Act involving another accused. The ground on which the detention order has been passed states that the accused involved in FIR No. 210(5)2011 SJM PS u/s 20 UA(P) Act. having been granted bail, there is likelihood of the detenu being released on bail, although the fact of the matter is that he is not involved in the said case nor any co-accused has been released in connection with FIR No. 143(6)2001 SJM PS u/s 10/13 UA(P)Act in which the petitioner is involved. In this connection, learned counsel for the petitioner has placed reliance on the decision of the Apex Court reported in AIR 2012 SC 2002 (Huidrom Konungao Singh Vs. State of Manipur & Ors.)",s 20 UA(P) Act,Section,0.6121
23,"The petitioner is the wife of the detenu namely Kh. Ibotombi Singh. She has filed this writ petition challenging the Annexure-A/1 order dated 6.1.2012, by which, the detenu has been detained under Section 3(2) of the National Security Act, 1980. The said order was passed when four cases one of which is FIR No. 143(6)2001 SJM PS u/s 10/13 UA(P)Act were pending against the detenu. In the order of detention, there is a reference to another case being FIR No. 210(5)2011 SJM PS u/s 20 UA(P) Act involving another accused. The ground on which the detention order has been passed states that the accused involved in FIR No. 210(5)2011 SJM PS u/s 20 UA(P) Act. having been granted bail, there is likelihood of the detenu being released on bail, although the fact of the matter is that he is not involved in the said case nor any co-accused has been released in connection with FIR No. 143(6)2001 SJM PS u/s 10/13 UA(P)Act in which the petitioner is involved. In this connection, learned counsel for the petitioner has placed reliance on the decision of the Apex Court reported in AIR 2012 SC 2002 (Huidrom Konungao Singh Vs. State of Manipur & Ors.)",detenu,Person,0.7746
23,"The petitioner is the wife of the detenu namely Kh. Ibotombi Singh. She has filed this writ petition challenging the Annexure-A/1 order dated 6.1.2012, by which, the detenu has been detained under Section 3(2) of the National Security Act, 1980. The said order was passed when four cases one of which is FIR No. 143(6)2001 SJM PS u/s 10/13 UA(P)Act were pending against the detenu. In the order of detention, there is a reference to another case being FIR No. 210(5)2011 SJM PS u/s 20 UA(P) Act involving another accused. The ground on which the detention order has been passed states that the accused involved in FIR No. 210(5)2011 SJM PS u/s 20 UA(P) Act. having been granted bail, there is likelihood of the detenu being released on bail, although the fact of the matter is that he is not involved in the said case nor any co-accused has been released in connection with FIR No. 143(6)2001 SJM PS u/s 10/13 UA(P)Act in which the petitioner is involved. In this connection, learned counsel for the petitioner has placed reliance on the decision of the Apex Court reported in AIR 2012 SC 2002 (Huidrom Konungao Singh Vs. State of Manipur & Ors.)",FIR No. 143(6)2001,Case Number,0.9518
23,"The petitioner is the wife of the detenu namely Kh. Ibotombi Singh. She has filed this writ petition challenging the Annexure-A/1 order dated 6.1.2012, by which, the detenu has been detained under Section 3(2) of the National Security Act, 1980. The said order was passed when four cases one of which is FIR No. 143(6)2001 SJM PS u/s 10/13 UA(P)Act were pending against the detenu. In the order of detention, there is a reference to another case being FIR No. 210(5)2011 SJM PS u/s 20 UA(P) Act involving another accused. The ground on which the detention order has been passed states that the accused involved in FIR No. 210(5)2011 SJM PS u/s 20 UA(P) Act. having been granted bail, there is likelihood of the detenu being released on bail, although the fact of the matter is that he is not involved in the said case nor any co-accused has been released in connection with FIR No. 143(6)2001 SJM PS u/s 10/13 UA(P)Act in which the petitioner is involved. In this connection, learned counsel for the petitioner has placed reliance on the decision of the Apex Court reported in AIR 2012 SC 2002 (Huidrom Konungao Singh Vs. State of Manipur & Ors.)",SJM PS,Police Station,0.9587
23,"The petitioner is the wife of the detenu namely Kh. Ibotombi Singh. She has filed this writ petition challenging the Annexure-A/1 order dated 6.1.2012, by which, the detenu has been detained under Section 3(2) of the National Security Act, 1980. The said order was passed when four cases one of which is FIR No. 143(6)2001 SJM PS u/s 10/13 UA(P)Act were pending against the detenu. In the order of detention, there is a reference to another case being FIR No. 210(5)2011 SJM PS u/s 20 UA(P) Act involving another accused. The ground on which the detention order has been passed states that the accused involved in FIR No. 210(5)2011 SJM PS u/s 20 UA(P) Act. having been granted bail, there is likelihood of the detenu being released on bail, although the fact of the matter is that he is not involved in the said case nor any co-accused has been released in connection with FIR No. 143(6)2001 SJM PS u/s 10/13 UA(P)Act in which the petitioner is involved. In this connection, learned counsel for the petitioner has placed reliance on the decision of the Apex Court reported in AIR 2012 SC 2002 (Huidrom Konungao Singh Vs. State of Manipur & Ors.)",s 10/13 UA(P)Act,Section,0.5195
23,"The petitioner is the wife of the detenu namely Kh. Ibotombi Singh. She has filed this writ petition challenging the Annexure-A/1 order dated 6.1.2012, by which, the detenu has been detained under Section 3(2) of the National Security Act, 1980. The said order was passed when four cases one of which is FIR No. 143(6)2001 SJM PS u/s 10/13 UA(P)Act were pending against the detenu. In the order of detention, there is a reference to another case being FIR No. 210(5)2011 SJM PS u/s 20 UA(P) Act involving another accused. The ground on which the detention order has been passed states that the accused involved in FIR No. 210(5)2011 SJM PS u/s 20 UA(P) Act. having been granted bail, there is likelihood of the detenu being released on bail, although the fact of the matter is that he is not involved in the said case nor any co-accused has been released in connection with FIR No. 143(6)2001 SJM PS u/s 10/13 UA(P)Act in which the petitioner is involved. In this connection, learned counsel for the petitioner has placed reliance on the decision of the Apex Court reported in AIR 2012 SC 2002 (Huidrom Konungao Singh Vs. State of Manipur & Ors.)",petitioner,Person,0.8298
23,"The petitioner is the wife of the detenu namely Kh. Ibotombi Singh. She has filed this writ petition challenging the Annexure-A/1 order dated 6.1.2012, by which, the detenu has been detained under Section 3(2) of the National Security Act, 1980. The said order was passed when four cases one of which is FIR No. 143(6)2001 SJM PS u/s 10/13 UA(P)Act were pending against the detenu. In the order of detention, there is a reference to another case being FIR No. 210(5)2011 SJM PS u/s 20 UA(P) Act involving another accused. The ground on which the detention order has been passed states that the accused involved in FIR No. 210(5)2011 SJM PS u/s 20 UA(P) Act. having been granted bail, there is likelihood of the detenu being released on bail, although the fact of the matter is that he is not involved in the said case nor any co-accused has been released in connection with FIR No. 143(6)2001 SJM PS u/s 10/13 UA(P)Act in which the petitioner is involved. In this connection, learned counsel for the petitioner has placed reliance on the decision of the Apex Court reported in AIR 2012 SC 2002 (Huidrom Konungao Singh Vs. State of Manipur & Ors.)",the petitioner,Person,0.8381
23,"The petitioner is the wife of the detenu namely Kh. Ibotombi Singh. She has filed this writ petition challenging the Annexure-A/1 order dated 6.1.2012, by which, the detenu has been detained under Section 3(2) of the National Security Act, 1980. The said order was passed when four cases one of which is FIR No. 143(6)2001 SJM PS u/s 10/13 UA(P)Act were pending against the detenu. In the order of detention, there is a reference to another case being FIR No. 210(5)2011 SJM PS u/s 20 UA(P) Act involving another accused. The ground on which the detention order has been passed states that the accused involved in FIR No. 210(5)2011 SJM PS u/s 20 UA(P) Act. having been granted bail, there is likelihood of the detenu being released on bail, although the fact of the matter is that he is not involved in the said case nor any co-accused has been released in connection with FIR No. 143(6)2001 SJM PS u/s 10/13 UA(P)Act in which the petitioner is involved. In this connection, learned counsel for the petitioner has placed reliance on the decision of the Apex Court reported in AIR 2012 SC 2002 (Huidrom Konungao Singh Vs. State of Manipur & Ors.)",Apex Court,Court,0.928
23,"The petitioner is the wife of the detenu namely Kh. Ibotombi Singh. She has filed this writ petition challenging the Annexure-A/1 order dated 6.1.2012, by which, the detenu has been detained under Section 3(2) of the National Security Act, 1980. The said order was passed when four cases one of which is FIR No. 143(6)2001 SJM PS u/s 10/13 UA(P)Act were pending against the detenu. In the order of detention, there is a reference to another case being FIR No. 210(5)2011 SJM PS u/s 20 UA(P) Act involving another accused. The ground on which the detention order has been passed states that the accused involved in FIR No. 210(5)2011 SJM PS u/s 20 UA(P) Act. having been granted bail, there is likelihood of the detenu being released on bail, although the fact of the matter is that he is not involved in the said case nor any co-accused has been released in connection with FIR No. 143(6)2001 SJM PS u/s 10/13 UA(P)Act in which the petitioner is involved. In this connection, learned counsel for the petitioner has placed reliance on the decision of the Apex Court reported in AIR 2012 SC 2002 (Huidrom Konungao Singh Vs. State of Manipur & Ors.)",Huidrom Konungao Singh,Person,0.7449
24,"By means of this writ petition, the petitioner, who is the wife of the detenu Mr. Marim Sanglien Chothe, has challenged the order of detention dated 3.4.2012 (Annexure-N/1), issued by the District Magistrate, Churachandpur and all consequential orders of confirmation etc. According to the petitioner, the order dated 3.4.2012 and the grounds of detention conveyed by letter dated 5.4.2012 are not sustainable in law as there was no material before the detaining authority towards passing the said orders. It is the case of the petitioners that there was absolutely no material towards formation of the subjective satisfaction as required in passing an order of detention under Section 3 of the NSA. Another ground urged is that the representation made by the detenu having not been disposed of by the respondent No.1 i.e. the Government of Manipur, on that ground alone, the impugned order of detention is liable to be interfered with. In this connection, the learned counsel for the petitioner has referred to the statement made in paragraph 17 of the writ petition,",petitioner,Person,0.8733
24,"By means of this writ petition, the petitioner, who is the wife of the detenu Mr. Marim Sanglien Chothe, has challenged the order of detention dated 3.4.2012 (Annexure-N/1), issued by the District Magistrate, Churachandpur and all consequential orders of confirmation etc. According to the petitioner, the order dated 3.4.2012 and the grounds of detention conveyed by letter dated 5.4.2012 are not sustainable in law as there was no material before the detaining authority towards passing the said orders. It is the case of the petitioners that there was absolutely no material towards formation of the subjective satisfaction as required in passing an order of detention under Section 3 of the NSA. Another ground urged is that the representation made by the detenu having not been disposed of by the respondent No.1 i.e. the Government of Manipur, on that ground alone, the impugned order of detention is liable to be interfered with. In this connection, the learned counsel for the petitioner has referred to the statement made in paragraph 17 of the writ petition,",Mr. Marim Sanglien Chothe,Person,0.7031
24,"By means of this writ petition, the petitioner, who is the wife of the detenu Mr. Marim Sanglien Chothe, has challenged the order of detention dated 3.4.2012 (Annexure-N/1), issued by the District Magistrate, Churachandpur and all consequential orders of confirmation etc. According to the petitioner, the order dated 3.4.2012 and the grounds of detention conveyed by letter dated 5.4.2012 are not sustainable in law as there was no material before the detaining authority towards passing the said orders. It is the case of the petitioners that there was absolutely no material towards formation of the subjective satisfaction as required in passing an order of detention under Section 3 of the NSA. Another ground urged is that the representation made by the detenu having not been disposed of by the respondent No.1 i.e. the Government of Manipur, on that ground alone, the impugned order of detention is liable to be interfered with. In this connection, the learned counsel for the petitioner has referred to the statement made in paragraph 17 of the writ petition,",3.4.2012,Date,0.9808
24,"By means of this writ petition, the petitioner, who is the wife of the detenu Mr. Marim Sanglien Chothe, has challenged the order of detention dated 3.4.2012 (Annexure-N/1), issued by the District Magistrate, Churachandpur and all consequential orders of confirmation etc. According to the petitioner, the order dated 3.4.2012 and the grounds of detention conveyed by letter dated 5.4.2012 are not sustainable in law as there was no material before the detaining authority towards passing the said orders. It is the case of the petitioners that there was absolutely no material towards formation of the subjective satisfaction as required in passing an order of detention under Section 3 of the NSA. Another ground urged is that the representation made by the detenu having not been disposed of by the respondent No.1 i.e. the Government of Manipur, on that ground alone, the impugned order of detention is liable to be interfered with. In this connection, the learned counsel for the petitioner has referred to the statement made in paragraph 17 of the writ petition,",Annexure-N/1,Document,0.889
24,"By means of this writ petition, the petitioner, who is the wife of the detenu Mr. Marim Sanglien Chothe, has challenged the order of detention dated 3.4.2012 (Annexure-N/1), issued by the District Magistrate, Churachandpur and all consequential orders of confirmation etc. According to the petitioner, the order dated 3.4.2012 and the grounds of detention conveyed by letter dated 5.4.2012 are not sustainable in law as there was no material before the detaining authority towards passing the said orders. It is the case of the petitioners that there was absolutely no material towards formation of the subjective satisfaction as required in passing an order of detention under Section 3 of the NSA. Another ground urged is that the representation made by the detenu having not been disposed of by the respondent No.1 i.e. the Government of Manipur, on that ground alone, the impugned order of detention is liable to be interfered with. In this connection, the learned counsel for the petitioner has referred to the statement made in paragraph 17 of the writ petition,","District Magistrate, Churachandpur",Court,0.7398
24,"By means of this writ petition, the petitioner, who is the wife of the detenu Mr. Marim Sanglien Chothe, has challenged the order of detention dated 3.4.2012 (Annexure-N/1), issued by the District Magistrate, Churachandpur and all consequential orders of confirmation etc. According to the petitioner, the order dated 3.4.2012 and the grounds of detention conveyed by letter dated 5.4.2012 are not sustainable in law as there was no material before the detaining authority towards passing the said orders. It is the case of the petitioners that there was absolutely no material towards formation of the subjective satisfaction as required in passing an order of detention under Section 3 of the NSA. Another ground urged is that the representation made by the detenu having not been disposed of by the respondent No.1 i.e. the Government of Manipur, on that ground alone, the impugned order of detention is liable to be interfered with. In this connection, the learned counsel for the petitioner has referred to the statement made in paragraph 17 of the writ petition,",petitioner,Person,0.9166
24,"By means of this writ petition, the petitioner, who is the wife of the detenu Mr. Marim Sanglien Chothe, has challenged the order of detention dated 3.4.2012 (Annexure-N/1), issued by the District Magistrate, Churachandpur and all consequential orders of confirmation etc. According to the petitioner, the order dated 3.4.2012 and the grounds of detention conveyed by letter dated 5.4.2012 are not sustainable in law as there was no material before the detaining authority towards passing the said orders. It is the case of the petitioners that there was absolutely no material towards formation of the subjective satisfaction as required in passing an order of detention under Section 3 of the NSA. Another ground urged is that the representation made by the detenu having not been disposed of by the respondent No.1 i.e. the Government of Manipur, on that ground alone, the impugned order of detention is liable to be interfered with. In this connection, the learned counsel for the petitioner has referred to the statement made in paragraph 17 of the writ petition,",3.4.2012,Date,0.9618
24,"By means of this writ petition, the petitioner, who is the wife of the detenu Mr. Marim Sanglien Chothe, has challenged the order of detention dated 3.4.2012 (Annexure-N/1), issued by the District Magistrate, Churachandpur and all consequential orders of confirmation etc. According to the petitioner, the order dated 3.4.2012 and the grounds of detention conveyed by letter dated 5.4.2012 are not sustainable in law as there was no material before the detaining authority towards passing the said orders. It is the case of the petitioners that there was absolutely no material towards formation of the subjective satisfaction as required in passing an order of detention under Section 3 of the NSA. Another ground urged is that the representation made by the detenu having not been disposed of by the respondent No.1 i.e. the Government of Manipur, on that ground alone, the impugned order of detention is liable to be interfered with. In this connection, the learned counsel for the petitioner has referred to the statement made in paragraph 17 of the writ petition,",5.4.2012,Date,0.5925
24,"By means of this writ petition, the petitioner, who is the wife of the detenu Mr. Marim Sanglien Chothe, has challenged the order of detention dated 3.4.2012 (Annexure-N/1), issued by the District Magistrate, Churachandpur and all consequential orders of confirmation etc. According to the petitioner, the order dated 3.4.2012 and the grounds of detention conveyed by letter dated 5.4.2012 are not sustainable in law as there was no material before the detaining authority towards passing the said orders. It is the case of the petitioners that there was absolutely no material towards formation of the subjective satisfaction as required in passing an order of detention under Section 3 of the NSA. Another ground urged is that the representation made by the detenu having not been disposed of by the respondent No.1 i.e. the Government of Manipur, on that ground alone, the impugned order of detention is liable to be interfered with. In this connection, the learned counsel for the petitioner has referred to the statement made in paragraph 17 of the writ petition,",Section 3,Section,0.8936
24,"By means of this writ petition, the petitioner, who is the wife of the detenu Mr. Marim Sanglien Chothe, has challenged the order of detention dated 3.4.2012 (Annexure-N/1), issued by the District Magistrate, Churachandpur and all consequential orders of confirmation etc. According to the petitioner, the order dated 3.4.2012 and the grounds of detention conveyed by letter dated 5.4.2012 are not sustainable in law as there was no material before the detaining authority towards passing the said orders. It is the case of the petitioners that there was absolutely no material towards formation of the subjective satisfaction as required in passing an order of detention under Section 3 of the NSA. Another ground urged is that the representation made by the detenu having not been disposed of by the respondent No.1 i.e. the Government of Manipur, on that ground alone, the impugned order of detention is liable to be interfered with. In this connection, the learned counsel for the petitioner has referred to the statement made in paragraph 17 of the writ petition,",NSA,Law,0.8788
24,"By means of this writ petition, the petitioner, who is the wife of the detenu Mr. Marim Sanglien Chothe, has challenged the order of detention dated 3.4.2012 (Annexure-N/1), issued by the District Magistrate, Churachandpur and all consequential orders of confirmation etc. According to the petitioner, the order dated 3.4.2012 and the grounds of detention conveyed by letter dated 5.4.2012 are not sustainable in law as there was no material before the detaining authority towards passing the said orders. It is the case of the petitioners that there was absolutely no material towards formation of the subjective satisfaction as required in passing an order of detention under Section 3 of the NSA. Another ground urged is that the representation made by the detenu having not been disposed of by the respondent No.1 i.e. the Government of Manipur, on that ground alone, the impugned order of detention is liable to be interfered with. In this connection, the learned counsel for the petitioner has referred to the statement made in paragraph 17 of the writ petition,",petitioner,Person,0.8683
25,"This appeal is directed against the judgment and order, dated 06-09-2007, passed by the learned Sessions Judge, Dibrugarh, in Sessions Case No. 142 of 2002, convicting the accused-appellant, namely, Munu Mura, under Sections 302 and 201 read with Section 34 IPC and sentencing him to undergo, for his conviction under Section 302 read with Section 34 IPC, imprisonment for life and pay a fine of Rs.5,000/- and, in default of payment of fine, suffer rigorous imprisonment for a period of two months and to further undergo, for his conviction under Section 201 read with Section 34 IPC, rigorous imprisonment for two years, both the sentences having been directed to run concurrently.",judgment and order,Document,0.9417
25,"This appeal is directed against the judgment and order, dated 06-09-2007, passed by the learned Sessions Judge, Dibrugarh, in Sessions Case No. 142 of 2002, convicting the accused-appellant, namely, Munu Mura, under Sections 302 and 201 read with Section 34 IPC and sentencing him to undergo, for his conviction under Section 302 read with Section 34 IPC, imprisonment for life and pay a fine of Rs.5,000/- and, in default of payment of fine, suffer rigorous imprisonment for a period of two months and to further undergo, for his conviction under Section 201 read with Section 34 IPC, rigorous imprisonment for two years, both the sentences having been directed to run concurrently.",06-09-2007,Date,0.9634
25,"This appeal is directed against the judgment and order, dated 06-09-2007, passed by the learned Sessions Judge, Dibrugarh, in Sessions Case No. 142 of 2002, convicting the accused-appellant, namely, Munu Mura, under Sections 302 and 201 read with Section 34 IPC and sentencing him to undergo, for his conviction under Section 302 read with Section 34 IPC, imprisonment for life and pay a fine of Rs.5,000/- and, in default of payment of fine, suffer rigorous imprisonment for a period of two months and to further undergo, for his conviction under Section 201 read with Section 34 IPC, rigorous imprisonment for two years, both the sentences having been directed to run concurrently.","Sessions Judge, Dibrugarh",Court,0.6439
25,"This appeal is directed against the judgment and order, dated 06-09-2007, passed by the learned Sessions Judge, Dibrugarh, in Sessions Case No. 142 of 2002, convicting the accused-appellant, namely, Munu Mura, under Sections 302 and 201 read with Section 34 IPC and sentencing him to undergo, for his conviction under Section 302 read with Section 34 IPC, imprisonment for life and pay a fine of Rs.5,000/- and, in default of payment of fine, suffer rigorous imprisonment for a period of two months and to further undergo, for his conviction under Section 201 read with Section 34 IPC, rigorous imprisonment for two years, both the sentences having been directed to run concurrently.",Sessions Case No. 142 of 2002,Case Number,0.9843
25,"This appeal is directed against the judgment and order, dated 06-09-2007, passed by the learned Sessions Judge, Dibrugarh, in Sessions Case No. 142 of 2002, convicting the accused-appellant, namely, Munu Mura, under Sections 302 and 201 read with Section 34 IPC and sentencing him to undergo, for his conviction under Section 302 read with Section 34 IPC, imprisonment for life and pay a fine of Rs.5,000/- and, in default of payment of fine, suffer rigorous imprisonment for a period of two months and to further undergo, for his conviction under Section 201 read with Section 34 IPC, rigorous imprisonment for two years, both the sentences having been directed to run concurrently.",accused-appellant,Person,0.6387
25,"This appeal is directed against the judgment and order, dated 06-09-2007, passed by the learned Sessions Judge, Dibrugarh, in Sessions Case No. 142 of 2002, convicting the accused-appellant, namely, Munu Mura, under Sections 302 and 201 read with Section 34 IPC and sentencing him to undergo, for his conviction under Section 302 read with Section 34 IPC, imprisonment for life and pay a fine of Rs.5,000/- and, in default of payment of fine, suffer rigorous imprisonment for a period of two months and to further undergo, for his conviction under Section 201 read with Section 34 IPC, rigorous imprisonment for two years, both the sentences having been directed to run concurrently.",Munu Mura,Person,0.9767
25,"This appeal is directed against the judgment and order, dated 06-09-2007, passed by the learned Sessions Judge, Dibrugarh, in Sessions Case No. 142 of 2002, convicting the accused-appellant, namely, Munu Mura, under Sections 302 and 201 read with Section 34 IPC and sentencing him to undergo, for his conviction under Section 302 read with Section 34 IPC, imprisonment for life and pay a fine of Rs.5,000/- and, in default of payment of fine, suffer rigorous imprisonment for a period of two months and to further undergo, for his conviction under Section 201 read with Section 34 IPC, rigorous imprisonment for two years, both the sentences having been directed to run concurrently.",Section 34,Section,0.7883
25,"This appeal is directed against the judgment and order, dated 06-09-2007, passed by the learned Sessions Judge, Dibrugarh, in Sessions Case No. 142 of 2002, convicting the accused-appellant, namely, Munu Mura, under Sections 302 and 201 read with Section 34 IPC and sentencing him to undergo, for his conviction under Section 302 read with Section 34 IPC, imprisonment for life and pay a fine of Rs.5,000/- and, in default of payment of fine, suffer rigorous imprisonment for a period of two months and to further undergo, for his conviction under Section 201 read with Section 34 IPC, rigorous imprisonment for two years, both the sentences having been directed to run concurrently.",IPC,Law,0.6386
25,"This appeal is directed against the judgment and order, dated 06-09-2007, passed by the learned Sessions Judge, Dibrugarh, in Sessions Case No. 142 of 2002, convicting the accused-appellant, namely, Munu Mura, under Sections 302 and 201 read with Section 34 IPC and sentencing him to undergo, for his conviction under Section 302 read with Section 34 IPC, imprisonment for life and pay a fine of Rs.5,000/- and, in default of payment of fine, suffer rigorous imprisonment for a period of two months and to further undergo, for his conviction under Section 201 read with Section 34 IPC, rigorous imprisonment for two years, both the sentences having been directed to run concurrently.",Section 302,Section,0.8633
25,"This appeal is directed against the judgment and order, dated 06-09-2007, passed by the learned Sessions Judge, Dibrugarh, in Sessions Case No. 142 of 2002, convicting the accused-appellant, namely, Munu Mura, under Sections 302 and 201 read with Section 34 IPC and sentencing him to undergo, for his conviction under Section 302 read with Section 34 IPC, imprisonment for life and pay a fine of Rs.5,000/- and, in default of payment of fine, suffer rigorous imprisonment for a period of two months and to further undergo, for his conviction under Section 201 read with Section 34 IPC, rigorous imprisonment for two years, both the sentences having been directed to run concurrently.",Section 34,Section,0.7892
25,"This appeal is directed against the judgment and order, dated 06-09-2007, passed by the learned Sessions Judge, Dibrugarh, in Sessions Case No. 142 of 2002, convicting the accused-appellant, namely, Munu Mura, under Sections 302 and 201 read with Section 34 IPC and sentencing him to undergo, for his conviction under Section 302 read with Section 34 IPC, imprisonment for life and pay a fine of Rs.5,000/- and, in default of payment of fine, suffer rigorous imprisonment for a period of two months and to further undergo, for his conviction under Section 201 read with Section 34 IPC, rigorous imprisonment for two years, both the sentences having been directed to run concurrently.",IPC,Law,0.5823
25,"This appeal is directed against the judgment and order, dated 06-09-2007, passed by the learned Sessions Judge, Dibrugarh, in Sessions Case No. 142 of 2002, convicting the accused-appellant, namely, Munu Mura, under Sections 302 and 201 read with Section 34 IPC and sentencing him to undergo, for his conviction under Section 302 read with Section 34 IPC, imprisonment for life and pay a fine of Rs.5,000/- and, in default of payment of fine, suffer rigorous imprisonment for a period of two months and to further undergo, for his conviction under Section 201 read with Section 34 IPC, rigorous imprisonment for two years, both the sentences having been directed to run concurrently.",Section 201,Section,0.8934
25,"This appeal is directed against the judgment and order, dated 06-09-2007, passed by the learned Sessions Judge, Dibrugarh, in Sessions Case No. 142 of 2002, convicting the accused-appellant, namely, Munu Mura, under Sections 302 and 201 read with Section 34 IPC and sentencing him to undergo, for his conviction under Section 302 read with Section 34 IPC, imprisonment for life and pay a fine of Rs.5,000/- and, in default of payment of fine, suffer rigorous imprisonment for a period of two months and to further undergo, for his conviction under Section 201 read with Section 34 IPC, rigorous imprisonment for two years, both the sentences having been directed to run concurrently.",Section 34 IPC,Section,0.7782
26,"This appeal has been preferred against the judgment and order, dated 22-02-2008, passed, by the learned Sessions Judge, Darrang, Mangaldoi, in Sessions Case No. 11 (DM) 2006, convicting the accused-appellant, under Section 302 IPC and sentencing him to suffer imprisonment for life and pay fine of Rs.5,000/- and, in default of payment of fine, suffer rigorous imprisonment for a period of three months.",judgment and order,Document,0.9294
26,"This appeal has been preferred against the judgment and order, dated 22-02-2008, passed, by the learned Sessions Judge, Darrang, Mangaldoi, in Sessions Case No. 11 (DM) 2006, convicting the accused-appellant, under Section 302 IPC and sentencing him to suffer imprisonment for life and pay fine of Rs.5,000/- and, in default of payment of fine, suffer rigorous imprisonment for a period of three months.",22-02-2008,Date,0.9635
26,"This appeal has been preferred against the judgment and order, dated 22-02-2008, passed, by the learned Sessions Judge, Darrang, Mangaldoi, in Sessions Case No. 11 (DM) 2006, convicting the accused-appellant, under Section 302 IPC and sentencing him to suffer imprisonment for life and pay fine of Rs.5,000/- and, in default of payment of fine, suffer rigorous imprisonment for a period of three months.",Darrang,Police Station,0.5828
26,"This appeal has been preferred against the judgment and order, dated 22-02-2008, passed, by the learned Sessions Judge, Darrang, Mangaldoi, in Sessions Case No. 11 (DM) 2006, convicting the accused-appellant, under Section 302 IPC and sentencing him to suffer imprisonment for life and pay fine of Rs.5,000/- and, in default of payment of fine, suffer rigorous imprisonment for a period of three months.",Sessions Case No. 11 (DM) 2006,Case Number,0.9571
26,"This appeal has been preferred against the judgment and order, dated 22-02-2008, passed, by the learned Sessions Judge, Darrang, Mangaldoi, in Sessions Case No. 11 (DM) 2006, convicting the accused-appellant, under Section 302 IPC and sentencing him to suffer imprisonment for life and pay fine of Rs.5,000/- and, in default of payment of fine, suffer rigorous imprisonment for a period of three months.",accused-appellant,Person,0.8538
26,"This appeal has been preferred against the judgment and order, dated 22-02-2008, passed, by the learned Sessions Judge, Darrang, Mangaldoi, in Sessions Case No. 11 (DM) 2006, convicting the accused-appellant, under Section 302 IPC and sentencing him to suffer imprisonment for life and pay fine of Rs.5,000/- and, in default of payment of fine, suffer rigorous imprisonment for a period of three months.",Section 302 IPC,Section,0.8932
27,"Age is the important factor in the case involving offence of rape under Section 376 IPC. As per medical evidence led by PW-7 the prosecutrix was medically examined by him on 19.3.2008 in the Dhemaji Civil Hospital. As per X-ray report her age was about 18 years and below 20 years. The occurrence, as per FIR filed by the prosecutrix herself, took place some time in the last part of 2007 and she was above 16 years of age at the time of occurrence. The medical officer prepared the medical report Ext.2 recording, amongst other, the age of the prosecutrix and also stating that she was pregnant of 16 weeks with live active foetus. In view of the above medical report, it is established that the victim girl was not minor at the time of occurrence. As she was above 16 years of age she attained the age of consent.",Section 376,Section,0.8
27,"Age is the important factor in the case involving offence of rape under Section 376 IPC. As per medical evidence led by PW-7 the prosecutrix was medically examined by him on 19.3.2008 in the Dhemaji Civil Hospital. As per X-ray report her age was about 18 years and below 20 years. The occurrence, as per FIR filed by the prosecutrix herself, took place some time in the last part of 2007 and she was above 16 years of age at the time of occurrence. The medical officer prepared the medical report Ext.2 recording, amongst other, the age of the prosecutrix and also stating that she was pregnant of 16 weeks with live active foetus. In view of the above medical report, it is established that the victim girl was not minor at the time of occurrence. As she was above 16 years of age she attained the age of consent.",IPC,Law,0.5894
27,"Age is the important factor in the case involving offence of rape under Section 376 IPC. As per medical evidence led by PW-7 the prosecutrix was medically examined by him on 19.3.2008 in the Dhemaji Civil Hospital. As per X-ray report her age was about 18 years and below 20 years. The occurrence, as per FIR filed by the prosecutrix herself, took place some time in the last part of 2007 and she was above 16 years of age at the time of occurrence. The medical officer prepared the medical report Ext.2 recording, amongst other, the age of the prosecutrix and also stating that she was pregnant of 16 weeks with live active foetus. In view of the above medical report, it is established that the victim girl was not minor at the time of occurrence. As she was above 16 years of age she attained the age of consent.",PW-7,Person,0.8907
27,"Age is the important factor in the case involving offence of rape under Section 376 IPC. As per medical evidence led by PW-7 the prosecutrix was medically examined by him on 19.3.2008 in the Dhemaji Civil Hospital. As per X-ray report her age was about 18 years and below 20 years. The occurrence, as per FIR filed by the prosecutrix herself, took place some time in the last part of 2007 and she was above 16 years of age at the time of occurrence. The medical officer prepared the medical report Ext.2 recording, amongst other, the age of the prosecutrix and also stating that she was pregnant of 16 weeks with live active foetus. In view of the above medical report, it is established that the victim girl was not minor at the time of occurrence. As she was above 16 years of age she attained the age of consent.",prosecutrix,Person,0.8947
27,"Age is the important factor in the case involving offence of rape under Section 376 IPC. As per medical evidence led by PW-7 the prosecutrix was medically examined by him on 19.3.2008 in the Dhemaji Civil Hospital. As per X-ray report her age was about 18 years and below 20 years. The occurrence, as per FIR filed by the prosecutrix herself, took place some time in the last part of 2007 and she was above 16 years of age at the time of occurrence. The medical officer prepared the medical report Ext.2 recording, amongst other, the age of the prosecutrix and also stating that she was pregnant of 16 weeks with live active foetus. In view of the above medical report, it is established that the victim girl was not minor at the time of occurrence. As she was above 16 years of age she attained the age of consent.",19.3.2008,Date,0.9666
27,"Age is the important factor in the case involving offence of rape under Section 376 IPC. As per medical evidence led by PW-7 the prosecutrix was medically examined by him on 19.3.2008 in the Dhemaji Civil Hospital. As per X-ray report her age was about 18 years and below 20 years. The occurrence, as per FIR filed by the prosecutrix herself, took place some time in the last part of 2007 and she was above 16 years of age at the time of occurrence. The medical officer prepared the medical report Ext.2 recording, amongst other, the age of the prosecutrix and also stating that she was pregnant of 16 weeks with live active foetus. In view of the above medical report, it is established that the victim girl was not minor at the time of occurrence. As she was above 16 years of age she attained the age of consent.",Dhemaji Civil Hospital,Police Station,0.8644
27,"Age is the important factor in the case involving offence of rape under Section 376 IPC. As per medical evidence led by PW-7 the prosecutrix was medically examined by him on 19.3.2008 in the Dhemaji Civil Hospital. As per X-ray report her age was about 18 years and below 20 years. The occurrence, as per FIR filed by the prosecutrix herself, took place some time in the last part of 2007 and she was above 16 years of age at the time of occurrence. The medical officer prepared the medical report Ext.2 recording, amongst other, the age of the prosecutrix and also stating that she was pregnant of 16 weeks with live active foetus. In view of the above medical report, it is established that the victim girl was not minor at the time of occurrence. As she was above 16 years of age she attained the age of consent.",X-ray report,Document,0.8835
27,"Age is the important factor in the case involving offence of rape under Section 376 IPC. As per medical evidence led by PW-7 the prosecutrix was medically examined by him on 19.3.2008 in the Dhemaji Civil Hospital. As per X-ray report her age was about 18 years and below 20 years. The occurrence, as per FIR filed by the prosecutrix herself, took place some time in the last part of 2007 and she was above 16 years of age at the time of occurrence. The medical officer prepared the medical report Ext.2 recording, amongst other, the age of the prosecutrix and also stating that she was pregnant of 16 weeks with live active foetus. In view of the above medical report, it is established that the victim girl was not minor at the time of occurrence. As she was above 16 years of age she attained the age of consent.",FIR,Document,0.7995
27,"Age is the important factor in the case involving offence of rape under Section 376 IPC. As per medical evidence led by PW-7 the prosecutrix was medically examined by him on 19.3.2008 in the Dhemaji Civil Hospital. As per X-ray report her age was about 18 years and below 20 years. The occurrence, as per FIR filed by the prosecutrix herself, took place some time in the last part of 2007 and she was above 16 years of age at the time of occurrence. The medical officer prepared the medical report Ext.2 recording, amongst other, the age of the prosecutrix and also stating that she was pregnant of 16 weeks with live active foetus. In view of the above medical report, it is established that the victim girl was not minor at the time of occurrence. As she was above 16 years of age she attained the age of consent.",prosecutrix,Person,0.8983
27,"Age is the important factor in the case involving offence of rape under Section 376 IPC. As per medical evidence led by PW-7 the prosecutrix was medically examined by him on 19.3.2008 in the Dhemaji Civil Hospital. As per X-ray report her age was about 18 years and below 20 years. The occurrence, as per FIR filed by the prosecutrix herself, took place some time in the last part of 2007 and she was above 16 years of age at the time of occurrence. The medical officer prepared the medical report Ext.2 recording, amongst other, the age of the prosecutrix and also stating that she was pregnant of 16 weeks with live active foetus. In view of the above medical report, it is established that the victim girl was not minor at the time of occurrence. As she was above 16 years of age she attained the age of consent.",last part of 2007,Date,0.5271
27,"Age is the important factor in the case involving offence of rape under Section 376 IPC. As per medical evidence led by PW-7 the prosecutrix was medically examined by him on 19.3.2008 in the Dhemaji Civil Hospital. As per X-ray report her age was about 18 years and below 20 years. The occurrence, as per FIR filed by the prosecutrix herself, took place some time in the last part of 2007 and she was above 16 years of age at the time of occurrence. The medical officer prepared the medical report Ext.2 recording, amongst other, the age of the prosecutrix and also stating that she was pregnant of 16 weeks with live active foetus. In view of the above medical report, it is established that the victim girl was not minor at the time of occurrence. As she was above 16 years of age she attained the age of consent.",medical officer,Person,0.7755
27,"Age is the important factor in the case involving offence of rape under Section 376 IPC. As per medical evidence led by PW-7 the prosecutrix was medically examined by him on 19.3.2008 in the Dhemaji Civil Hospital. As per X-ray report her age was about 18 years and below 20 years. The occurrence, as per FIR filed by the prosecutrix herself, took place some time in the last part of 2007 and she was above 16 years of age at the time of occurrence. The medical officer prepared the medical report Ext.2 recording, amongst other, the age of the prosecutrix and also stating that she was pregnant of 16 weeks with live active foetus. In view of the above medical report, it is established that the victim girl was not minor at the time of occurrence. As she was above 16 years of age she attained the age of consent.",Ext.2,Document,0.628
27,"Age is the important factor in the case involving offence of rape under Section 376 IPC. As per medical evidence led by PW-7 the prosecutrix was medically examined by him on 19.3.2008 in the Dhemaji Civil Hospital. As per X-ray report her age was about 18 years and below 20 years. The occurrence, as per FIR filed by the prosecutrix herself, took place some time in the last part of 2007 and she was above 16 years of age at the time of occurrence. The medical officer prepared the medical report Ext.2 recording, amongst other, the age of the prosecutrix and also stating that she was pregnant of 16 weeks with live active foetus. In view of the above medical report, it is established that the victim girl was not minor at the time of occurrence. As she was above 16 years of age she attained the age of consent.",prosecutrix,Person,0.8844
28,"This is an appeal against the judgement and order, dated 30.01.2008, passed, in Sessions Case No. 113/2003, by the learned Additional Sessions Judge (FTC), Dibrugarh, convicting the two accused-appellants, namely, Ratneswar Konwar and Smt. Jaya Gogoi, under Sections 302 and 201 read with Section 34 IPC, and sentencing each of them to undergo, for their conviction under Section 302 read with Section 34 IPC, imprisonment for life with fine of Rs. 2,000/- and, in default of payment of fine, suffer rigorous imprisonment for another two months and also to undergo, for their conviction under Section 201 read with Section 34 IPC, rigorous imprisonment for 5 (five) years and pay fine of Rs. 1,000/- and, in default of payment of fine, suffer rigorous imprisonment for 1 (one) month, both the sentences having been directed to run concurrently.",judgement and order,Document,0.8869
28,"This is an appeal against the judgement and order, dated 30.01.2008, passed, in Sessions Case No. 113/2003, by the learned Additional Sessions Judge (FTC), Dibrugarh, convicting the two accused-appellants, namely, Ratneswar Konwar and Smt. Jaya Gogoi, under Sections 302 and 201 read with Section 34 IPC, and sentencing each of them to undergo, for their conviction under Section 302 read with Section 34 IPC, imprisonment for life with fine of Rs. 2,000/- and, in default of payment of fine, suffer rigorous imprisonment for another two months and also to undergo, for their conviction under Section 201 read with Section 34 IPC, rigorous imprisonment for 5 (five) years and pay fine of Rs. 1,000/- and, in default of payment of fine, suffer rigorous imprisonment for 1 (one) month, both the sentences having been directed to run concurrently.",30.01.2008,Date,0.9381
28,"This is an appeal against the judgement and order, dated 30.01.2008, passed, in Sessions Case No. 113/2003, by the learned Additional Sessions Judge (FTC), Dibrugarh, convicting the two accused-appellants, namely, Ratneswar Konwar and Smt. Jaya Gogoi, under Sections 302 and 201 read with Section 34 IPC, and sentencing each of them to undergo, for their conviction under Section 302 read with Section 34 IPC, imprisonment for life with fine of Rs. 2,000/- and, in default of payment of fine, suffer rigorous imprisonment for another two months and also to undergo, for their conviction under Section 201 read with Section 34 IPC, rigorous imprisonment for 5 (five) years and pay fine of Rs. 1,000/- and, in default of payment of fine, suffer rigorous imprisonment for 1 (one) month, both the sentences having been directed to run concurrently.",Sessions Case No. 113/2003,Case Number,0.9855
28,"This is an appeal against the judgement and order, dated 30.01.2008, passed, in Sessions Case No. 113/2003, by the learned Additional Sessions Judge (FTC), Dibrugarh, convicting the two accused-appellants, namely, Ratneswar Konwar and Smt. Jaya Gogoi, under Sections 302 and 201 read with Section 34 IPC, and sentencing each of them to undergo, for their conviction under Section 302 read with Section 34 IPC, imprisonment for life with fine of Rs. 2,000/- and, in default of payment of fine, suffer rigorous imprisonment for another two months and also to undergo, for their conviction under Section 201 read with Section 34 IPC, rigorous imprisonment for 5 (five) years and pay fine of Rs. 1,000/- and, in default of payment of fine, suffer rigorous imprisonment for 1 (one) month, both the sentences having been directed to run concurrently.",Dibrugarh,Police Station,0.6487
28,"This is an appeal against the judgement and order, dated 30.01.2008, passed, in Sessions Case No. 113/2003, by the learned Additional Sessions Judge (FTC), Dibrugarh, convicting the two accused-appellants, namely, Ratneswar Konwar and Smt. Jaya Gogoi, under Sections 302 and 201 read with Section 34 IPC, and sentencing each of them to undergo, for their conviction under Section 302 read with Section 34 IPC, imprisonment for life with fine of Rs. 2,000/- and, in default of payment of fine, suffer rigorous imprisonment for another two months and also to undergo, for their conviction under Section 201 read with Section 34 IPC, rigorous imprisonment for 5 (five) years and pay fine of Rs. 1,000/- and, in default of payment of fine, suffer rigorous imprisonment for 1 (one) month, both the sentences having been directed to run concurrently.",Ratneswar Konwar,Person,0.9592
28,"This is an appeal against the judgement and order, dated 30.01.2008, passed, in Sessions Case No. 113/2003, by the learned Additional Sessions Judge (FTC), Dibrugarh, convicting the two accused-appellants, namely, Ratneswar Konwar and Smt. Jaya Gogoi, under Sections 302 and 201 read with Section 34 IPC, and sentencing each of them to undergo, for their conviction under Section 302 read with Section 34 IPC, imprisonment for life with fine of Rs. 2,000/- and, in default of payment of fine, suffer rigorous imprisonment for another two months and also to undergo, for their conviction under Section 201 read with Section 34 IPC, rigorous imprisonment for 5 (five) years and pay fine of Rs. 1,000/- and, in default of payment of fine, suffer rigorous imprisonment for 1 (one) month, both the sentences having been directed to run concurrently.",Smt. Jaya Gogoi,Person,0.962
28,"This is an appeal against the judgement and order, dated 30.01.2008, passed, in Sessions Case No. 113/2003, by the learned Additional Sessions Judge (FTC), Dibrugarh, convicting the two accused-appellants, namely, Ratneswar Konwar and Smt. Jaya Gogoi, under Sections 302 and 201 read with Section 34 IPC, and sentencing each of them to undergo, for their conviction under Section 302 read with Section 34 IPC, imprisonment for life with fine of Rs. 2,000/- and, in default of payment of fine, suffer rigorous imprisonment for another two months and also to undergo, for their conviction under Section 201 read with Section 34 IPC, rigorous imprisonment for 5 (five) years and pay fine of Rs. 1,000/- and, in default of payment of fine, suffer rigorous imprisonment for 1 (one) month, both the sentences having been directed to run concurrently.",Section 34 IPC,Section,0.7897
28,"This is an appeal against the judgement and order, dated 30.01.2008, passed, in Sessions Case No. 113/2003, by the learned Additional Sessions Judge (FTC), Dibrugarh, convicting the two accused-appellants, namely, Ratneswar Konwar and Smt. Jaya Gogoi, under Sections 302 and 201 read with Section 34 IPC, and sentencing each of them to undergo, for their conviction under Section 302 read with Section 34 IPC, imprisonment for life with fine of Rs. 2,000/- and, in default of payment of fine, suffer rigorous imprisonment for another two months and also to undergo, for their conviction under Section 201 read with Section 34 IPC, rigorous imprisonment for 5 (five) years and pay fine of Rs. 1,000/- and, in default of payment of fine, suffer rigorous imprisonment for 1 (one) month, both the sentences having been directed to run concurrently.",Section 302,Section,0.8387
28,"This is an appeal against the judgement and order, dated 30.01.2008, passed, in Sessions Case No. 113/2003, by the learned Additional Sessions Judge (FTC), Dibrugarh, convicting the two accused-appellants, namely, Ratneswar Konwar and Smt. Jaya Gogoi, under Sections 302 and 201 read with Section 34 IPC, and sentencing each of them to undergo, for their conviction under Section 302 read with Section 34 IPC, imprisonment for life with fine of Rs. 2,000/- and, in default of payment of fine, suffer rigorous imprisonment for another two months and also to undergo, for their conviction under Section 201 read with Section 34 IPC, rigorous imprisonment for 5 (five) years and pay fine of Rs. 1,000/- and, in default of payment of fine, suffer rigorous imprisonment for 1 (one) month, both the sentences having been directed to run concurrently.",Section 34 IPC,Section,0.779
28,"This is an appeal against the judgement and order, dated 30.01.2008, passed, in Sessions Case No. 113/2003, by the learned Additional Sessions Judge (FTC), Dibrugarh, convicting the two accused-appellants, namely, Ratneswar Konwar and Smt. Jaya Gogoi, under Sections 302 and 201 read with Section 34 IPC, and sentencing each of them to undergo, for their conviction under Section 302 read with Section 34 IPC, imprisonment for life with fine of Rs. 2,000/- and, in default of payment of fine, suffer rigorous imprisonment for another two months and also to undergo, for their conviction under Section 201 read with Section 34 IPC, rigorous imprisonment for 5 (five) years and pay fine of Rs. 1,000/- and, in default of payment of fine, suffer rigorous imprisonment for 1 (one) month, both the sentences having been directed to run concurrently.",Section 201,Section,0.8671
28,"This is an appeal against the judgement and order, dated 30.01.2008, passed, in Sessions Case No. 113/2003, by the learned Additional Sessions Judge (FTC), Dibrugarh, convicting the two accused-appellants, namely, Ratneswar Konwar and Smt. Jaya Gogoi, under Sections 302 and 201 read with Section 34 IPC, and sentencing each of them to undergo, for their conviction under Section 302 read with Section 34 IPC, imprisonment for life with fine of Rs. 2,000/- and, in default of payment of fine, suffer rigorous imprisonment for another two months and also to undergo, for their conviction under Section 201 read with Section 34 IPC, rigorous imprisonment for 5 (five) years and pay fine of Rs. 1,000/- and, in default of payment of fine, suffer rigorous imprisonment for 1 (one) month, both the sentences having been directed to run concurrently.",Section 34 IPC,Section,0.7623
29,"Page 2 of 2 metho d adopted by respondent on them or by playing fraud or misrepresentation and, therefore, she did not ensure its compliance in the manner agreed upon in such illegal and enforcable agreement. We, therefore, see no justification to entertain this petition as in our opinion it does not disclose debatable issue on facts/law. Learned counsel for the petitioner s however contended that the petition ers may be given some more time to pay the money in terms of the agreement dated 1.3.2013 (Annexure- 6). Suffice i t to say , this contention cannot be accepted by this Court . The petitioner s in our view are always free to approach t he Bank and request for extension of time to pay . It is then for the Bank to decide whether to grant time or not. We neither express any opinion nor we go into these issues because these issues solely rest with the Bank to consider and not for Court to decide. It is for these reasons , we find no merit in the petition which thus fails and is hereby dismissed in liminie. No cost.",1.3.2013,Date,0.9405
29,"Page 2 of 2 metho d adopted by respondent on them or by playing fraud or misrepresentation and, therefore, she did not ensure its compliance in the manner agreed upon in such illegal and enforcable agreement. We, therefore, see no justification to entertain this petition as in our opinion it does not disclose debatable issue on facts/law. Learned counsel for the petitioner s however contended that the petition ers may be given some more time to pay the money in terms of the agreement dated 1.3.2013 (Annexure- 6). Suffice i t to say , this contention cannot be accepted by this Court . The petitioner s in our view are always free to approach t he Bank and request for extension of time to pay . It is then for the Bank to decide whether to grant time or not. We neither express any opinion nor we go into these issues because these issues solely rest with the Bank to consider and not for Court to decide. It is for these reasons , we find no merit in the petition which thus fails and is hereby dismissed in liminie. No cost.",Annexure- 6,Document,0.9404
29,"Page 2 of 2 metho d adopted by respondent on them or by playing fraud or misrepresentation and, therefore, she did not ensure its compliance in the manner agreed upon in such illegal and enforcable agreement. We, therefore, see no justification to entertain this petition as in our opinion it does not disclose debatable issue on facts/law. Learned counsel for the petitioner s however contended that the petition ers may be given some more time to pay the money in terms of the agreement dated 1.3.2013 (Annexure- 6). Suffice i t to say , this contention cannot be accepted by this Court . The petitioner s in our view are always free to approach t he Bank and request for extension of time to pay . It is then for the Bank to decide whether to grant time or not. We neither express any opinion nor we go into these issues because these issues solely rest with the Bank to consider and not for Court to decide. It is for these reasons , we find no merit in the petition which thus fails and is hereby dismissed in liminie. No cost.",this Court,Court,0.545
30,"While staying at the house of her husband, Hasina lodged an Ejahar, in writing, making the allegations as mentioned above against her husband. Treating the said Ejahar, as First Information Report (in short, 'FIR'), Borghat Police Station Case No. 45 of 1998, under Sections 498A/342/302/506 IPC, was registered against the accused. During investigation, police disinterred the skeletal remains of the dead-body of the baby from inside a grave in the compound of the house of the accused and inquest was, then, held over the remains of the dead body of the said baby and the same was also sent for post mortem examination. The cause of death could not be medically determined. However, on completion of investigation, police laid charge-sheet, under Sections 498A/342/302/506 IPC, against the accused.",Hasina,Person,0.9504
30,"While staying at the house of her husband, Hasina lodged an Ejahar, in writing, making the allegations as mentioned above against her husband. Treating the said Ejahar, as First Information Report (in short, 'FIR'), Borghat Police Station Case No. 45 of 1998, under Sections 498A/342/302/506 IPC, was registered against the accused. During investigation, police disinterred the skeletal remains of the dead-body of the baby from inside a grave in the compound of the house of the accused and inquest was, then, held over the remains of the dead body of the said baby and the same was also sent for post mortem examination. The cause of death could not be medically determined. However, on completion of investigation, police laid charge-sheet, under Sections 498A/342/302/506 IPC, against the accused.",Ejahar,Document,0.5959
30,"While staying at the house of her husband, Hasina lodged an Ejahar, in writing, making the allegations as mentioned above against her husband. Treating the said Ejahar, as First Information Report (in short, 'FIR'), Borghat Police Station Case No. 45 of 1998, under Sections 498A/342/302/506 IPC, was registered against the accused. During investigation, police disinterred the skeletal remains of the dead-body of the baby from inside a grave in the compound of the house of the accused and inquest was, then, held over the remains of the dead body of the said baby and the same was also sent for post mortem examination. The cause of death could not be medically determined. However, on completion of investigation, police laid charge-sheet, under Sections 498A/342/302/506 IPC, against the accused.",Ejahar,Document,0.6185
30,"While staying at the house of her husband, Hasina lodged an Ejahar, in writing, making the allegations as mentioned above against her husband. Treating the said Ejahar, as First Information Report (in short, 'FIR'), Borghat Police Station Case No. 45 of 1998, under Sections 498A/342/302/506 IPC, was registered against the accused. During investigation, police disinterred the skeletal remains of the dead-body of the baby from inside a grave in the compound of the house of the accused and inquest was, then, held over the remains of the dead body of the said baby and the same was also sent for post mortem examination. The cause of death could not be medically determined. However, on completion of investigation, police laid charge-sheet, under Sections 498A/342/302/506 IPC, against the accused.",First Information Report,Document,0.8463
30,"While staying at the house of her husband, Hasina lodged an Ejahar, in writing, making the allegations as mentioned above against her husband. Treating the said Ejahar, as First Information Report (in short, 'FIR'), Borghat Police Station Case No. 45 of 1998, under Sections 498A/342/302/506 IPC, was registered against the accused. During investigation, police disinterred the skeletal remains of the dead-body of the baby from inside a grave in the compound of the house of the accused and inquest was, then, held over the remains of the dead body of the said baby and the same was also sent for post mortem examination. The cause of death could not be medically determined. However, on completion of investigation, police laid charge-sheet, under Sections 498A/342/302/506 IPC, against the accused.",FIR,Document,0.6241
30,"While staying at the house of her husband, Hasina lodged an Ejahar, in writing, making the allegations as mentioned above against her husband. Treating the said Ejahar, as First Information Report (in short, 'FIR'), Borghat Police Station Case No. 45 of 1998, under Sections 498A/342/302/506 IPC, was registered against the accused. During investigation, police disinterred the skeletal remains of the dead-body of the baby from inside a grave in the compound of the house of the accused and inquest was, then, held over the remains of the dead body of the said baby and the same was also sent for post mortem examination. The cause of death could not be medically determined. However, on completion of investigation, police laid charge-sheet, under Sections 498A/342/302/506 IPC, against the accused.",Borghat Police Station,Police Station,0.9972
30,"While staying at the house of her husband, Hasina lodged an Ejahar, in writing, making the allegations as mentioned above against her husband. Treating the said Ejahar, as First Information Report (in short, 'FIR'), Borghat Police Station Case No. 45 of 1998, under Sections 498A/342/302/506 IPC, was registered against the accused. During investigation, police disinterred the skeletal remains of the dead-body of the baby from inside a grave in the compound of the house of the accused and inquest was, then, held over the remains of the dead body of the said baby and the same was also sent for post mortem examination. The cause of death could not be medically determined. However, on completion of investigation, police laid charge-sheet, under Sections 498A/342/302/506 IPC, against the accused.",Case No. 45 of 1998,Case Number,0.9623
30,"While staying at the house of her husband, Hasina lodged an Ejahar, in writing, making the allegations as mentioned above against her husband. Treating the said Ejahar, as First Information Report (in short, 'FIR'), Borghat Police Station Case No. 45 of 1998, under Sections 498A/342/302/506 IPC, was registered against the accused. During investigation, police disinterred the skeletal remains of the dead-body of the baby from inside a grave in the compound of the house of the accused and inquest was, then, held over the remains of the dead body of the said baby and the same was also sent for post mortem examination. The cause of death could not be medically determined. However, on completion of investigation, police laid charge-sheet, under Sections 498A/342/302/506 IPC, against the accused.",Sections 498A/342/302/506,Section,0.5863
30,"While staying at the house of her husband, Hasina lodged an Ejahar, in writing, making the allegations as mentioned above against her husband. Treating the said Ejahar, as First Information Report (in short, 'FIR'), Borghat Police Station Case No. 45 of 1998, under Sections 498A/342/302/506 IPC, was registered against the accused. During investigation, police disinterred the skeletal remains of the dead-body of the baby from inside a grave in the compound of the house of the accused and inquest was, then, held over the remains of the dead body of the said baby and the same was also sent for post mortem examination. The cause of death could not be medically determined. However, on completion of investigation, police laid charge-sheet, under Sections 498A/342/302/506 IPC, against the accused.",IPC,Law,0.8201
30,"While staying at the house of her husband, Hasina lodged an Ejahar, in writing, making the allegations as mentioned above against her husband. Treating the said Ejahar, as First Information Report (in short, 'FIR'), Borghat Police Station Case No. 45 of 1998, under Sections 498A/342/302/506 IPC, was registered against the accused. During investigation, police disinterred the skeletal remains of the dead-body of the baby from inside a grave in the compound of the house of the accused and inquest was, then, held over the remains of the dead body of the said baby and the same was also sent for post mortem examination. The cause of death could not be medically determined. However, on completion of investigation, police laid charge-sheet, under Sections 498A/342/302/506 IPC, against the accused.",accused,Person,0.7675
30,"While staying at the house of her husband, Hasina lodged an Ejahar, in writing, making the allegations as mentioned above against her husband. Treating the said Ejahar, as First Information Report (in short, 'FIR'), Borghat Police Station Case No. 45 of 1998, under Sections 498A/342/302/506 IPC, was registered against the accused. During investigation, police disinterred the skeletal remains of the dead-body of the baby from inside a grave in the compound of the house of the accused and inquest was, then, held over the remains of the dead body of the said baby and the same was also sent for post mortem examination. The cause of death could not be medically determined. However, on completion of investigation, police laid charge-sheet, under Sections 498A/342/302/506 IPC, against the accused.",baby,Person,0.5405
30,"While staying at the house of her husband, Hasina lodged an Ejahar, in writing, making the allegations as mentioned above against her husband. Treating the said Ejahar, as First Information Report (in short, 'FIR'), Borghat Police Station Case No. 45 of 1998, under Sections 498A/342/302/506 IPC, was registered against the accused. During investigation, police disinterred the skeletal remains of the dead-body of the baby from inside a grave in the compound of the house of the accused and inquest was, then, held over the remains of the dead body of the said baby and the same was also sent for post mortem examination. The cause of death could not be medically determined. However, on completion of investigation, police laid charge-sheet, under Sections 498A/342/302/506 IPC, against the accused.",accused,Person,0.759
30,"While staying at the house of her husband, Hasina lodged an Ejahar, in writing, making the allegations as mentioned above against her husband. Treating the said Ejahar, as First Information Report (in short, 'FIR'), Borghat Police Station Case No. 45 of 1998, under Sections 498A/342/302/506 IPC, was registered against the accused. During investigation, police disinterred the skeletal remains of the dead-body of the baby from inside a grave in the compound of the house of the accused and inquest was, then, held over the remains of the dead body of the said baby and the same was also sent for post mortem examination. The cause of death could not be medically determined. However, on completion of investigation, police laid charge-sheet, under Sections 498A/342/302/506 IPC, against the accused.",inquest,Court,0.9302
30,"While staying at the house of her husband, Hasina lodged an Ejahar, in writing, making the allegations as mentioned above against her husband. Treating the said Ejahar, as First Information Report (in short, 'FIR'), Borghat Police Station Case No. 45 of 1998, under Sections 498A/342/302/506 IPC, was registered against the accused. During investigation, police disinterred the skeletal remains of the dead-body of the baby from inside a grave in the compound of the house of the accused and inquest was, then, held over the remains of the dead body of the said baby and the same was also sent for post mortem examination. The cause of death could not be medically determined. However, on completion of investigation, police laid charge-sheet, under Sections 498A/342/302/506 IPC, against the accused.",baby,Person,0.5021
30,"While staying at the house of her husband, Hasina lodged an Ejahar, in writing, making the allegations as mentioned above against her husband. Treating the said Ejahar, as First Information Report (in short, 'FIR'), Borghat Police Station Case No. 45 of 1998, under Sections 498A/342/302/506 IPC, was registered against the accused. During investigation, police disinterred the skeletal remains of the dead-body of the baby from inside a grave in the compound of the house of the accused and inquest was, then, held over the remains of the dead body of the said baby and the same was also sent for post mortem examination. The cause of death could not be medically determined. However, on completion of investigation, police laid charge-sheet, under Sections 498A/342/302/506 IPC, against the accused.",charge-sheet,Document,0.7648
30,"While staying at the house of her husband, Hasina lodged an Ejahar, in writing, making the allegations as mentioned above against her husband. Treating the said Ejahar, as First Information Report (in short, 'FIR'), Borghat Police Station Case No. 45 of 1998, under Sections 498A/342/302/506 IPC, was registered against the accused. During investigation, police disinterred the skeletal remains of the dead-body of the baby from inside a grave in the compound of the house of the accused and inquest was, then, held over the remains of the dead body of the said baby and the same was also sent for post mortem examination. The cause of death could not be medically determined. However, on completion of investigation, police laid charge-sheet, under Sections 498A/342/302/506 IPC, against the accused.",Sections 498A/342/302/506,Section,0.779
30,"While staying at the house of her husband, Hasina lodged an Ejahar, in writing, making the allegations as mentioned above against her husband. Treating the said Ejahar, as First Information Report (in short, 'FIR'), Borghat Police Station Case No. 45 of 1998, under Sections 498A/342/302/506 IPC, was registered against the accused. During investigation, police disinterred the skeletal remains of the dead-body of the baby from inside a grave in the compound of the house of the accused and inquest was, then, held over the remains of the dead body of the said baby and the same was also sent for post mortem examination. The cause of death could not be medically determined. However, on completion of investigation, police laid charge-sheet, under Sections 498A/342/302/506 IPC, against the accused.",IPC,Law,0.8213
30,"While staying at the house of her husband, Hasina lodged an Ejahar, in writing, making the allegations as mentioned above against her husband. Treating the said Ejahar, as First Information Report (in short, 'FIR'), Borghat Police Station Case No. 45 of 1998, under Sections 498A/342/302/506 IPC, was registered against the accused. During investigation, police disinterred the skeletal remains of the dead-body of the baby from inside a grave in the compound of the house of the accused and inquest was, then, held over the remains of the dead body of the said baby and the same was also sent for post mortem examination. The cause of death could not be medically determined. However, on completion of investigation, police laid charge-sheet, under Sections 498A/342/302/506 IPC, against the accused.",accused,Person,0.8426
31,"The petitioner, who has been identified as 'D' (Doubtful) voter, has filed this writ petition, challenging the proceeding that has been initiated against him by the Foreigners Tribunal, Goalpara vide FT Case No. 5368/G/12 arising out of district Case No. 793/2010. Apart from claiming that initiation of such proceeding is uncalled for in view of the fact that the petitioner is an Indian citizen, the said proceeding has also been questioned on the ground of pendency of a suit being Title Suit No. 95/2012 in the Court of the learned Munsif No.1, Goalpara, by which the petitioner as the plaintiff has prayed for a declaration that he is an Indian citizen as defined in the Citizenship Act and that the alphabet \""D\"" shown against his name in the electoral roll be removed entitling him to cast votes in elections.",petitioner,Person,0.8566
31,"The petitioner, who has been identified as 'D' (Doubtful) voter, has filed this writ petition, challenging the proceeding that has been initiated against him by the Foreigners Tribunal, Goalpara vide FT Case No. 5368/G/12 arising out of district Case No. 793/2010. Apart from claiming that initiation of such proceeding is uncalled for in view of the fact that the petitioner is an Indian citizen, the said proceeding has also been questioned on the ground of pendency of a suit being Title Suit No. 95/2012 in the Court of the learned Munsif No.1, Goalpara, by which the petitioner as the plaintiff has prayed for a declaration that he is an Indian citizen as defined in the Citizenship Act and that the alphabet \""D\"" shown against his name in the electoral roll be removed entitling him to cast votes in elections.",D,Person,0.6884
31,"The petitioner, who has been identified as 'D' (Doubtful) voter, has filed this writ petition, challenging the proceeding that has been initiated against him by the Foreigners Tribunal, Goalpara vide FT Case No. 5368/G/12 arising out of district Case No. 793/2010. Apart from claiming that initiation of such proceeding is uncalled for in view of the fact that the petitioner is an Indian citizen, the said proceeding has also been questioned on the ground of pendency of a suit being Title Suit No. 95/2012 in the Court of the learned Munsif No.1, Goalpara, by which the petitioner as the plaintiff has prayed for a declaration that he is an Indian citizen as defined in the Citizenship Act and that the alphabet \""D\"" shown against his name in the electoral roll be removed entitling him to cast votes in elections.","Foreigners Tribunal, Goalpara",Court,0.7657
31,"The petitioner, who has been identified as 'D' (Doubtful) voter, has filed this writ petition, challenging the proceeding that has been initiated against him by the Foreigners Tribunal, Goalpara vide FT Case No. 5368/G/12 arising out of district Case No. 793/2010. Apart from claiming that initiation of such proceeding is uncalled for in view of the fact that the petitioner is an Indian citizen, the said proceeding has also been questioned on the ground of pendency of a suit being Title Suit No. 95/2012 in the Court of the learned Munsif No.1, Goalpara, by which the petitioner as the plaintiff has prayed for a declaration that he is an Indian citizen as defined in the Citizenship Act and that the alphabet \""D\"" shown against his name in the electoral roll be removed entitling him to cast votes in elections.",FT Case No. 5368/G/12,Case Number,0.9032
31,"The petitioner, who has been identified as 'D' (Doubtful) voter, has filed this writ petition, challenging the proceeding that has been initiated against him by the Foreigners Tribunal, Goalpara vide FT Case No. 5368/G/12 arising out of district Case No. 793/2010. Apart from claiming that initiation of such proceeding is uncalled for in view of the fact that the petitioner is an Indian citizen, the said proceeding has also been questioned on the ground of pendency of a suit being Title Suit No. 95/2012 in the Court of the learned Munsif No.1, Goalpara, by which the petitioner as the plaintiff has prayed for a declaration that he is an Indian citizen as defined in the Citizenship Act and that the alphabet \""D\"" shown against his name in the electoral roll be removed entitling him to cast votes in elections.",district Case No. 793/2010,Case Number,0.7699
31,"The petitioner, who has been identified as 'D' (Doubtful) voter, has filed this writ petition, challenging the proceeding that has been initiated against him by the Foreigners Tribunal, Goalpara vide FT Case No. 5368/G/12 arising out of district Case No. 793/2010. Apart from claiming that initiation of such proceeding is uncalled for in view of the fact that the petitioner is an Indian citizen, the said proceeding has also been questioned on the ground of pendency of a suit being Title Suit No. 95/2012 in the Court of the learned Munsif No.1, Goalpara, by which the petitioner as the plaintiff has prayed for a declaration that he is an Indian citizen as defined in the Citizenship Act and that the alphabet \""D\"" shown against his name in the electoral roll be removed entitling him to cast votes in elections.",the petitioner,Person,0.8321
31,"The petitioner, who has been identified as 'D' (Doubtful) voter, has filed this writ petition, challenging the proceeding that has been initiated against him by the Foreigners Tribunal, Goalpara vide FT Case No. 5368/G/12 arising out of district Case No. 793/2010. Apart from claiming that initiation of such proceeding is uncalled for in view of the fact that the petitioner is an Indian citizen, the said proceeding has also been questioned on the ground of pendency of a suit being Title Suit No. 95/2012 in the Court of the learned Munsif No.1, Goalpara, by which the petitioner as the plaintiff has prayed for a declaration that he is an Indian citizen as defined in the Citizenship Act and that the alphabet \""D\"" shown against his name in the electoral roll be removed entitling him to cast votes in elections.",Indian citizen,Person,0.5633
31,"The petitioner, who has been identified as 'D' (Doubtful) voter, has filed this writ petition, challenging the proceeding that has been initiated against him by the Foreigners Tribunal, Goalpara vide FT Case No. 5368/G/12 arising out of district Case No. 793/2010. Apart from claiming that initiation of such proceeding is uncalled for in view of the fact that the petitioner is an Indian citizen, the said proceeding has also been questioned on the ground of pendency of a suit being Title Suit No. 95/2012 in the Court of the learned Munsif No.1, Goalpara, by which the petitioner as the plaintiff has prayed for a declaration that he is an Indian citizen as defined in the Citizenship Act and that the alphabet \""D\"" shown against his name in the electoral roll be removed entitling him to cast votes in elections.",Title Suit No. 95/2012,Case Number,0.708
31,"The petitioner, who has been identified as 'D' (Doubtful) voter, has filed this writ petition, challenging the proceeding that has been initiated against him by the Foreigners Tribunal, Goalpara vide FT Case No. 5368/G/12 arising out of district Case No. 793/2010. Apart from claiming that initiation of such proceeding is uncalled for in view of the fact that the petitioner is an Indian citizen, the said proceeding has also been questioned on the ground of pendency of a suit being Title Suit No. 95/2012 in the Court of the learned Munsif No.1, Goalpara, by which the petitioner as the plaintiff has prayed for a declaration that he is an Indian citizen as defined in the Citizenship Act and that the alphabet \""D\"" shown against his name in the electoral roll be removed entitling him to cast votes in elections.","Court of the learned Munsif No.1, Goalpara",Court,0.6858
31,"The petitioner, who has been identified as 'D' (Doubtful) voter, has filed this writ petition, challenging the proceeding that has been initiated against him by the Foreigners Tribunal, Goalpara vide FT Case No. 5368/G/12 arising out of district Case No. 793/2010. Apart from claiming that initiation of such proceeding is uncalled for in view of the fact that the petitioner is an Indian citizen, the said proceeding has also been questioned on the ground of pendency of a suit being Title Suit No. 95/2012 in the Court of the learned Munsif No.1, Goalpara, by which the petitioner as the plaintiff has prayed for a declaration that he is an Indian citizen as defined in the Citizenship Act and that the alphabet \""D\"" shown against his name in the electoral roll be removed entitling him to cast votes in elections.",the petitioner,Person,0.8803
31,"The petitioner, who has been identified as 'D' (Doubtful) voter, has filed this writ petition, challenging the proceeding that has been initiated against him by the Foreigners Tribunal, Goalpara vide FT Case No. 5368/G/12 arising out of district Case No. 793/2010. Apart from claiming that initiation of such proceeding is uncalled for in view of the fact that the petitioner is an Indian citizen, the said proceeding has also been questioned on the ground of pendency of a suit being Title Suit No. 95/2012 in the Court of the learned Munsif No.1, Goalpara, by which the petitioner as the plaintiff has prayed for a declaration that he is an Indian citizen as defined in the Citizenship Act and that the alphabet \""D\"" shown against his name in the electoral roll be removed entitling him to cast votes in elections.",Indian citizen,Person,0.711
31,"The petitioner, who has been identified as 'D' (Doubtful) voter, has filed this writ petition, challenging the proceeding that has been initiated against him by the Foreigners Tribunal, Goalpara vide FT Case No. 5368/G/12 arising out of district Case No. 793/2010. Apart from claiming that initiation of such proceeding is uncalled for in view of the fact that the petitioner is an Indian citizen, the said proceeding has also been questioned on the ground of pendency of a suit being Title Suit No. 95/2012 in the Court of the learned Munsif No.1, Goalpara, by which the petitioner as the plaintiff has prayed for a declaration that he is an Indian citizen as defined in the Citizenship Act and that the alphabet \""D\"" shown against his name in the electoral roll be removed entitling him to cast votes in elections.",Citizenship Act,Law,0.919
31,"The petitioner, who has been identified as 'D' (Doubtful) voter, has filed this writ petition, challenging the proceeding that has been initiated against him by the Foreigners Tribunal, Goalpara vide FT Case No. 5368/G/12 arising out of district Case No. 793/2010. Apart from claiming that initiation of such proceeding is uncalled for in view of the fact that the petitioner is an Indian citizen, the said proceeding has also been questioned on the ground of pendency of a suit being Title Suit No. 95/2012 in the Court of the learned Munsif No.1, Goalpara, by which the petitioner as the plaintiff has prayed for a declaration that he is an Indian citizen as defined in the Citizenship Act and that the alphabet \""D\"" shown against his name in the electoral roll be removed entitling him to cast votes in elections.",D,Person,0.7524
31,"The petitioner, who has been identified as 'D' (Doubtful) voter, has filed this writ petition, challenging the proceeding that has been initiated against him by the Foreigners Tribunal, Goalpara vide FT Case No. 5368/G/12 arising out of district Case No. 793/2010. Apart from claiming that initiation of such proceeding is uncalled for in view of the fact that the petitioner is an Indian citizen, the said proceeding has also been questioned on the ground of pendency of a suit being Title Suit No. 95/2012 in the Court of the learned Munsif No.1, Goalpara, by which the petitioner as the plaintiff has prayed for a declaration that he is an Indian citizen as defined in the Citizenship Act and that the alphabet \""D\"" shown against his name in the electoral roll be removed entitling him to cast votes in elections.",electoral roll,Document,0.921
32,"This writ petition is directed against the Annexure-N order dated 22.8.2003, by which the learned presiding officer, Industrial Tribunal, Silchar, declined to grant approval to the order of removal passed against the concerned workman pursuant to a domestic enquiry. Such approval was required to be obtained in view of the provisions contained in Section 33(2)(b) of the Industrial Disputes Act, 1947. At the time of seeking the approval, there was another reference pending by and between the parties, which was registered and numbered as Reference Case No. 9/95 and 9/96. Be it stated here that as per the requirement of Section 33(2)(b) while removing the workman from service pursuant to the departmental enquiry, he was offered one month's wages.",22.8.2003,Date,0.9393
32,"This writ petition is directed against the Annexure-N order dated 22.8.2003, by which the learned presiding officer, Industrial Tribunal, Silchar, declined to grant approval to the order of removal passed against the concerned workman pursuant to a domestic enquiry. Such approval was required to be obtained in view of the provisions contained in Section 33(2)(b) of the Industrial Disputes Act, 1947. At the time of seeking the approval, there was another reference pending by and between the parties, which was registered and numbered as Reference Case No. 9/95 and 9/96. Be it stated here that as per the requirement of Section 33(2)(b) while removing the workman from service pursuant to the departmental enquiry, he was offered one month's wages.",learned presiding officer,Person,0.5784
32,"This writ petition is directed against the Annexure-N order dated 22.8.2003, by which the learned presiding officer, Industrial Tribunal, Silchar, declined to grant approval to the order of removal passed against the concerned workman pursuant to a domestic enquiry. Such approval was required to be obtained in view of the provisions contained in Section 33(2)(b) of the Industrial Disputes Act, 1947. At the time of seeking the approval, there was another reference pending by and between the parties, which was registered and numbered as Reference Case No. 9/95 and 9/96. Be it stated here that as per the requirement of Section 33(2)(b) while removing the workman from service pursuant to the departmental enquiry, he was offered one month's wages.","Industrial Tribunal, Silchar",Court,0.9148
32,"This writ petition is directed against the Annexure-N order dated 22.8.2003, by which the learned presiding officer, Industrial Tribunal, Silchar, declined to grant approval to the order of removal passed against the concerned workman pursuant to a domestic enquiry. Such approval was required to be obtained in view of the provisions contained in Section 33(2)(b) of the Industrial Disputes Act, 1947. At the time of seeking the approval, there was another reference pending by and between the parties, which was registered and numbered as Reference Case No. 9/95 and 9/96. Be it stated here that as per the requirement of Section 33(2)(b) while removing the workman from service pursuant to the departmental enquiry, he was offered one month's wages.",Section 33(2)(b),Section,0.9696
32,"This writ petition is directed against the Annexure-N order dated 22.8.2003, by which the learned presiding officer, Industrial Tribunal, Silchar, declined to grant approval to the order of removal passed against the concerned workman pursuant to a domestic enquiry. Such approval was required to be obtained in view of the provisions contained in Section 33(2)(b) of the Industrial Disputes Act, 1947. At the time of seeking the approval, there was another reference pending by and between the parties, which was registered and numbered as Reference Case No. 9/95 and 9/96. Be it stated here that as per the requirement of Section 33(2)(b) while removing the workman from service pursuant to the departmental enquiry, he was offered one month's wages.","Industrial Disputes Act, 1947",Law,0.9543
32,"This writ petition is directed against the Annexure-N order dated 22.8.2003, by which the learned presiding officer, Industrial Tribunal, Silchar, declined to grant approval to the order of removal passed against the concerned workman pursuant to a domestic enquiry. Such approval was required to be obtained in view of the provisions contained in Section 33(2)(b) of the Industrial Disputes Act, 1947. At the time of seeking the approval, there was another reference pending by and between the parties, which was registered and numbered as Reference Case No. 9/95 and 9/96. Be it stated here that as per the requirement of Section 33(2)(b) while removing the workman from service pursuant to the departmental enquiry, he was offered one month's wages.",Reference Case No. 9/95 and 9/96,Case Number,0.9131
32,"This writ petition is directed against the Annexure-N order dated 22.8.2003, by which the learned presiding officer, Industrial Tribunal, Silchar, declined to grant approval to the order of removal passed against the concerned workman pursuant to a domestic enquiry. Such approval was required to be obtained in view of the provisions contained in Section 33(2)(b) of the Industrial Disputes Act, 1947. At the time of seeking the approval, there was another reference pending by and between the parties, which was registered and numbered as Reference Case No. 9/95 and 9/96. Be it stated here that as per the requirement of Section 33(2)(b) while removing the workman from service pursuant to the departmental enquiry, he was offered one month's wages.",Section 33(2)(b),Section,0.9551
33,"The petitioner is aggrieved by the Annexure-G order dated 29.1.2005, by which his earlier penalty of compulsory retirement was reduced to that of reversion to the lower post of Watchman with further direction to fix his pay scale of Watchman at the stage from which he was promoted to the post of AG-III(D) till his retirement on attaining the age of superannuation on 30.4.2011. It was further provided that the petitioner would be entitled to increments of pay in the scale of Watchman.",The petitioner,Person,0.8763
33,"The petitioner is aggrieved by the Annexure-G order dated 29.1.2005, by which his earlier penalty of compulsory retirement was reduced to that of reversion to the lower post of Watchman with further direction to fix his pay scale of Watchman at the stage from which he was promoted to the post of AG-III(D) till his retirement on attaining the age of superannuation on 30.4.2011. It was further provided that the petitioner would be entitled to increments of pay in the scale of Watchman.",Annexure-G,Document,0.91
33,"The petitioner is aggrieved by the Annexure-G order dated 29.1.2005, by which his earlier penalty of compulsory retirement was reduced to that of reversion to the lower post of Watchman with further direction to fix his pay scale of Watchman at the stage from which he was promoted to the post of AG-III(D) till his retirement on attaining the age of superannuation on 30.4.2011. It was further provided that the petitioner would be entitled to increments of pay in the scale of Watchman.",29.1.2005,Date,0.9372
33,"The petitioner is aggrieved by the Annexure-G order dated 29.1.2005, by which his earlier penalty of compulsory retirement was reduced to that of reversion to the lower post of Watchman with further direction to fix his pay scale of Watchman at the stage from which he was promoted to the post of AG-III(D) till his retirement on attaining the age of superannuation on 30.4.2011. It was further provided that the petitioner would be entitled to increments of pay in the scale of Watchman.",Watchman,Person,0.868
33,"The petitioner is aggrieved by the Annexure-G order dated 29.1.2005, by which his earlier penalty of compulsory retirement was reduced to that of reversion to the lower post of Watchman with further direction to fix his pay scale of Watchman at the stage from which he was promoted to the post of AG-III(D) till his retirement on attaining the age of superannuation on 30.4.2011. It was further provided that the petitioner would be entitled to increments of pay in the scale of Watchman.",Watchman,Person,0.9111
33,"The petitioner is aggrieved by the Annexure-G order dated 29.1.2005, by which his earlier penalty of compulsory retirement was reduced to that of reversion to the lower post of Watchman with further direction to fix his pay scale of Watchman at the stage from which he was promoted to the post of AG-III(D) till his retirement on attaining the age of superannuation on 30.4.2011. It was further provided that the petitioner would be entitled to increments of pay in the scale of Watchman.",AG-III(D),Court,0.7838
33,"The petitioner is aggrieved by the Annexure-G order dated 29.1.2005, by which his earlier penalty of compulsory retirement was reduced to that of reversion to the lower post of Watchman with further direction to fix his pay scale of Watchman at the stage from which he was promoted to the post of AG-III(D) till his retirement on attaining the age of superannuation on 30.4.2011. It was further provided that the petitioner would be entitled to increments of pay in the scale of Watchman.",30.4.2011,Date,0.8514
33,"The petitioner is aggrieved by the Annexure-G order dated 29.1.2005, by which his earlier penalty of compulsory retirement was reduced to that of reversion to the lower post of Watchman with further direction to fix his pay scale of Watchman at the stage from which he was promoted to the post of AG-III(D) till his retirement on attaining the age of superannuation on 30.4.2011. It was further provided that the petitioner would be entitled to increments of pay in the scale of Watchman.",the petitioner,Person,0.9382
33,"The petitioner is aggrieved by the Annexure-G order dated 29.1.2005, by which his earlier penalty of compulsory retirement was reduced to that of reversion to the lower post of Watchman with further direction to fix his pay scale of Watchman at the stage from which he was promoted to the post of AG-III(D) till his retirement on attaining the age of superannuation on 30.4.2011. It was further provided that the petitioner would be entitled to increments of pay in the scale of Watchman.",Watchman,Person,0.9153
34,"This writ petition is directed against the award dated 11.1.2002 passed by the learned Labour Court, Dibrugarh in Reference Case No. 26/2000, by which the issues raised vide Govt. notification dated 14.12.2000 have been answered against the workmen. Being aggrieved by the said award, which was exparte, the concerned workmen had filed an application registered as Misc. Case No. 3/2003 on 1.1.2003 for setting aside the said exparte award. However, the said application was also dismissed by order dated 2.6.2003. Being aggrieved, the petitioners have filed the instant writ petition.",11.1.2002,Date,0.8119
34,"This writ petition is directed against the award dated 11.1.2002 passed by the learned Labour Court, Dibrugarh in Reference Case No. 26/2000, by which the issues raised vide Govt. notification dated 14.12.2000 have been answered against the workmen. Being aggrieved by the said award, which was exparte, the concerned workmen had filed an application registered as Misc. Case No. 3/2003 on 1.1.2003 for setting aside the said exparte award. However, the said application was also dismissed by order dated 2.6.2003. Being aggrieved, the petitioners have filed the instant writ petition.","learned Labour Court, Dibrugarh",Court,0.76
34,"This writ petition is directed against the award dated 11.1.2002 passed by the learned Labour Court, Dibrugarh in Reference Case No. 26/2000, by which the issues raised vide Govt. notification dated 14.12.2000 have been answered against the workmen. Being aggrieved by the said award, which was exparte, the concerned workmen had filed an application registered as Misc. Case No. 3/2003 on 1.1.2003 for setting aside the said exparte award. However, the said application was also dismissed by order dated 2.6.2003. Being aggrieved, the petitioners have filed the instant writ petition.",Reference Case No. 26/2000,Case Number,0.954
34,"This writ petition is directed against the award dated 11.1.2002 passed by the learned Labour Court, Dibrugarh in Reference Case No. 26/2000, by which the issues raised vide Govt. notification dated 14.12.2000 have been answered against the workmen. Being aggrieved by the said award, which was exparte, the concerned workmen had filed an application registered as Misc. Case No. 3/2003 on 1.1.2003 for setting aside the said exparte award. However, the said application was also dismissed by order dated 2.6.2003. Being aggrieved, the petitioners have filed the instant writ petition.",Govt. notification,Document,0.6302
34,"This writ petition is directed against the award dated 11.1.2002 passed by the learned Labour Court, Dibrugarh in Reference Case No. 26/2000, by which the issues raised vide Govt. notification dated 14.12.2000 have been answered against the workmen. Being aggrieved by the said award, which was exparte, the concerned workmen had filed an application registered as Misc. Case No. 3/2003 on 1.1.2003 for setting aside the said exparte award. However, the said application was also dismissed by order dated 2.6.2003. Being aggrieved, the petitioners have filed the instant writ petition.",14.12.2000,Date,0.7308
34,"This writ petition is directed against the award dated 11.1.2002 passed by the learned Labour Court, Dibrugarh in Reference Case No. 26/2000, by which the issues raised vide Govt. notification dated 14.12.2000 have been answered against the workmen. Being aggrieved by the said award, which was exparte, the concerned workmen had filed an application registered as Misc. Case No. 3/2003 on 1.1.2003 for setting aside the said exparte award. However, the said application was also dismissed by order dated 2.6.2003. Being aggrieved, the petitioners have filed the instant writ petition.",workmen,Person,0.6093
34,"This writ petition is directed against the award dated 11.1.2002 passed by the learned Labour Court, Dibrugarh in Reference Case No. 26/2000, by which the issues raised vide Govt. notification dated 14.12.2000 have been answered against the workmen. Being aggrieved by the said award, which was exparte, the concerned workmen had filed an application registered as Misc. Case No. 3/2003 on 1.1.2003 for setting aside the said exparte award. However, the said application was also dismissed by order dated 2.6.2003. Being aggrieved, the petitioners have filed the instant writ petition.",workmen,Person,0.6473
34,"This writ petition is directed against the award dated 11.1.2002 passed by the learned Labour Court, Dibrugarh in Reference Case No. 26/2000, by which the issues raised vide Govt. notification dated 14.12.2000 have been answered against the workmen. Being aggrieved by the said award, which was exparte, the concerned workmen had filed an application registered as Misc. Case No. 3/2003 on 1.1.2003 for setting aside the said exparte award. However, the said application was also dismissed by order dated 2.6.2003. Being aggrieved, the petitioners have filed the instant writ petition.",Misc. Case No. 3/2003,Case Number,0.8828
34,"This writ petition is directed against the award dated 11.1.2002 passed by the learned Labour Court, Dibrugarh in Reference Case No. 26/2000, by which the issues raised vide Govt. notification dated 14.12.2000 have been answered against the workmen. Being aggrieved by the said award, which was exparte, the concerned workmen had filed an application registered as Misc. Case No. 3/2003 on 1.1.2003 for setting aside the said exparte award. However, the said application was also dismissed by order dated 2.6.2003. Being aggrieved, the petitioners have filed the instant writ petition.",1.1.2003,Date,0.7797
34,"This writ petition is directed against the award dated 11.1.2002 passed by the learned Labour Court, Dibrugarh in Reference Case No. 26/2000, by which the issues raised vide Govt. notification dated 14.12.2000 have been answered against the workmen. Being aggrieved by the said award, which was exparte, the concerned workmen had filed an application registered as Misc. Case No. 3/2003 on 1.1.2003 for setting aside the said exparte award. However, the said application was also dismissed by order dated 2.6.2003. Being aggrieved, the petitioners have filed the instant writ petition.",2.6.2003,Date,0.6792
35,"Through this application under Section 11 of the Arbitration & Conciliation Act, 1996 (hereinafter referred to as 'the Arbitration Act') the petitioner prays for appointment of Arbitrator to adjudicate the dispute arising out of the agreement dated 14.9.1999 (Annexure-B). Through this agreement executed by the petitioner under its previous name 'M/s Derby Tea & Industries Limited' and the respondent 'Rossell Tea Limited', the petitioner had agreed to transfer the Nagrijuli Tea Estate for a total consideration of Rs.18.00 crores. The consideration amount was payable in a phased manner and after possession of the T.E. is delivered, the respondent was required to bear the expenses for managing the T.E. w.e.f. 11.10.1999 i.e. the date of delivery of possession. The record shows that between 29.9.1999 to 31.3.2000, Rs.17.5 crores was paid by the respondent but the balance amount of Rs.50 lakh is not yet paid.",Section 11,Section,0.9605
35,"Through this application under Section 11 of the Arbitration & Conciliation Act, 1996 (hereinafter referred to as 'the Arbitration Act') the petitioner prays for appointment of Arbitrator to adjudicate the dispute arising out of the agreement dated 14.9.1999 (Annexure-B). Through this agreement executed by the petitioner under its previous name 'M/s Derby Tea & Industries Limited' and the respondent 'Rossell Tea Limited', the petitioner had agreed to transfer the Nagrijuli Tea Estate for a total consideration of Rs.18.00 crores. The consideration amount was payable in a phased manner and after possession of the T.E. is delivered, the respondent was required to bear the expenses for managing the T.E. w.e.f. 11.10.1999 i.e. the date of delivery of possession. The record shows that between 29.9.1999 to 31.3.2000, Rs.17.5 crores was paid by the respondent but the balance amount of Rs.50 lakh is not yet paid.","Arbitration & Conciliation Act, 1996",Law,0.8069
35,"Through this application under Section 11 of the Arbitration & Conciliation Act, 1996 (hereinafter referred to as 'the Arbitration Act') the petitioner prays for appointment of Arbitrator to adjudicate the dispute arising out of the agreement dated 14.9.1999 (Annexure-B). Through this agreement executed by the petitioner under its previous name 'M/s Derby Tea & Industries Limited' and the respondent 'Rossell Tea Limited', the petitioner had agreed to transfer the Nagrijuli Tea Estate for a total consideration of Rs.18.00 crores. The consideration amount was payable in a phased manner and after possession of the T.E. is delivered, the respondent was required to bear the expenses for managing the T.E. w.e.f. 11.10.1999 i.e. the date of delivery of possession. The record shows that between 29.9.1999 to 31.3.2000, Rs.17.5 crores was paid by the respondent but the balance amount of Rs.50 lakh is not yet paid.",petitioner,Person,0.5047
35,"Through this application under Section 11 of the Arbitration & Conciliation Act, 1996 (hereinafter referred to as 'the Arbitration Act') the petitioner prays for appointment of Arbitrator to adjudicate the dispute arising out of the agreement dated 14.9.1999 (Annexure-B). Through this agreement executed by the petitioner under its previous name 'M/s Derby Tea & Industries Limited' and the respondent 'Rossell Tea Limited', the petitioner had agreed to transfer the Nagrijuli Tea Estate for a total consideration of Rs.18.00 crores. The consideration amount was payable in a phased manner and after possession of the T.E. is delivered, the respondent was required to bear the expenses for managing the T.E. w.e.f. 11.10.1999 i.e. the date of delivery of possession. The record shows that between 29.9.1999 to 31.3.2000, Rs.17.5 crores was paid by the respondent but the balance amount of Rs.50 lakh is not yet paid.",agreement,Document,0.7472
35,"Through this application under Section 11 of the Arbitration & Conciliation Act, 1996 (hereinafter referred to as 'the Arbitration Act') the petitioner prays for appointment of Arbitrator to adjudicate the dispute arising out of the agreement dated 14.9.1999 (Annexure-B). Through this agreement executed by the petitioner under its previous name 'M/s Derby Tea & Industries Limited' and the respondent 'Rossell Tea Limited', the petitioner had agreed to transfer the Nagrijuli Tea Estate for a total consideration of Rs.18.00 crores. The consideration amount was payable in a phased manner and after possession of the T.E. is delivered, the respondent was required to bear the expenses for managing the T.E. w.e.f. 11.10.1999 i.e. the date of delivery of possession. The record shows that between 29.9.1999 to 31.3.2000, Rs.17.5 crores was paid by the respondent but the balance amount of Rs.50 lakh is not yet paid.",14.9.1999,Date,0.7718
35,"Through this application under Section 11 of the Arbitration & Conciliation Act, 1996 (hereinafter referred to as 'the Arbitration Act') the petitioner prays for appointment of Arbitrator to adjudicate the dispute arising out of the agreement dated 14.9.1999 (Annexure-B). Through this agreement executed by the petitioner under its previous name 'M/s Derby Tea & Industries Limited' and the respondent 'Rossell Tea Limited', the petitioner had agreed to transfer the Nagrijuli Tea Estate for a total consideration of Rs.18.00 crores. The consideration amount was payable in a phased manner and after possession of the T.E. is delivered, the respondent was required to bear the expenses for managing the T.E. w.e.f. 11.10.1999 i.e. the date of delivery of possession. The record shows that between 29.9.1999 to 31.3.2000, Rs.17.5 crores was paid by the respondent but the balance amount of Rs.50 lakh is not yet paid.",Annexure-B,Document,0.8814
35,"Through this application under Section 11 of the Arbitration & Conciliation Act, 1996 (hereinafter referred to as 'the Arbitration Act') the petitioner prays for appointment of Arbitrator to adjudicate the dispute arising out of the agreement dated 14.9.1999 (Annexure-B). Through this agreement executed by the petitioner under its previous name 'M/s Derby Tea & Industries Limited' and the respondent 'Rossell Tea Limited', the petitioner had agreed to transfer the Nagrijuli Tea Estate for a total consideration of Rs.18.00 crores. The consideration amount was payable in a phased manner and after possession of the T.E. is delivered, the respondent was required to bear the expenses for managing the T.E. w.e.f. 11.10.1999 i.e. the date of delivery of possession. The record shows that between 29.9.1999 to 31.3.2000, Rs.17.5 crores was paid by the respondent but the balance amount of Rs.50 lakh is not yet paid.",agreement,Document,0.6569
35,"Through this application under Section 11 of the Arbitration & Conciliation Act, 1996 (hereinafter referred to as 'the Arbitration Act') the petitioner prays for appointment of Arbitrator to adjudicate the dispute arising out of the agreement dated 14.9.1999 (Annexure-B). Through this agreement executed by the petitioner under its previous name 'M/s Derby Tea & Industries Limited' and the respondent 'Rossell Tea Limited', the petitioner had agreed to transfer the Nagrijuli Tea Estate for a total consideration of Rs.18.00 crores. The consideration amount was payable in a phased manner and after possession of the T.E. is delivered, the respondent was required to bear the expenses for managing the T.E. w.e.f. 11.10.1999 i.e. the date of delivery of possession. The record shows that between 29.9.1999 to 31.3.2000, Rs.17.5 crores was paid by the respondent but the balance amount of Rs.50 lakh is not yet paid.",petitioner,Person,0.6052
35,"Through this application under Section 11 of the Arbitration & Conciliation Act, 1996 (hereinafter referred to as 'the Arbitration Act') the petitioner prays for appointment of Arbitrator to adjudicate the dispute arising out of the agreement dated 14.9.1999 (Annexure-B). Through this agreement executed by the petitioner under its previous name 'M/s Derby Tea & Industries Limited' and the respondent 'Rossell Tea Limited', the petitioner had agreed to transfer the Nagrijuli Tea Estate for a total consideration of Rs.18.00 crores. The consideration amount was payable in a phased manner and after possession of the T.E. is delivered, the respondent was required to bear the expenses for managing the T.E. w.e.f. 11.10.1999 i.e. the date of delivery of possession. The record shows that between 29.9.1999 to 31.3.2000, Rs.17.5 crores was paid by the respondent but the balance amount of Rs.50 lakh is not yet paid.",11.10.1999,Date,0.6076
36,"The short but interesting question of law involved in this criminal revision is whether the learned Sub-Divisional Judicial Magistrate (M), Rangia ('SDJM' for short) has correctly exercised his jurisdiction in accepting the final report submitted by the police ('FR') on the ground of lack of evidence and in simultaneously taking cognizance of the offence on the basis of the protest petition filed by the informant which does not contain facts constituting an offence and thereafter examining the informant/respondent (respondent 2) and his witnesses U/s 200 CrPC?",Rangia,Police Station,0.7975
36,"The short but interesting question of law involved in this criminal revision is whether the learned Sub-Divisional Judicial Magistrate (M), Rangia ('SDJM' for short) has correctly exercised his jurisdiction in accepting the final report submitted by the police ('FR') on the ground of lack of evidence and in simultaneously taking cognizance of the offence on the basis of the protest petition filed by the informant which does not contain facts constituting an offence and thereafter examining the informant/respondent (respondent 2) and his witnesses U/s 200 CrPC?",final report,Document,0.9324
36,"The short but interesting question of law involved in this criminal revision is whether the learned Sub-Divisional Judicial Magistrate (M), Rangia ('SDJM' for short) has correctly exercised his jurisdiction in accepting the final report submitted by the police ('FR') on the ground of lack of evidence and in simultaneously taking cognizance of the offence on the basis of the protest petition filed by the informant which does not contain facts constituting an offence and thereafter examining the informant/respondent (respondent 2) and his witnesses U/s 200 CrPC?",FR,Police Station,0.7875
36,"The short but interesting question of law involved in this criminal revision is whether the learned Sub-Divisional Judicial Magistrate (M), Rangia ('SDJM' for short) has correctly exercised his jurisdiction in accepting the final report submitted by the police ('FR') on the ground of lack of evidence and in simultaneously taking cognizance of the offence on the basis of the protest petition filed by the informant which does not contain facts constituting an offence and thereafter examining the informant/respondent (respondent 2) and his witnesses U/s 200 CrPC?",protest petition,Document,0.8897
36,"The short but interesting question of law involved in this criminal revision is whether the learned Sub-Divisional Judicial Magistrate (M), Rangia ('SDJM' for short) has correctly exercised his jurisdiction in accepting the final report submitted by the police ('FR') on the ground of lack of evidence and in simultaneously taking cognizance of the offence on the basis of the protest petition filed by the informant which does not contain facts constituting an offence and thereafter examining the informant/respondent (respondent 2) and his witnesses U/s 200 CrPC?",informant,Person,0.9177
36,"The short but interesting question of law involved in this criminal revision is whether the learned Sub-Divisional Judicial Magistrate (M), Rangia ('SDJM' for short) has correctly exercised his jurisdiction in accepting the final report submitted by the police ('FR') on the ground of lack of evidence and in simultaneously taking cognizance of the offence on the basis of the protest petition filed by the informant which does not contain facts constituting an offence and thereafter examining the informant/respondent (respondent 2) and his witnesses U/s 200 CrPC?",informant,Person,0.9525
36,"The short but interesting question of law involved in this criminal revision is whether the learned Sub-Divisional Judicial Magistrate (M), Rangia ('SDJM' for short) has correctly exercised his jurisdiction in accepting the final report submitted by the police ('FR') on the ground of lack of evidence and in simultaneously taking cognizance of the offence on the basis of the protest petition filed by the informant which does not contain facts constituting an offence and thereafter examining the informant/respondent (respondent 2) and his witnesses U/s 200 CrPC?",respondent,Person,0.8597
36,"The short but interesting question of law involved in this criminal revision is whether the learned Sub-Divisional Judicial Magistrate (M), Rangia ('SDJM' for short) has correctly exercised his jurisdiction in accepting the final report submitted by the police ('FR') on the ground of lack of evidence and in simultaneously taking cognizance of the offence on the basis of the protest petition filed by the informant which does not contain facts constituting an offence and thereafter examining the informant/respondent (respondent 2) and his witnesses U/s 200 CrPC?",respondent,Person,0.9378
36,"The short but interesting question of law involved in this criminal revision is whether the learned Sub-Divisional Judicial Magistrate (M), Rangia ('SDJM' for short) has correctly exercised his jurisdiction in accepting the final report submitted by the police ('FR') on the ground of lack of evidence and in simultaneously taking cognizance of the offence on the basis of the protest petition filed by the informant which does not contain facts constituting an offence and thereafter examining the informant/respondent (respondent 2) and his witnesses U/s 200 CrPC?",CrPC,Law,0.6977
37,"The gist of the prosecution case is that both the deceased and the accused persons had paddy fields at the place of occurrence with common boundary. In other words, paddy fields of both the parties were contiguous to each other. On 23.7.2002 at about 8.30 in the morning the deceased and his son Karuna were draining out excessive water from their plot of land and the water was being released in the paddy field belonging to the accused Manindra Suklabaidya. Since this act of the son of the deceased was damaging the paddy cultivation of the accused an altercation took place initially between the accused Manindra and the son of the deceased, Karuna. Immediately the deceased also intervened in the altercation and he was assaulted with a spade.",The gist of the prosecution case,Document,0.6926
37,"The gist of the prosecution case is that both the deceased and the accused persons had paddy fields at the place of occurrence with common boundary. In other words, paddy fields of both the parties were contiguous to each other. On 23.7.2002 at about 8.30 in the morning the deceased and his son Karuna were draining out excessive water from their plot of land and the water was being released in the paddy field belonging to the accused Manindra Suklabaidya. Since this act of the son of the deceased was damaging the paddy cultivation of the accused an altercation took place initially between the accused Manindra and the son of the deceased, Karuna. Immediately the deceased also intervened in the altercation and he was assaulted with a spade.",the deceased,Person,0.9273
37,"The gist of the prosecution case is that both the deceased and the accused persons had paddy fields at the place of occurrence with common boundary. In other words, paddy fields of both the parties were contiguous to each other. On 23.7.2002 at about 8.30 in the morning the deceased and his son Karuna were draining out excessive water from their plot of land and the water was being released in the paddy field belonging to the accused Manindra Suklabaidya. Since this act of the son of the deceased was damaging the paddy cultivation of the accused an altercation took place initially between the accused Manindra and the son of the deceased, Karuna. Immediately the deceased also intervened in the altercation and he was assaulted with a spade.",23.7.2002,Date,0.8724
37,"The gist of the prosecution case is that both the deceased and the accused persons had paddy fields at the place of occurrence with common boundary. In other words, paddy fields of both the parties were contiguous to each other. On 23.7.2002 at about 8.30 in the morning the deceased and his son Karuna were draining out excessive water from their plot of land and the water was being released in the paddy field belonging to the accused Manindra Suklabaidya. Since this act of the son of the deceased was damaging the paddy cultivation of the accused an altercation took place initially between the accused Manindra and the son of the deceased, Karuna. Immediately the deceased also intervened in the altercation and he was assaulted with a spade.",the deceased,Person,0.9189
37,"The gist of the prosecution case is that both the deceased and the accused persons had paddy fields at the place of occurrence with common boundary. In other words, paddy fields of both the parties were contiguous to each other. On 23.7.2002 at about 8.30 in the morning the deceased and his son Karuna were draining out excessive water from their plot of land and the water was being released in the paddy field belonging to the accused Manindra Suklabaidya. Since this act of the son of the deceased was damaging the paddy cultivation of the accused an altercation took place initially between the accused Manindra and the son of the deceased, Karuna. Immediately the deceased also intervened in the altercation and he was assaulted with a spade.",Karuna,Person,0.9728
37,"The gist of the prosecution case is that both the deceased and the accused persons had paddy fields at the place of occurrence with common boundary. In other words, paddy fields of both the parties were contiguous to each other. On 23.7.2002 at about 8.30 in the morning the deceased and his son Karuna were draining out excessive water from their plot of land and the water was being released in the paddy field belonging to the accused Manindra Suklabaidya. Since this act of the son of the deceased was damaging the paddy cultivation of the accused an altercation took place initially between the accused Manindra and the son of the deceased, Karuna. Immediately the deceased also intervened in the altercation and he was assaulted with a spade.",Manindra Suklabaidya,Person,0.9098
37,"The gist of the prosecution case is that both the deceased and the accused persons had paddy fields at the place of occurrence with common boundary. In other words, paddy fields of both the parties were contiguous to each other. On 23.7.2002 at about 8.30 in the morning the deceased and his son Karuna were draining out excessive water from their plot of land and the water was being released in the paddy field belonging to the accused Manindra Suklabaidya. Since this act of the son of the deceased was damaging the paddy cultivation of the accused an altercation took place initially between the accused Manindra and the son of the deceased, Karuna. Immediately the deceased also intervened in the altercation and he was assaulted with a spade.",the deceased,Person,0.8536
37,"The gist of the prosecution case is that both the deceased and the accused persons had paddy fields at the place of occurrence with common boundary. In other words, paddy fields of both the parties were contiguous to each other. On 23.7.2002 at about 8.30 in the morning the deceased and his son Karuna were draining out excessive water from their plot of land and the water was being released in the paddy field belonging to the accused Manindra Suklabaidya. Since this act of the son of the deceased was damaging the paddy cultivation of the accused an altercation took place initially between the accused Manindra and the son of the deceased, Karuna. Immediately the deceased also intervened in the altercation and he was assaulted with a spade.",the deceased,Person,0.8242
37,"The gist of the prosecution case is that both the deceased and the accused persons had paddy fields at the place of occurrence with common boundary. In other words, paddy fields of both the parties were contiguous to each other. On 23.7.2002 at about 8.30 in the morning the deceased and his son Karuna were draining out excessive water from their plot of land and the water was being released in the paddy field belonging to the accused Manindra Suklabaidya. Since this act of the son of the deceased was damaging the paddy cultivation of the accused an altercation took place initially between the accused Manindra and the son of the deceased, Karuna. Immediately the deceased also intervened in the altercation and he was assaulted with a spade.",Karuna,Person,0.9773
37,"The gist of the prosecution case is that both the deceased and the accused persons had paddy fields at the place of occurrence with common boundary. In other words, paddy fields of both the parties were contiguous to each other. On 23.7.2002 at about 8.30 in the morning the deceased and his son Karuna were draining out excessive water from their plot of land and the water was being released in the paddy field belonging to the accused Manindra Suklabaidya. Since this act of the son of the deceased was damaging the paddy cultivation of the accused an altercation took place initially between the accused Manindra and the son of the deceased, Karuna. Immediately the deceased also intervened in the altercation and he was assaulted with a spade.",the deceased,Person,0.9465
38,"These appeals are directed against the judgment dated 04.11.2012, passed by the learned Sessions Judge, Darrang at Mangaldoi in Sessions Case No. 39(DM)/1999, convicting both of them under Sections 366/34 IPC and sentencing them to rigorous imprisonment for 7 (seven) years with a fine of Rs. 5,000/- each, in default, rigorous imprisonment for another 6 (six) months. Aggrieved by the aforesaid judgment, Sri Babul Bania and Sri Dilip Bania preferred these appeals citing several infirmities in the judgment aforementioned. While, Mr. Babul Bania had preferred this appeal from jail, Shri Dilip Bania was enlarged on bail during the pendency of present appeal suspending the judgment impugned as far as Sri Dilip Bania is concerned.",judgment,Document,0.9587
38,"These appeals are directed against the judgment dated 04.11.2012, passed by the learned Sessions Judge, Darrang at Mangaldoi in Sessions Case No. 39(DM)/1999, convicting both of them under Sections 366/34 IPC and sentencing them to rigorous imprisonment for 7 (seven) years with a fine of Rs. 5,000/- each, in default, rigorous imprisonment for another 6 (six) months. Aggrieved by the aforesaid judgment, Sri Babul Bania and Sri Dilip Bania preferred these appeals citing several infirmities in the judgment aforementioned. While, Mr. Babul Bania had preferred this appeal from jail, Shri Dilip Bania was enlarged on bail during the pendency of present appeal suspending the judgment impugned as far as Sri Dilip Bania is concerned.",04.11.2012,Date,0.9265
38,"These appeals are directed against the judgment dated 04.11.2012, passed by the learned Sessions Judge, Darrang at Mangaldoi in Sessions Case No. 39(DM)/1999, convicting both of them under Sections 366/34 IPC and sentencing them to rigorous imprisonment for 7 (seven) years with a fine of Rs. 5,000/- each, in default, rigorous imprisonment for another 6 (six) months. Aggrieved by the aforesaid judgment, Sri Babul Bania and Sri Dilip Bania preferred these appeals citing several infirmities in the judgment aforementioned. While, Mr. Babul Bania had preferred this appeal from jail, Shri Dilip Bania was enlarged on bail during the pendency of present appeal suspending the judgment impugned as far as Sri Dilip Bania is concerned.",learned Sessions Judge,Person,0.6492
38,"These appeals are directed against the judgment dated 04.11.2012, passed by the learned Sessions Judge, Darrang at Mangaldoi in Sessions Case No. 39(DM)/1999, convicting both of them under Sections 366/34 IPC and sentencing them to rigorous imprisonment for 7 (seven) years with a fine of Rs. 5,000/- each, in default, rigorous imprisonment for another 6 (six) months. Aggrieved by the aforesaid judgment, Sri Babul Bania and Sri Dilip Bania preferred these appeals citing several infirmities in the judgment aforementioned. While, Mr. Babul Bania had preferred this appeal from jail, Shri Dilip Bania was enlarged on bail during the pendency of present appeal suspending the judgment impugned as far as Sri Dilip Bania is concerned.",Darrang at Mangaldoi,Court,0.5774
38,"These appeals are directed against the judgment dated 04.11.2012, passed by the learned Sessions Judge, Darrang at Mangaldoi in Sessions Case No. 39(DM)/1999, convicting both of them under Sections 366/34 IPC and sentencing them to rigorous imprisonment for 7 (seven) years with a fine of Rs. 5,000/- each, in default, rigorous imprisonment for another 6 (six) months. Aggrieved by the aforesaid judgment, Sri Babul Bania and Sri Dilip Bania preferred these appeals citing several infirmities in the judgment aforementioned. While, Mr. Babul Bania had preferred this appeal from jail, Shri Dilip Bania was enlarged on bail during the pendency of present appeal suspending the judgment impugned as far as Sri Dilip Bania is concerned.",Sessions Case No. 39(DM)/1999,Case Number,0.9398
38,"These appeals are directed against the judgment dated 04.11.2012, passed by the learned Sessions Judge, Darrang at Mangaldoi in Sessions Case No. 39(DM)/1999, convicting both of them under Sections 366/34 IPC and sentencing them to rigorous imprisonment for 7 (seven) years with a fine of Rs. 5,000/- each, in default, rigorous imprisonment for another 6 (six) months. Aggrieved by the aforesaid judgment, Sri Babul Bania and Sri Dilip Bania preferred these appeals citing several infirmities in the judgment aforementioned. While, Mr. Babul Bania had preferred this appeal from jail, Shri Dilip Bania was enlarged on bail during the pendency of present appeal suspending the judgment impugned as far as Sri Dilip Bania is concerned.",Sections 366/34 IPC,Section,0.8624
38,"These appeals are directed against the judgment dated 04.11.2012, passed by the learned Sessions Judge, Darrang at Mangaldoi in Sessions Case No. 39(DM)/1999, convicting both of them under Sections 366/34 IPC and sentencing them to rigorous imprisonment for 7 (seven) years with a fine of Rs. 5,000/- each, in default, rigorous imprisonment for another 6 (six) months. Aggrieved by the aforesaid judgment, Sri Babul Bania and Sri Dilip Bania preferred these appeals citing several infirmities in the judgment aforementioned. While, Mr. Babul Bania had preferred this appeal from jail, Shri Dilip Bania was enlarged on bail during the pendency of present appeal suspending the judgment impugned as far as Sri Dilip Bania is concerned.",judgment,Document,0.9552
38,"These appeals are directed against the judgment dated 04.11.2012, passed by the learned Sessions Judge, Darrang at Mangaldoi in Sessions Case No. 39(DM)/1999, convicting both of them under Sections 366/34 IPC and sentencing them to rigorous imprisonment for 7 (seven) years with a fine of Rs. 5,000/- each, in default, rigorous imprisonment for another 6 (six) months. Aggrieved by the aforesaid judgment, Sri Babul Bania and Sri Dilip Bania preferred these appeals citing several infirmities in the judgment aforementioned. While, Mr. Babul Bania had preferred this appeal from jail, Shri Dilip Bania was enlarged on bail during the pendency of present appeal suspending the judgment impugned as far as Sri Dilip Bania is concerned.",Sri Babul Bania,Person,0.8981
38,"These appeals are directed against the judgment dated 04.11.2012, passed by the learned Sessions Judge, Darrang at Mangaldoi in Sessions Case No. 39(DM)/1999, convicting both of them under Sections 366/34 IPC and sentencing them to rigorous imprisonment for 7 (seven) years with a fine of Rs. 5,000/- each, in default, rigorous imprisonment for another 6 (six) months. Aggrieved by the aforesaid judgment, Sri Babul Bania and Sri Dilip Bania preferred these appeals citing several infirmities in the judgment aforementioned. While, Mr. Babul Bania had preferred this appeal from jail, Shri Dilip Bania was enlarged on bail during the pendency of present appeal suspending the judgment impugned as far as Sri Dilip Bania is concerned.",Sri Dilip Bania,Person,0.8583
38,"These appeals are directed against the judgment dated 04.11.2012, passed by the learned Sessions Judge, Darrang at Mangaldoi in Sessions Case No. 39(DM)/1999, convicting both of them under Sections 366/34 IPC and sentencing them to rigorous imprisonment for 7 (seven) years with a fine of Rs. 5,000/- each, in default, rigorous imprisonment for another 6 (six) months. Aggrieved by the aforesaid judgment, Sri Babul Bania and Sri Dilip Bania preferred these appeals citing several infirmities in the judgment aforementioned. While, Mr. Babul Bania had preferred this appeal from jail, Shri Dilip Bania was enlarged on bail during the pendency of present appeal suspending the judgment impugned as far as Sri Dilip Bania is concerned.",judgment,Document,0.9665
38,"These appeals are directed against the judgment dated 04.11.2012, passed by the learned Sessions Judge, Darrang at Mangaldoi in Sessions Case No. 39(DM)/1999, convicting both of them under Sections 366/34 IPC and sentencing them to rigorous imprisonment for 7 (seven) years with a fine of Rs. 5,000/- each, in default, rigorous imprisonment for another 6 (six) months. Aggrieved by the aforesaid judgment, Sri Babul Bania and Sri Dilip Bania preferred these appeals citing several infirmities in the judgment aforementioned. While, Mr. Babul Bania had preferred this appeal from jail, Shri Dilip Bania was enlarged on bail during the pendency of present appeal suspending the judgment impugned as far as Sri Dilip Bania is concerned.",Mr. Babul Bania,Person,0.6471
38,"These appeals are directed against the judgment dated 04.11.2012, passed by the learned Sessions Judge, Darrang at Mangaldoi in Sessions Case No. 39(DM)/1999, convicting both of them under Sections 366/34 IPC and sentencing them to rigorous imprisonment for 7 (seven) years with a fine of Rs. 5,000/- each, in default, rigorous imprisonment for another 6 (six) months. Aggrieved by the aforesaid judgment, Sri Babul Bania and Sri Dilip Bania preferred these appeals citing several infirmities in the judgment aforementioned. While, Mr. Babul Bania had preferred this appeal from jail, Shri Dilip Bania was enlarged on bail during the pendency of present appeal suspending the judgment impugned as far as Sri Dilip Bania is concerned.",Shri Dilip Bania,Person,0.5886
38,"These appeals are directed against the judgment dated 04.11.2012, passed by the learned Sessions Judge, Darrang at Mangaldoi in Sessions Case No. 39(DM)/1999, convicting both of them under Sections 366/34 IPC and sentencing them to rigorous imprisonment for 7 (seven) years with a fine of Rs. 5,000/- each, in default, rigorous imprisonment for another 6 (six) months. Aggrieved by the aforesaid judgment, Sri Babul Bania and Sri Dilip Bania preferred these appeals citing several infirmities in the judgment aforementioned. While, Mr. Babul Bania had preferred this appeal from jail, Shri Dilip Bania was enlarged on bail during the pendency of present appeal suspending the judgment impugned as far as Sri Dilip Bania is concerned.",judgment,Document,0.9459
38,"These appeals are directed against the judgment dated 04.11.2012, passed by the learned Sessions Judge, Darrang at Mangaldoi in Sessions Case No. 39(DM)/1999, convicting both of them under Sections 366/34 IPC and sentencing them to rigorous imprisonment for 7 (seven) years with a fine of Rs. 5,000/- each, in default, rigorous imprisonment for another 6 (six) months. Aggrieved by the aforesaid judgment, Sri Babul Bania and Sri Dilip Bania preferred these appeals citing several infirmities in the judgment aforementioned. While, Mr. Babul Bania had preferred this appeal from jail, Shri Dilip Bania was enlarged on bail during the pendency of present appeal suspending the judgment impugned as far as Sri Dilip Bania is concerned.",Sri Dilip Bania,Person,0.8659
39,"This appeal is directed against the judgment dated 04.03.2011 passed by the Addl. Sessions Judge, F.T.C., Nagaon, Assam in Sessions Case NO. 77(N) of 2008 convicting one Md. Nur Islam of offences under Section 457/ 376 IPC and sentencing him to suffer rigorous imprisonment for 4 ½ years and fine of Rs. 1,000/- in default to undergo simple imprisonment for 15 days for offence under Section 376 IPC and sentencing him to simple imprisonment for 3 years and a fine of Rs. 1, 000/- in default to undergo simple imprisonment for another period of 15 days for offence under Section 457 IPC. Being aggrieved by and dissatisfied with aforesaid judgment, the petitioner Md. Nur Islam, hereinafter, referred to as accused person, preferred this appeal citing several infirmities in the judgment, impugned.",judgment,Document,0.9229
39,"This appeal is directed against the judgment dated 04.03.2011 passed by the Addl. Sessions Judge, F.T.C., Nagaon, Assam in Sessions Case NO. 77(N) of 2008 convicting one Md. Nur Islam of offences under Section 457/ 376 IPC and sentencing him to suffer rigorous imprisonment for 4 ½ years and fine of Rs. 1,000/- in default to undergo simple imprisonment for 15 days for offence under Section 376 IPC and sentencing him to simple imprisonment for 3 years and a fine of Rs. 1, 000/- in default to undergo simple imprisonment for another period of 15 days for offence under Section 457 IPC. Being aggrieved by and dissatisfied with aforesaid judgment, the petitioner Md. Nur Islam, hereinafter, referred to as accused person, preferred this appeal citing several infirmities in the judgment, impugned.",04.03.2011,Date,0.9552
39,"This appeal is directed against the judgment dated 04.03.2011 passed by the Addl. Sessions Judge, F.T.C., Nagaon, Assam in Sessions Case NO. 77(N) of 2008 convicting one Md. Nur Islam of offences under Section 457/ 376 IPC and sentencing him to suffer rigorous imprisonment for 4 ½ years and fine of Rs. 1,000/- in default to undergo simple imprisonment for 15 days for offence under Section 376 IPC and sentencing him to simple imprisonment for 3 years and a fine of Rs. 1, 000/- in default to undergo simple imprisonment for another period of 15 days for offence under Section 457 IPC. Being aggrieved by and dissatisfied with aforesaid judgment, the petitioner Md. Nur Islam, hereinafter, referred to as accused person, preferred this appeal citing several infirmities in the judgment, impugned.",F.T.C.,Court,0.6749
39,"This appeal is directed against the judgment dated 04.03.2011 passed by the Addl. Sessions Judge, F.T.C., Nagaon, Assam in Sessions Case NO. 77(N) of 2008 convicting one Md. Nur Islam of offences under Section 457/ 376 IPC and sentencing him to suffer rigorous imprisonment for 4 ½ years and fine of Rs. 1,000/- in default to undergo simple imprisonment for 15 days for offence under Section 376 IPC and sentencing him to simple imprisonment for 3 years and a fine of Rs. 1, 000/- in default to undergo simple imprisonment for another period of 15 days for offence under Section 457 IPC. Being aggrieved by and dissatisfied with aforesaid judgment, the petitioner Md. Nur Islam, hereinafter, referred to as accused person, preferred this appeal citing several infirmities in the judgment, impugned.",Sessions Case NO. 77(N) of 2008,Case Number,0.9507
39,"This appeal is directed against the judgment dated 04.03.2011 passed by the Addl. Sessions Judge, F.T.C., Nagaon, Assam in Sessions Case NO. 77(N) of 2008 convicting one Md. Nur Islam of offences under Section 457/ 376 IPC and sentencing him to suffer rigorous imprisonment for 4 ½ years and fine of Rs. 1,000/- in default to undergo simple imprisonment for 15 days for offence under Section 376 IPC and sentencing him to simple imprisonment for 3 years and a fine of Rs. 1, 000/- in default to undergo simple imprisonment for another period of 15 days for offence under Section 457 IPC. Being aggrieved by and dissatisfied with aforesaid judgment, the petitioner Md. Nur Islam, hereinafter, referred to as accused person, preferred this appeal citing several infirmities in the judgment, impugned.",Md. Nur Islam,Person,0.9887
39,"This appeal is directed against the judgment dated 04.03.2011 passed by the Addl. Sessions Judge, F.T.C., Nagaon, Assam in Sessions Case NO. 77(N) of 2008 convicting one Md. Nur Islam of offences under Section 457/ 376 IPC and sentencing him to suffer rigorous imprisonment for 4 ½ years and fine of Rs. 1,000/- in default to undergo simple imprisonment for 15 days for offence under Section 376 IPC and sentencing him to simple imprisonment for 3 years and a fine of Rs. 1, 000/- in default to undergo simple imprisonment for another period of 15 days for offence under Section 457 IPC. Being aggrieved by and dissatisfied with aforesaid judgment, the petitioner Md. Nur Islam, hereinafter, referred to as accused person, preferred this appeal citing several infirmities in the judgment, impugned.",IPC,Law,0.8016
39,"This appeal is directed against the judgment dated 04.03.2011 passed by the Addl. Sessions Judge, F.T.C., Nagaon, Assam in Sessions Case NO. 77(N) of 2008 convicting one Md. Nur Islam of offences under Section 457/ 376 IPC and sentencing him to suffer rigorous imprisonment for 4 ½ years and fine of Rs. 1,000/- in default to undergo simple imprisonment for 15 days for offence under Section 376 IPC and sentencing him to simple imprisonment for 3 years and a fine of Rs. 1, 000/- in default to undergo simple imprisonment for another period of 15 days for offence under Section 457 IPC. Being aggrieved by and dissatisfied with aforesaid judgment, the petitioner Md. Nur Islam, hereinafter, referred to as accused person, preferred this appeal citing several infirmities in the judgment, impugned.",IPC,Law,0.8071
39,"This appeal is directed against the judgment dated 04.03.2011 passed by the Addl. Sessions Judge, F.T.C., Nagaon, Assam in Sessions Case NO. 77(N) of 2008 convicting one Md. Nur Islam of offences under Section 457/ 376 IPC and sentencing him to suffer rigorous imprisonment for 4 ½ years and fine of Rs. 1,000/- in default to undergo simple imprisonment for 15 days for offence under Section 376 IPC and sentencing him to simple imprisonment for 3 years and a fine of Rs. 1, 000/- in default to undergo simple imprisonment for another period of 15 days for offence under Section 457 IPC. Being aggrieved by and dissatisfied with aforesaid judgment, the petitioner Md. Nur Islam, hereinafter, referred to as accused person, preferred this appeal citing several infirmities in the judgment, impugned.",Section 457,Section,0.5109
39,"This appeal is directed against the judgment dated 04.03.2011 passed by the Addl. Sessions Judge, F.T.C., Nagaon, Assam in Sessions Case NO. 77(N) of 2008 convicting one Md. Nur Islam of offences under Section 457/ 376 IPC and sentencing him to suffer rigorous imprisonment for 4 ½ years and fine of Rs. 1,000/- in default to undergo simple imprisonment for 15 days for offence under Section 376 IPC and sentencing him to simple imprisonment for 3 years and a fine of Rs. 1, 000/- in default to undergo simple imprisonment for another period of 15 days for offence under Section 457 IPC. Being aggrieved by and dissatisfied with aforesaid judgment, the petitioner Md. Nur Islam, hereinafter, referred to as accused person, preferred this appeal citing several infirmities in the judgment, impugned.",IPC,Law,0.8268
39,"This appeal is directed against the judgment dated 04.03.2011 passed by the Addl. Sessions Judge, F.T.C., Nagaon, Assam in Sessions Case NO. 77(N) of 2008 convicting one Md. Nur Islam of offences under Section 457/ 376 IPC and sentencing him to suffer rigorous imprisonment for 4 ½ years and fine of Rs. 1,000/- in default to undergo simple imprisonment for 15 days for offence under Section 376 IPC and sentencing him to simple imprisonment for 3 years and a fine of Rs. 1, 000/- in default to undergo simple imprisonment for another period of 15 days for offence under Section 457 IPC. Being aggrieved by and dissatisfied with aforesaid judgment, the petitioner Md. Nur Islam, hereinafter, referred to as accused person, preferred this appeal citing several infirmities in the judgment, impugned.",judgment,Document,0.9206
39,"This appeal is directed against the judgment dated 04.03.2011 passed by the Addl. Sessions Judge, F.T.C., Nagaon, Assam in Sessions Case NO. 77(N) of 2008 convicting one Md. Nur Islam of offences under Section 457/ 376 IPC and sentencing him to suffer rigorous imprisonment for 4 ½ years and fine of Rs. 1,000/- in default to undergo simple imprisonment for 15 days for offence under Section 376 IPC and sentencing him to simple imprisonment for 3 years and a fine of Rs. 1, 000/- in default to undergo simple imprisonment for another period of 15 days for offence under Section 457 IPC. Being aggrieved by and dissatisfied with aforesaid judgment, the petitioner Md. Nur Islam, hereinafter, referred to as accused person, preferred this appeal citing several infirmities in the judgment, impugned.",Md. Nur Islam,Person,0.9824
39,"This appeal is directed against the judgment dated 04.03.2011 passed by the Addl. Sessions Judge, F.T.C., Nagaon, Assam in Sessions Case NO. 77(N) of 2008 convicting one Md. Nur Islam of offences under Section 457/ 376 IPC and sentencing him to suffer rigorous imprisonment for 4 ½ years and fine of Rs. 1,000/- in default to undergo simple imprisonment for 15 days for offence under Section 376 IPC and sentencing him to simple imprisonment for 3 years and a fine of Rs. 1, 000/- in default to undergo simple imprisonment for another period of 15 days for offence under Section 457 IPC. Being aggrieved by and dissatisfied with aforesaid judgment, the petitioner Md. Nur Islam, hereinafter, referred to as accused person, preferred this appeal citing several infirmities in the judgment, impugned.",judgment,Document,0.9177
40,"individual petitioner after affording to each petitioner an opportunity of being heard in support of his contentions. We also hasten to observe that the Income Tax Officer (TDS) shall pass reasoned order in each cases justifying his conclusion as to whether and why and on what basis the petitioner (assessee) is entitled to claim exemption and if not why? Let this enquiry be held by the Income Tax Officer (TDS), Dibrugarh, Assam within a period of six months from today. Each of the petitioners shall submit proper representation duly supported with documentary evidence and necessary details to enable the authority concerned to decide the said representation as directed supra within the timeframe fixed. It be submitted within a month from today as an outer limit. It is with these observations and directions, the writ petition is disposed of. No cost.",individual petitioner,Person,0.7407
40,"individual petitioner after affording to each petitioner an opportunity of being heard in support of his contentions. We also hasten to observe that the Income Tax Officer (TDS) shall pass reasoned order in each cases justifying his conclusion as to whether and why and on what basis the petitioner (assessee) is entitled to claim exemption and if not why? Let this enquiry be held by the Income Tax Officer (TDS), Dibrugarh, Assam within a period of six months from today. Each of the petitioners shall submit proper representation duly supported with documentary evidence and necessary details to enable the authority concerned to decide the said representation as directed supra within the timeframe fixed. It be submitted within a month from today as an outer limit. It is with these observations and directions, the writ petition is disposed of. No cost.",Income Tax Officer (TDS),Person,0.8915
40,"individual petitioner after affording to each petitioner an opportunity of being heard in support of his contentions. We also hasten to observe that the Income Tax Officer (TDS) shall pass reasoned order in each cases justifying his conclusion as to whether and why and on what basis the petitioner (assessee) is entitled to claim exemption and if not why? Let this enquiry be held by the Income Tax Officer (TDS), Dibrugarh, Assam within a period of six months from today. Each of the petitioners shall submit proper representation duly supported with documentary evidence and necessary details to enable the authority concerned to decide the said representation as directed supra within the timeframe fixed. It be submitted within a month from today as an outer limit. It is with these observations and directions, the writ petition is disposed of. No cost.",petitioner,Person,0.5042
40,"individual petitioner after affording to each petitioner an opportunity of being heard in support of his contentions. We also hasten to observe that the Income Tax Officer (TDS) shall pass reasoned order in each cases justifying his conclusion as to whether and why and on what basis the petitioner (assessee) is entitled to claim exemption and if not why? Let this enquiry be held by the Income Tax Officer (TDS), Dibrugarh, Assam within a period of six months from today. Each of the petitioners shall submit proper representation duly supported with documentary evidence and necessary details to enable the authority concerned to decide the said representation as directed supra within the timeframe fixed. It be submitted within a month from today as an outer limit. It is with these observations and directions, the writ petition is disposed of. No cost.",Income Tax Officer (TDS),Person,0.8643
40,"individual petitioner after affording to each petitioner an opportunity of being heard in support of his contentions. We also hasten to observe that the Income Tax Officer (TDS) shall pass reasoned order in each cases justifying his conclusion as to whether and why and on what basis the petitioner (assessee) is entitled to claim exemption and if not why? Let this enquiry be held by the Income Tax Officer (TDS), Dibrugarh, Assam within a period of six months from today. Each of the petitioners shall submit proper representation duly supported with documentary evidence and necessary details to enable the authority concerned to decide the said representation as directed supra within the timeframe fixed. It be submitted within a month from today as an outer limit. It is with these observations and directions, the writ petition is disposed of. No cost.",proper representation,Document,0.6873
40,"individual petitioner after affording to each petitioner an opportunity of being heard in support of his contentions. We also hasten to observe that the Income Tax Officer (TDS) shall pass reasoned order in each cases justifying his conclusion as to whether and why and on what basis the petitioner (assessee) is entitled to claim exemption and if not why? Let this enquiry be held by the Income Tax Officer (TDS), Dibrugarh, Assam within a period of six months from today. Each of the petitioners shall submit proper representation duly supported with documentary evidence and necessary details to enable the authority concerned to decide the said representation as directed supra within the timeframe fixed. It be submitted within a month from today as an outer limit. It is with these observations and directions, the writ petition is disposed of. No cost.",documentary evidence,Document,0.6602
40,"individual petitioner after affording to each petitioner an opportunity of being heard in support of his contentions. We also hasten to observe that the Income Tax Officer (TDS) shall pass reasoned order in each cases justifying his conclusion as to whether and why and on what basis the petitioner (assessee) is entitled to claim exemption and if not why? Let this enquiry be held by the Income Tax Officer (TDS), Dibrugarh, Assam within a period of six months from today. Each of the petitioners shall submit proper representation duly supported with documentary evidence and necessary details to enable the authority concerned to decide the said representation as directed supra within the timeframe fixed. It be submitted within a month from today as an outer limit. It is with these observations and directions, the writ petition is disposed of. No cost.",necessary details,Document,0.5195
41,"This appeal is at the instance of the State challenging the judgment dated 17.5.2007 passed by the learned Sessions Judge, Darrang , Mangaldoi in Sessions Case No.176 (DM) of 2005, whereby the respondent Nos. 2, 3, 4 and 5 have been acquitted from the offence under Section 302 read with section 34 of the IPC. Though the respondent No.1 was convicted u/s 304 PT-II IPC he was released on probation of good conduct and also imposing fine of Rs.21,000/- (Twenty one Thousand). However, in the memo of appeal the State appellant has not made any specific prayer to enhance the sentence of the respondent No.1.",17.5.2007,Date,0.9584
41,"This appeal is at the instance of the State challenging the judgment dated 17.5.2007 passed by the learned Sessions Judge, Darrang , Mangaldoi in Sessions Case No.176 (DM) of 2005, whereby the respondent Nos. 2, 3, 4 and 5 have been acquitted from the offence under Section 302 read with section 34 of the IPC. Though the respondent No.1 was convicted u/s 304 PT-II IPC he was released on probation of good conduct and also imposing fine of Rs.21,000/- (Twenty one Thousand). However, in the memo of appeal the State appellant has not made any specific prayer to enhance the sentence of the respondent No.1.",Sessions Case No.176 (DM) of 2005,Case Number,0.9291
41,"This appeal is at the instance of the State challenging the judgment dated 17.5.2007 passed by the learned Sessions Judge, Darrang , Mangaldoi in Sessions Case No.176 (DM) of 2005, whereby the respondent Nos. 2, 3, 4 and 5 have been acquitted from the offence under Section 302 read with section 34 of the IPC. Though the respondent No.1 was convicted u/s 304 PT-II IPC he was released on probation of good conduct and also imposing fine of Rs.21,000/- (Twenty one Thousand). However, in the memo of appeal the State appellant has not made any specific prayer to enhance the sentence of the respondent No.1.","respondent Nos. 2, 3, 4 and 5",Person,0.5861
41,"This appeal is at the instance of the State challenging the judgment dated 17.5.2007 passed by the learned Sessions Judge, Darrang , Mangaldoi in Sessions Case No.176 (DM) of 2005, whereby the respondent Nos. 2, 3, 4 and 5 have been acquitted from the offence under Section 302 read with section 34 of the IPC. Though the respondent No.1 was convicted u/s 304 PT-II IPC he was released on probation of good conduct and also imposing fine of Rs.21,000/- (Twenty one Thousand). However, in the memo of appeal the State appellant has not made any specific prayer to enhance the sentence of the respondent No.1.",Section 302,Section,0.9728
41,"This appeal is at the instance of the State challenging the judgment dated 17.5.2007 passed by the learned Sessions Judge, Darrang , Mangaldoi in Sessions Case No.176 (DM) of 2005, whereby the respondent Nos. 2, 3, 4 and 5 have been acquitted from the offence under Section 302 read with section 34 of the IPC. Though the respondent No.1 was convicted u/s 304 PT-II IPC he was released on probation of good conduct and also imposing fine of Rs.21,000/- (Twenty one Thousand). However, in the memo of appeal the State appellant has not made any specific prayer to enhance the sentence of the respondent No.1.",section 34,Section,0.8894
41,"This appeal is at the instance of the State challenging the judgment dated 17.5.2007 passed by the learned Sessions Judge, Darrang , Mangaldoi in Sessions Case No.176 (DM) of 2005, whereby the respondent Nos. 2, 3, 4 and 5 have been acquitted from the offence under Section 302 read with section 34 of the IPC. Though the respondent No.1 was convicted u/s 304 PT-II IPC he was released on probation of good conduct and also imposing fine of Rs.21,000/- (Twenty one Thousand). However, in the memo of appeal the State appellant has not made any specific prayer to enhance the sentence of the respondent No.1.",IPC,Law,0.7871
41,"This appeal is at the instance of the State challenging the judgment dated 17.5.2007 passed by the learned Sessions Judge, Darrang , Mangaldoi in Sessions Case No.176 (DM) of 2005, whereby the respondent Nos. 2, 3, 4 and 5 have been acquitted from the offence under Section 302 read with section 34 of the IPC. Though the respondent No.1 was convicted u/s 304 PT-II IPC he was released on probation of good conduct and also imposing fine of Rs.21,000/- (Twenty one Thousand). However, in the memo of appeal the State appellant has not made any specific prayer to enhance the sentence of the respondent No.1.",respondent No.1,Person,0.8665
41,"This appeal is at the instance of the State challenging the judgment dated 17.5.2007 passed by the learned Sessions Judge, Darrang , Mangaldoi in Sessions Case No.176 (DM) of 2005, whereby the respondent Nos. 2, 3, 4 and 5 have been acquitted from the offence under Section 302 read with section 34 of the IPC. Though the respondent No.1 was convicted u/s 304 PT-II IPC he was released on probation of good conduct and also imposing fine of Rs.21,000/- (Twenty one Thousand). However, in the memo of appeal the State appellant has not made any specific prayer to enhance the sentence of the respondent No.1.",IPC,Law,0.8349
41,"This appeal is at the instance of the State challenging the judgment dated 17.5.2007 passed by the learned Sessions Judge, Darrang , Mangaldoi in Sessions Case No.176 (DM) of 2005, whereby the respondent Nos. 2, 3, 4 and 5 have been acquitted from the offence under Section 302 read with section 34 of the IPC. Though the respondent No.1 was convicted u/s 304 PT-II IPC he was released on probation of good conduct and also imposing fine of Rs.21,000/- (Twenty one Thousand). However, in the memo of appeal the State appellant has not made any specific prayer to enhance the sentence of the respondent No.1.",memo of appeal,Document,0.925
41,"This appeal is at the instance of the State challenging the judgment dated 17.5.2007 passed by the learned Sessions Judge, Darrang , Mangaldoi in Sessions Case No.176 (DM) of 2005, whereby the respondent Nos. 2, 3, 4 and 5 have been acquitted from the offence under Section 302 read with section 34 of the IPC. Though the respondent No.1 was convicted u/s 304 PT-II IPC he was released on probation of good conduct and also imposing fine of Rs.21,000/- (Twenty one Thousand). However, in the memo of appeal the State appellant has not made any specific prayer to enhance the sentence of the respondent No.1.",respondent No.1,Person,0.8965
42,"Heard Mr. G Choudury, learned counsel for the appellant and Mr. Z Kamar, learned Public Prosecutor for the State. We have also gone through the impugned judgment and the prosecution evidence proffered in the trial court. The defense case was that the accused assaulted the deceased with a bamboo stick as the deceased was attempting to assault his mother. In his statement under Section 313 of the Cr.P.C. the accused/appellant has admitted repeatedly about assaulting the deceased with a bamboo lathi. Hence, no evidence in defense was given.",Mr. G Choudury,Person,0.7733
42,"Heard Mr. G Choudury, learned counsel for the appellant and Mr. Z Kamar, learned Public Prosecutor for the State. We have also gone through the impugned judgment and the prosecution evidence proffered in the trial court. The defense case was that the accused assaulted the deceased with a bamboo stick as the deceased was attempting to assault his mother. In his statement under Section 313 of the Cr.P.C. the accused/appellant has admitted repeatedly about assaulting the deceased with a bamboo lathi. Hence, no evidence in defense was given.",the appellant,Person,0.5455
42,"Heard Mr. G Choudury, learned counsel for the appellant and Mr. Z Kamar, learned Public Prosecutor for the State. We have also gone through the impugned judgment and the prosecution evidence proffered in the trial court. The defense case was that the accused assaulted the deceased with a bamboo stick as the deceased was attempting to assault his mother. In his statement under Section 313 of the Cr.P.C. the accused/appellant has admitted repeatedly about assaulting the deceased with a bamboo lathi. Hence, no evidence in defense was given.",Mr. Z Kamar,Person,0.7223
42,"Heard Mr. G Choudury, learned counsel for the appellant and Mr. Z Kamar, learned Public Prosecutor for the State. We have also gone through the impugned judgment and the prosecution evidence proffered in the trial court. The defense case was that the accused assaulted the deceased with a bamboo stick as the deceased was attempting to assault his mother. In his statement under Section 313 of the Cr.P.C. the accused/appellant has admitted repeatedly about assaulting the deceased with a bamboo lathi. Hence, no evidence in defense was given.",impugned judgment,Document,0.5828
42,"Heard Mr. G Choudury, learned counsel for the appellant and Mr. Z Kamar, learned Public Prosecutor for the State. We have also gone through the impugned judgment and the prosecution evidence proffered in the trial court. The defense case was that the accused assaulted the deceased with a bamboo stick as the deceased was attempting to assault his mother. In his statement under Section 313 of the Cr.P.C. the accused/appellant has admitted repeatedly about assaulting the deceased with a bamboo lathi. Hence, no evidence in defense was given.",prosecution evidence,Document,0.6406
42,"Heard Mr. G Choudury, learned counsel for the appellant and Mr. Z Kamar, learned Public Prosecutor for the State. We have also gone through the impugned judgment and the prosecution evidence proffered in the trial court. The defense case was that the accused assaulted the deceased with a bamboo stick as the deceased was attempting to assault his mother. In his statement under Section 313 of the Cr.P.C. the accused/appellant has admitted repeatedly about assaulting the deceased with a bamboo lathi. Hence, no evidence in defense was given.",trial court,Court,0.9355
42,"Heard Mr. G Choudury, learned counsel for the appellant and Mr. Z Kamar, learned Public Prosecutor for the State. We have also gone through the impugned judgment and the prosecution evidence proffered in the trial court. The defense case was that the accused assaulted the deceased with a bamboo stick as the deceased was attempting to assault his mother. In his statement under Section 313 of the Cr.P.C. the accused/appellant has admitted repeatedly about assaulting the deceased with a bamboo lathi. Hence, no evidence in defense was given.",the accused,Person,0.601
42,"Heard Mr. G Choudury, learned counsel for the appellant and Mr. Z Kamar, learned Public Prosecutor for the State. We have also gone through the impugned judgment and the prosecution evidence proffered in the trial court. The defense case was that the accused assaulted the deceased with a bamboo stick as the deceased was attempting to assault his mother. In his statement under Section 313 of the Cr.P.C. the accused/appellant has admitted repeatedly about assaulting the deceased with a bamboo lathi. Hence, no evidence in defense was given.",the deceased,Person,0.7562
42,"Heard Mr. G Choudury, learned counsel for the appellant and Mr. Z Kamar, learned Public Prosecutor for the State. We have also gone through the impugned judgment and the prosecution evidence proffered in the trial court. The defense case was that the accused assaulted the deceased with a bamboo stick as the deceased was attempting to assault his mother. In his statement under Section 313 of the Cr.P.C. the accused/appellant has admitted repeatedly about assaulting the deceased with a bamboo lathi. Hence, no evidence in defense was given.",the deceased,Person,0.8083
42,"Heard Mr. G Choudury, learned counsel for the appellant and Mr. Z Kamar, learned Public Prosecutor for the State. We have also gone through the impugned judgment and the prosecution evidence proffered in the trial court. The defense case was that the accused assaulted the deceased with a bamboo stick as the deceased was attempting to assault his mother. In his statement under Section 313 of the Cr.P.C. the accused/appellant has admitted repeatedly about assaulting the deceased with a bamboo lathi. Hence, no evidence in defense was given.",Section 313,Section,0.9498
42,"Heard Mr. G Choudury, learned counsel for the appellant and Mr. Z Kamar, learned Public Prosecutor for the State. We have also gone through the impugned judgment and the prosecution evidence proffered in the trial court. The defense case was that the accused assaulted the deceased with a bamboo stick as the deceased was attempting to assault his mother. In his statement under Section 313 of the Cr.P.C. the accused/appellant has admitted repeatedly about assaulting the deceased with a bamboo lathi. Hence, no evidence in defense was given.",Cr.P.C.,Law,0.8825
42,"Heard Mr. G Choudury, learned counsel for the appellant and Mr. Z Kamar, learned Public Prosecutor for the State. We have also gone through the impugned judgment and the prosecution evidence proffered in the trial court. The defense case was that the accused assaulted the deceased with a bamboo stick as the deceased was attempting to assault his mother. In his statement under Section 313 of the Cr.P.C. the accused/appellant has admitted repeatedly about assaulting the deceased with a bamboo lathi. Hence, no evidence in defense was given.",accused,Person,0.6301
42,"Heard Mr. G Choudury, learned counsel for the appellant and Mr. Z Kamar, learned Public Prosecutor for the State. We have also gone through the impugned judgment and the prosecution evidence proffered in the trial court. The defense case was that the accused assaulted the deceased with a bamboo stick as the deceased was attempting to assault his mother. In his statement under Section 313 of the Cr.P.C. the accused/appellant has admitted repeatedly about assaulting the deceased with a bamboo lathi. Hence, no evidence in defense was given.",deceased,Person,0.7629
43,"Mr. Talukdar, learned counsel for the appellant submitted that while convicting the appellant under the aforesaid provisions of law, the learned Special Judge ignored the depositions of a large number of prosecution witnesses, who deposed in favour of the accused. Similarly, the trial court also discarded the defence evidence superficially and on flimsy ground. According to the learned counsel, the wife of the accused/appellant had additional earning by way of getting rent from different shopkeepers. However, the income of the wife has not been taken into consideration by the trial court solely on the ground that the shops were constructed on Government khas land. The learned counsel also submitted that at some point of time the wife of the accused had also purchased a truck by taking loan of Rs. 80,000/- from a financial institution, which could be gathered from the deposition of PW 14. The learned counsel also submitted that PW 22 has also admitted that in the salary statement the department did not include the arrear D.A. Referring to the depositions of PW 19 and 24 the learned counsel submitted that the accused had also sold a plot of land in the year 1996 at an amount of Rs. 1,30,000/- According to the learned counsel, if all these incomes are added then the difference of assets would stand satisfactorily explained.",Mr. Talukdar,Person,0.6661
43,"Mr. Talukdar, learned counsel for the appellant submitted that while convicting the appellant under the aforesaid provisions of law, the learned Special Judge ignored the depositions of a large number of prosecution witnesses, who deposed in favour of the accused. Similarly, the trial court also discarded the defence evidence superficially and on flimsy ground. According to the learned counsel, the wife of the accused/appellant had additional earning by way of getting rent from different shopkeepers. However, the income of the wife has not been taken into consideration by the trial court solely on the ground that the shops were constructed on Government khas land. The learned counsel also submitted that at some point of time the wife of the accused had also purchased a truck by taking loan of Rs. 80,000/- from a financial institution, which could be gathered from the deposition of PW 14. The learned counsel also submitted that PW 22 has also admitted that in the salary statement the department did not include the arrear D.A. Referring to the depositions of PW 19 and 24 the learned counsel submitted that the accused had also sold a plot of land in the year 1996 at an amount of Rs. 1,30,000/- According to the learned counsel, if all these incomes are added then the difference of assets would stand satisfactorily explained.",learned counsel for the appellant,Person,0.7218
43,"Mr. Talukdar, learned counsel for the appellant submitted that while convicting the appellant under the aforesaid provisions of law, the learned Special Judge ignored the depositions of a large number of prosecution witnesses, who deposed in favour of the accused. Similarly, the trial court also discarded the defence evidence superficially and on flimsy ground. According to the learned counsel, the wife of the accused/appellant had additional earning by way of getting rent from different shopkeepers. However, the income of the wife has not been taken into consideration by the trial court solely on the ground that the shops were constructed on Government khas land. The learned counsel also submitted that at some point of time the wife of the accused had also purchased a truck by taking loan of Rs. 80,000/- from a financial institution, which could be gathered from the deposition of PW 14. The learned counsel also submitted that PW 22 has also admitted that in the salary statement the department did not include the arrear D.A. Referring to the depositions of PW 19 and 24 the learned counsel submitted that the accused had also sold a plot of land in the year 1996 at an amount of Rs. 1,30,000/- According to the learned counsel, if all these incomes are added then the difference of assets would stand satisfactorily explained.",depositions,Document,0.5088
43,"Mr. Talukdar, learned counsel for the appellant submitted that while convicting the appellant under the aforesaid provisions of law, the learned Special Judge ignored the depositions of a large number of prosecution witnesses, who deposed in favour of the accused. Similarly, the trial court also discarded the defence evidence superficially and on flimsy ground. According to the learned counsel, the wife of the accused/appellant had additional earning by way of getting rent from different shopkeepers. However, the income of the wife has not been taken into consideration by the trial court solely on the ground that the shops were constructed on Government khas land. The learned counsel also submitted that at some point of time the wife of the accused had also purchased a truck by taking loan of Rs. 80,000/- from a financial institution, which could be gathered from the deposition of PW 14. The learned counsel also submitted that PW 22 has also admitted that in the salary statement the department did not include the arrear D.A. Referring to the depositions of PW 19 and 24 the learned counsel submitted that the accused had also sold a plot of land in the year 1996 at an amount of Rs. 1,30,000/- According to the learned counsel, if all these incomes are added then the difference of assets would stand satisfactorily explained.",trial court,Court,0.9167
43,"Mr. Talukdar, learned counsel for the appellant submitted that while convicting the appellant under the aforesaid provisions of law, the learned Special Judge ignored the depositions of a large number of prosecution witnesses, who deposed in favour of the accused. Similarly, the trial court also discarded the defence evidence superficially and on flimsy ground. According to the learned counsel, the wife of the accused/appellant had additional earning by way of getting rent from different shopkeepers. However, the income of the wife has not been taken into consideration by the trial court solely on the ground that the shops were constructed on Government khas land. The learned counsel also submitted that at some point of time the wife of the accused had also purchased a truck by taking loan of Rs. 80,000/- from a financial institution, which could be gathered from the deposition of PW 14. The learned counsel also submitted that PW 22 has also admitted that in the salary statement the department did not include the arrear D.A. Referring to the depositions of PW 19 and 24 the learned counsel submitted that the accused had also sold a plot of land in the year 1996 at an amount of Rs. 1,30,000/- According to the learned counsel, if all these incomes are added then the difference of assets would stand satisfactorily explained.",learned counsel,Person,0.5478
43,"Mr. Talukdar, learned counsel for the appellant submitted that while convicting the appellant under the aforesaid provisions of law, the learned Special Judge ignored the depositions of a large number of prosecution witnesses, who deposed in favour of the accused. Similarly, the trial court also discarded the defence evidence superficially and on flimsy ground. According to the learned counsel, the wife of the accused/appellant had additional earning by way of getting rent from different shopkeepers. However, the income of the wife has not been taken into consideration by the trial court solely on the ground that the shops were constructed on Government khas land. The learned counsel also submitted that at some point of time the wife of the accused had also purchased a truck by taking loan of Rs. 80,000/- from a financial institution, which could be gathered from the deposition of PW 14. The learned counsel also submitted that PW 22 has also admitted that in the salary statement the department did not include the arrear D.A. Referring to the depositions of PW 19 and 24 the learned counsel submitted that the accused had also sold a plot of land in the year 1996 at an amount of Rs. 1,30,000/- According to the learned counsel, if all these incomes are added then the difference of assets would stand satisfactorily explained.",trial court,Court,0.9351
43,"Mr. Talukdar, learned counsel for the appellant submitted that while convicting the appellant under the aforesaid provisions of law, the learned Special Judge ignored the depositions of a large number of prosecution witnesses, who deposed in favour of the accused. Similarly, the trial court also discarded the defence evidence superficially and on flimsy ground. According to the learned counsel, the wife of the accused/appellant had additional earning by way of getting rent from different shopkeepers. However, the income of the wife has not been taken into consideration by the trial court solely on the ground that the shops were constructed on Government khas land. The learned counsel also submitted that at some point of time the wife of the accused had also purchased a truck by taking loan of Rs. 80,000/- from a financial institution, which could be gathered from the deposition of PW 14. The learned counsel also submitted that PW 22 has also admitted that in the salary statement the department did not include the arrear D.A. Referring to the depositions of PW 19 and 24 the learned counsel submitted that the accused had also sold a plot of land in the year 1996 at an amount of Rs. 1,30,000/- According to the learned counsel, if all these incomes are added then the difference of assets would stand satisfactorily explained.",learned counsel,Person,0.5843
43,"Mr. Talukdar, learned counsel for the appellant submitted that while convicting the appellant under the aforesaid provisions of law, the learned Special Judge ignored the depositions of a large number of prosecution witnesses, who deposed in favour of the accused. Similarly, the trial court also discarded the defence evidence superficially and on flimsy ground. According to the learned counsel, the wife of the accused/appellant had additional earning by way of getting rent from different shopkeepers. However, the income of the wife has not been taken into consideration by the trial court solely on the ground that the shops were constructed on Government khas land. The learned counsel also submitted that at some point of time the wife of the accused had also purchased a truck by taking loan of Rs. 80,000/- from a financial institution, which could be gathered from the deposition of PW 14. The learned counsel also submitted that PW 22 has also admitted that in the salary statement the department did not include the arrear D.A. Referring to the depositions of PW 19 and 24 the learned counsel submitted that the accused had also sold a plot of land in the year 1996 at an amount of Rs. 1,30,000/- According to the learned counsel, if all these incomes are added then the difference of assets would stand satisfactorily explained.",PW 14,Person,0.8216
43,"Mr. Talukdar, learned counsel for the appellant submitted that while convicting the appellant under the aforesaid provisions of law, the learned Special Judge ignored the depositions of a large number of prosecution witnesses, who deposed in favour of the accused. Similarly, the trial court also discarded the defence evidence superficially and on flimsy ground. According to the learned counsel, the wife of the accused/appellant had additional earning by way of getting rent from different shopkeepers. However, the income of the wife has not been taken into consideration by the trial court solely on the ground that the shops were constructed on Government khas land. The learned counsel also submitted that at some point of time the wife of the accused had also purchased a truck by taking loan of Rs. 80,000/- from a financial institution, which could be gathered from the deposition of PW 14. The learned counsel also submitted that PW 22 has also admitted that in the salary statement the department did not include the arrear D.A. Referring to the depositions of PW 19 and 24 the learned counsel submitted that the accused had also sold a plot of land in the year 1996 at an amount of Rs. 1,30,000/- According to the learned counsel, if all these incomes are added then the difference of assets would stand satisfactorily explained.",learned counsel,Person,0.544
43,"Mr. Talukdar, learned counsel for the appellant submitted that while convicting the appellant under the aforesaid provisions of law, the learned Special Judge ignored the depositions of a large number of prosecution witnesses, who deposed in favour of the accused. Similarly, the trial court also discarded the defence evidence superficially and on flimsy ground. According to the learned counsel, the wife of the accused/appellant had additional earning by way of getting rent from different shopkeepers. However, the income of the wife has not been taken into consideration by the trial court solely on the ground that the shops were constructed on Government khas land. The learned counsel also submitted that at some point of time the wife of the accused had also purchased a truck by taking loan of Rs. 80,000/- from a financial institution, which could be gathered from the deposition of PW 14. The learned counsel also submitted that PW 22 has also admitted that in the salary statement the department did not include the arrear D.A. Referring to the depositions of PW 19 and 24 the learned counsel submitted that the accused had also sold a plot of land in the year 1996 at an amount of Rs. 1,30,000/- According to the learned counsel, if all these incomes are added then the difference of assets would stand satisfactorily explained.",PW 22,Person,0.8145
43,"Mr. Talukdar, learned counsel for the appellant submitted that while convicting the appellant under the aforesaid provisions of law, the learned Special Judge ignored the depositions of a large number of prosecution witnesses, who deposed in favour of the accused. Similarly, the trial court also discarded the defence evidence superficially and on flimsy ground. According to the learned counsel, the wife of the accused/appellant had additional earning by way of getting rent from different shopkeepers. However, the income of the wife has not been taken into consideration by the trial court solely on the ground that the shops were constructed on Government khas land. The learned counsel also submitted that at some point of time the wife of the accused had also purchased a truck by taking loan of Rs. 80,000/- from a financial institution, which could be gathered from the deposition of PW 14. The learned counsel also submitted that PW 22 has also admitted that in the salary statement the department did not include the arrear D.A. Referring to the depositions of PW 19 and 24 the learned counsel submitted that the accused had also sold a plot of land in the year 1996 at an amount of Rs. 1,30,000/- According to the learned counsel, if all these incomes are added then the difference of assets would stand satisfactorily explained.",salary statement,Document,0.6657
43,"Mr. Talukdar, learned counsel for the appellant submitted that while convicting the appellant under the aforesaid provisions of law, the learned Special Judge ignored the depositions of a large number of prosecution witnesses, who deposed in favour of the accused. Similarly, the trial court also discarded the defence evidence superficially and on flimsy ground. According to the learned counsel, the wife of the accused/appellant had additional earning by way of getting rent from different shopkeepers. However, the income of the wife has not been taken into consideration by the trial court solely on the ground that the shops were constructed on Government khas land. The learned counsel also submitted that at some point of time the wife of the accused had also purchased a truck by taking loan of Rs. 80,000/- from a financial institution, which could be gathered from the deposition of PW 14. The learned counsel also submitted that PW 22 has also admitted that in the salary statement the department did not include the arrear D.A. Referring to the depositions of PW 19 and 24 the learned counsel submitted that the accused had also sold a plot of land in the year 1996 at an amount of Rs. 1,30,000/- According to the learned counsel, if all these incomes are added then the difference of assets would stand satisfactorily explained.",learned counsel,Person,0.5817
43,"Mr. Talukdar, learned counsel for the appellant submitted that while convicting the appellant under the aforesaid provisions of law, the learned Special Judge ignored the depositions of a large number of prosecution witnesses, who deposed in favour of the accused. Similarly, the trial court also discarded the defence evidence superficially and on flimsy ground. According to the learned counsel, the wife of the accused/appellant had additional earning by way of getting rent from different shopkeepers. However, the income of the wife has not been taken into consideration by the trial court solely on the ground that the shops were constructed on Government khas land. The learned counsel also submitted that at some point of time the wife of the accused had also purchased a truck by taking loan of Rs. 80,000/- from a financial institution, which could be gathered from the deposition of PW 14. The learned counsel also submitted that PW 22 has also admitted that in the salary statement the department did not include the arrear D.A. Referring to the depositions of PW 19 and 24 the learned counsel submitted that the accused had also sold a plot of land in the year 1996 at an amount of Rs. 1,30,000/- According to the learned counsel, if all these incomes are added then the difference of assets would stand satisfactorily explained.",learned counsel,Person,0.6306
44,"PW 1 as the first informant lodged information before the Officer-in-Charge, Patharkandi Police Station on 21-08-2009 alleging that at about 7 am on 19-08-2009, his minor daughter, aged about 12 years, had gone to the jungle for collection of herbs to prepare medicines. She was alone. One unidentified person alongwith the accused accosted her and wanted to have physical relation with her by proposing marriage. When she refused, the accused and the unidentified person threatened her by showing a 'dao' and tied her to a tree. With intention to commit rape, her wearing apparels were torn and force was used on her causing injuries. When she raised hue and cry, nearby 'jhum' cultivators came to the place of occurrence and rescued his daughter. The accused could be identified. Though a village meeting called 'bichar' was held on the following day, the matter could not be settled. Hence the first information. The same was treated as FIR and on the basis of the same, Patharkandi PS Case No.120/2009 u/s 342/325/376/511 IPC was registered.",PW 1,Person,0.8271
44,"PW 1 as the first informant lodged information before the Officer-in-Charge, Patharkandi Police Station on 21-08-2009 alleging that at about 7 am on 19-08-2009, his minor daughter, aged about 12 years, had gone to the jungle for collection of herbs to prepare medicines. She was alone. One unidentified person alongwith the accused accosted her and wanted to have physical relation with her by proposing marriage. When she refused, the accused and the unidentified person threatened her by showing a 'dao' and tied her to a tree. With intention to commit rape, her wearing apparels were torn and force was used on her causing injuries. When she raised hue and cry, nearby 'jhum' cultivators came to the place of occurrence and rescued his daughter. The accused could be identified. Though a village meeting called 'bichar' was held on the following day, the matter could not be settled. Hence the first information. The same was treated as FIR and on the basis of the same, Patharkandi PS Case No.120/2009 u/s 342/325/376/511 IPC was registered.",Officer-in-Charge,Person,0.7594
44,"PW 1 as the first informant lodged information before the Officer-in-Charge, Patharkandi Police Station on 21-08-2009 alleging that at about 7 am on 19-08-2009, his minor daughter, aged about 12 years, had gone to the jungle for collection of herbs to prepare medicines. She was alone. One unidentified person alongwith the accused accosted her and wanted to have physical relation with her by proposing marriage. When she refused, the accused and the unidentified person threatened her by showing a 'dao' and tied her to a tree. With intention to commit rape, her wearing apparels were torn and force was used on her causing injuries. When she raised hue and cry, nearby 'jhum' cultivators came to the place of occurrence and rescued his daughter. The accused could be identified. Though a village meeting called 'bichar' was held on the following day, the matter could not be settled. Hence the first information. The same was treated as FIR and on the basis of the same, Patharkandi PS Case No.120/2009 u/s 342/325/376/511 IPC was registered.",Patharkandi Police Station,Police Station,0.9843
44,"PW 1 as the first informant lodged information before the Officer-in-Charge, Patharkandi Police Station on 21-08-2009 alleging that at about 7 am on 19-08-2009, his minor daughter, aged about 12 years, had gone to the jungle for collection of herbs to prepare medicines. She was alone. One unidentified person alongwith the accused accosted her and wanted to have physical relation with her by proposing marriage. When she refused, the accused and the unidentified person threatened her by showing a 'dao' and tied her to a tree. With intention to commit rape, her wearing apparels were torn and force was used on her causing injuries. When she raised hue and cry, nearby 'jhum' cultivators came to the place of occurrence and rescued his daughter. The accused could be identified. Though a village meeting called 'bichar' was held on the following day, the matter could not be settled. Hence the first information. The same was treated as FIR and on the basis of the same, Patharkandi PS Case No.120/2009 u/s 342/325/376/511 IPC was registered.",21-08-2009,Date,0.8772
44,"PW 1 as the first informant lodged information before the Officer-in-Charge, Patharkandi Police Station on 21-08-2009 alleging that at about 7 am on 19-08-2009, his minor daughter, aged about 12 years, had gone to the jungle for collection of herbs to prepare medicines. She was alone. One unidentified person alongwith the accused accosted her and wanted to have physical relation with her by proposing marriage. When she refused, the accused and the unidentified person threatened her by showing a 'dao' and tied her to a tree. With intention to commit rape, her wearing apparels were torn and force was used on her causing injuries. When she raised hue and cry, nearby 'jhum' cultivators came to the place of occurrence and rescued his daughter. The accused could be identified. Though a village meeting called 'bichar' was held on the following day, the matter could not be settled. Hence the first information. The same was treated as FIR and on the basis of the same, Patharkandi PS Case No.120/2009 u/s 342/325/376/511 IPC was registered.",19-08-2009,Date,0.9436
44,"PW 1 as the first informant lodged information before the Officer-in-Charge, Patharkandi Police Station on 21-08-2009 alleging that at about 7 am on 19-08-2009, his minor daughter, aged about 12 years, had gone to the jungle for collection of herbs to prepare medicines. She was alone. One unidentified person alongwith the accused accosted her and wanted to have physical relation with her by proposing marriage. When she refused, the accused and the unidentified person threatened her by showing a 'dao' and tied her to a tree. With intention to commit rape, her wearing apparels were torn and force was used on her causing injuries. When she raised hue and cry, nearby 'jhum' cultivators came to the place of occurrence and rescued his daughter. The accused could be identified. Though a village meeting called 'bichar' was held on the following day, the matter could not be settled. Hence the first information. The same was treated as FIR and on the basis of the same, Patharkandi PS Case No.120/2009 u/s 342/325/376/511 IPC was registered.",minor daughter,Person,0.5197
44,"PW 1 as the first informant lodged information before the Officer-in-Charge, Patharkandi Police Station on 21-08-2009 alleging that at about 7 am on 19-08-2009, his minor daughter, aged about 12 years, had gone to the jungle for collection of herbs to prepare medicines. She was alone. One unidentified person alongwith the accused accosted her and wanted to have physical relation with her by proposing marriage. When she refused, the accused and the unidentified person threatened her by showing a 'dao' and tied her to a tree. With intention to commit rape, her wearing apparels were torn and force was used on her causing injuries. When she raised hue and cry, nearby 'jhum' cultivators came to the place of occurrence and rescued his daughter. The accused could be identified. Though a village meeting called 'bichar' was held on the following day, the matter could not be settled. Hence the first information. The same was treated as FIR and on the basis of the same, Patharkandi PS Case No.120/2009 u/s 342/325/376/511 IPC was registered.",unidentified person,Person,0.8818
44,"PW 1 as the first informant lodged information before the Officer-in-Charge, Patharkandi Police Station on 21-08-2009 alleging that at about 7 am on 19-08-2009, his minor daughter, aged about 12 years, had gone to the jungle for collection of herbs to prepare medicines. She was alone. One unidentified person alongwith the accused accosted her and wanted to have physical relation with her by proposing marriage. When she refused, the accused and the unidentified person threatened her by showing a 'dao' and tied her to a tree. With intention to commit rape, her wearing apparels were torn and force was used on her causing injuries. When she raised hue and cry, nearby 'jhum' cultivators came to the place of occurrence and rescued his daughter. The accused could be identified. Though a village meeting called 'bichar' was held on the following day, the matter could not be settled. Hence the first information. The same was treated as FIR and on the basis of the same, Patharkandi PS Case No.120/2009 u/s 342/325/376/511 IPC was registered.",accused,Person,0.8685
44,"PW 1 as the first informant lodged information before the Officer-in-Charge, Patharkandi Police Station on 21-08-2009 alleging that at about 7 am on 19-08-2009, his minor daughter, aged about 12 years, had gone to the jungle for collection of herbs to prepare medicines. She was alone. One unidentified person alongwith the accused accosted her and wanted to have physical relation with her by proposing marriage. When she refused, the accused and the unidentified person threatened her by showing a 'dao' and tied her to a tree. With intention to commit rape, her wearing apparels were torn and force was used on her causing injuries. When she raised hue and cry, nearby 'jhum' cultivators came to the place of occurrence and rescued his daughter. The accused could be identified. Though a village meeting called 'bichar' was held on the following day, the matter could not be settled. Hence the first information. The same was treated as FIR and on the basis of the same, Patharkandi PS Case No.120/2009 u/s 342/325/376/511 IPC was registered.",accused,Person,0.8765
44,"PW 1 as the first informant lodged information before the Officer-in-Charge, Patharkandi Police Station on 21-08-2009 alleging that at about 7 am on 19-08-2009, his minor daughter, aged about 12 years, had gone to the jungle for collection of herbs to prepare medicines. She was alone. One unidentified person alongwith the accused accosted her and wanted to have physical relation with her by proposing marriage. When she refused, the accused and the unidentified person threatened her by showing a 'dao' and tied her to a tree. With intention to commit rape, her wearing apparels were torn and force was used on her causing injuries. When she raised hue and cry, nearby 'jhum' cultivators came to the place of occurrence and rescued his daughter. The accused could be identified. Though a village meeting called 'bichar' was held on the following day, the matter could not be settled. Hence the first information. The same was treated as FIR and on the basis of the same, Patharkandi PS Case No.120/2009 u/s 342/325/376/511 IPC was registered.",unidentified person,Person,0.9036
44,"PW 1 as the first informant lodged information before the Officer-in-Charge, Patharkandi Police Station on 21-08-2009 alleging that at about 7 am on 19-08-2009, his minor daughter, aged about 12 years, had gone to the jungle for collection of herbs to prepare medicines. She was alone. One unidentified person alongwith the accused accosted her and wanted to have physical relation with her by proposing marriage. When she refused, the accused and the unidentified person threatened her by showing a 'dao' and tied her to a tree. With intention to commit rape, her wearing apparels were torn and force was used on her causing injuries. When she raised hue and cry, nearby 'jhum' cultivators came to the place of occurrence and rescued his daughter. The accused could be identified. Though a village meeting called 'bichar' was held on the following day, the matter could not be settled. Hence the first information. The same was treated as FIR and on the basis of the same, Patharkandi PS Case No.120/2009 u/s 342/325/376/511 IPC was registered.",accused,Person,0.8868
44,"PW 1 as the first informant lodged information before the Officer-in-Charge, Patharkandi Police Station on 21-08-2009 alleging that at about 7 am on 19-08-2009, his minor daughter, aged about 12 years, had gone to the jungle for collection of herbs to prepare medicines. She was alone. One unidentified person alongwith the accused accosted her and wanted to have physical relation with her by proposing marriage. When she refused, the accused and the unidentified person threatened her by showing a 'dao' and tied her to a tree. With intention to commit rape, her wearing apparels were torn and force was used on her causing injuries. When she raised hue and cry, nearby 'jhum' cultivators came to the place of occurrence and rescued his daughter. The accused could be identified. Though a village meeting called 'bichar' was held on the following day, the matter could not be settled. Hence the first information. The same was treated as FIR and on the basis of the same, Patharkandi PS Case No.120/2009 u/s 342/325/376/511 IPC was registered.",bichar,Court,0.7759
44,"PW 1 as the first informant lodged information before the Officer-in-Charge, Patharkandi Police Station on 21-08-2009 alleging that at about 7 am on 19-08-2009, his minor daughter, aged about 12 years, had gone to the jungle for collection of herbs to prepare medicines. She was alone. One unidentified person alongwith the accused accosted her and wanted to have physical relation with her by proposing marriage. When she refused, the accused and the unidentified person threatened her by showing a 'dao' and tied her to a tree. With intention to commit rape, her wearing apparels were torn and force was used on her causing injuries. When she raised hue and cry, nearby 'jhum' cultivators came to the place of occurrence and rescued his daughter. The accused could be identified. Though a village meeting called 'bichar' was held on the following day, the matter could not be settled. Hence the first information. The same was treated as FIR and on the basis of the same, Patharkandi PS Case No.120/2009 u/s 342/325/376/511 IPC was registered.",FIR,Document,0.9387
44,"PW 1 as the first informant lodged information before the Officer-in-Charge, Patharkandi Police Station on 21-08-2009 alleging that at about 7 am on 19-08-2009, his minor daughter, aged about 12 years, had gone to the jungle for collection of herbs to prepare medicines. She was alone. One unidentified person alongwith the accused accosted her and wanted to have physical relation with her by proposing marriage. When she refused, the accused and the unidentified person threatened her by showing a 'dao' and tied her to a tree. With intention to commit rape, her wearing apparels were torn and force was used on her causing injuries. When she raised hue and cry, nearby 'jhum' cultivators came to the place of occurrence and rescued his daughter. The accused could be identified. Though a village meeting called 'bichar' was held on the following day, the matter could not be settled. Hence the first information. The same was treated as FIR and on the basis of the same, Patharkandi PS Case No.120/2009 u/s 342/325/376/511 IPC was registered.",120/2009,Case Number,0.8832
44,"PW 1 as the first informant lodged information before the Officer-in-Charge, Patharkandi Police Station on 21-08-2009 alleging that at about 7 am on 19-08-2009, his minor daughter, aged about 12 years, had gone to the jungle for collection of herbs to prepare medicines. She was alone. One unidentified person alongwith the accused accosted her and wanted to have physical relation with her by proposing marriage. When she refused, the accused and the unidentified person threatened her by showing a 'dao' and tied her to a tree. With intention to commit rape, her wearing apparels were torn and force was used on her causing injuries. When she raised hue and cry, nearby 'jhum' cultivators came to the place of occurrence and rescued his daughter. The accused could be identified. Though a village meeting called 'bichar' was held on the following day, the matter could not be settled. Hence the first information. The same was treated as FIR and on the basis of the same, Patharkandi PS Case No.120/2009 u/s 342/325/376/511 IPC was registered.",IPC,Law,0.8489
45,"The judgment dated 12.6.2012 passed by the learned Sessions Judge, Jorhat in Sessions case No. 153(JJ) of 2008 is under challenge in this criminal appeal. By this impugned judgment the appellant has been convicted under Section 306 of the Indian Penal Code and he has been sentenced to undergo Rigorous Imprisonment for eight years and to pay fine of Rs. 20,000/- with default stipulation of further RI for six months. Being aggrieved by the conviction and sentence, the appellant has preferred this appeal. Heard Mr. AM Bora, learned counsel for the appellant and Mr. BJ Dutta, learned Addl. PP, Assam. Also perused the judgment and evidence on record.",judgment,Document,0.6726
45,"The judgment dated 12.6.2012 passed by the learned Sessions Judge, Jorhat in Sessions case No. 153(JJ) of 2008 is under challenge in this criminal appeal. By this impugned judgment the appellant has been convicted under Section 306 of the Indian Penal Code and he has been sentenced to undergo Rigorous Imprisonment for eight years and to pay fine of Rs. 20,000/- with default stipulation of further RI for six months. Being aggrieved by the conviction and sentence, the appellant has preferred this appeal. Heard Mr. AM Bora, learned counsel for the appellant and Mr. BJ Dutta, learned Addl. PP, Assam. Also perused the judgment and evidence on record.",12.6.2012,Date,0.9399
45,"The judgment dated 12.6.2012 passed by the learned Sessions Judge, Jorhat in Sessions case No. 153(JJ) of 2008 is under challenge in this criminal appeal. By this impugned judgment the appellant has been convicted under Section 306 of the Indian Penal Code and he has been sentenced to undergo Rigorous Imprisonment for eight years and to pay fine of Rs. 20,000/- with default stipulation of further RI for six months. Being aggrieved by the conviction and sentence, the appellant has preferred this appeal. Heard Mr. AM Bora, learned counsel for the appellant and Mr. BJ Dutta, learned Addl. PP, Assam. Also perused the judgment and evidence on record.","Sessions Judge, Jorhat",Police Station,0.5161
45,"The judgment dated 12.6.2012 passed by the learned Sessions Judge, Jorhat in Sessions case No. 153(JJ) of 2008 is under challenge in this criminal appeal. By this impugned judgment the appellant has been convicted under Section 306 of the Indian Penal Code and he has been sentenced to undergo Rigorous Imprisonment for eight years and to pay fine of Rs. 20,000/- with default stipulation of further RI for six months. Being aggrieved by the conviction and sentence, the appellant has preferred this appeal. Heard Mr. AM Bora, learned counsel for the appellant and Mr. BJ Dutta, learned Addl. PP, Assam. Also perused the judgment and evidence on record.",Sessions case No. 153(JJ) of 2008,Case Number,0.9494
45,"The judgment dated 12.6.2012 passed by the learned Sessions Judge, Jorhat in Sessions case No. 153(JJ) of 2008 is under challenge in this criminal appeal. By this impugned judgment the appellant has been convicted under Section 306 of the Indian Penal Code and he has been sentenced to undergo Rigorous Imprisonment for eight years and to pay fine of Rs. 20,000/- with default stipulation of further RI for six months. Being aggrieved by the conviction and sentence, the appellant has preferred this appeal. Heard Mr. AM Bora, learned counsel for the appellant and Mr. BJ Dutta, learned Addl. PP, Assam. Also perused the judgment and evidence on record.",judgment,Document,0.6166
45,"The judgment dated 12.6.2012 passed by the learned Sessions Judge, Jorhat in Sessions case No. 153(JJ) of 2008 is under challenge in this criminal appeal. By this impugned judgment the appellant has been convicted under Section 306 of the Indian Penal Code and he has been sentenced to undergo Rigorous Imprisonment for eight years and to pay fine of Rs. 20,000/- with default stipulation of further RI for six months. Being aggrieved by the conviction and sentence, the appellant has preferred this appeal. Heard Mr. AM Bora, learned counsel for the appellant and Mr. BJ Dutta, learned Addl. PP, Assam. Also perused the judgment and evidence on record.",appellant,Person,0.9456
45,"The judgment dated 12.6.2012 passed by the learned Sessions Judge, Jorhat in Sessions case No. 153(JJ) of 2008 is under challenge in this criminal appeal. By this impugned judgment the appellant has been convicted under Section 306 of the Indian Penal Code and he has been sentenced to undergo Rigorous Imprisonment for eight years and to pay fine of Rs. 20,000/- with default stipulation of further RI for six months. Being aggrieved by the conviction and sentence, the appellant has preferred this appeal. Heard Mr. AM Bora, learned counsel for the appellant and Mr. BJ Dutta, learned Addl. PP, Assam. Also perused the judgment and evidence on record.",Section 306,Section,0.967
45,"The judgment dated 12.6.2012 passed by the learned Sessions Judge, Jorhat in Sessions case No. 153(JJ) of 2008 is under challenge in this criminal appeal. By this impugned judgment the appellant has been convicted under Section 306 of the Indian Penal Code and he has been sentenced to undergo Rigorous Imprisonment for eight years and to pay fine of Rs. 20,000/- with default stipulation of further RI for six months. Being aggrieved by the conviction and sentence, the appellant has preferred this appeal. Heard Mr. AM Bora, learned counsel for the appellant and Mr. BJ Dutta, learned Addl. PP, Assam. Also perused the judgment and evidence on record.",Indian Penal Code,Law,0.9534
45,"The judgment dated 12.6.2012 passed by the learned Sessions Judge, Jorhat in Sessions case No. 153(JJ) of 2008 is under challenge in this criminal appeal. By this impugned judgment the appellant has been convicted under Section 306 of the Indian Penal Code and he has been sentenced to undergo Rigorous Imprisonment for eight years and to pay fine of Rs. 20,000/- with default stipulation of further RI for six months. Being aggrieved by the conviction and sentence, the appellant has preferred this appeal. Heard Mr. AM Bora, learned counsel for the appellant and Mr. BJ Dutta, learned Addl. PP, Assam. Also perused the judgment and evidence on record.",appellant,Person,0.951
45,"The judgment dated 12.6.2012 passed by the learned Sessions Judge, Jorhat in Sessions case No. 153(JJ) of 2008 is under challenge in this criminal appeal. By this impugned judgment the appellant has been convicted under Section 306 of the Indian Penal Code and he has been sentenced to undergo Rigorous Imprisonment for eight years and to pay fine of Rs. 20,000/- with default stipulation of further RI for six months. Being aggrieved by the conviction and sentence, the appellant has preferred this appeal. Heard Mr. AM Bora, learned counsel for the appellant and Mr. BJ Dutta, learned Addl. PP, Assam. Also perused the judgment and evidence on record.",Mr. AM Bora,Person,0.798
45,"The judgment dated 12.6.2012 passed by the learned Sessions Judge, Jorhat in Sessions case No. 153(JJ) of 2008 is under challenge in this criminal appeal. By this impugned judgment the appellant has been convicted under Section 306 of the Indian Penal Code and he has been sentenced to undergo Rigorous Imprisonment for eight years and to pay fine of Rs. 20,000/- with default stipulation of further RI for six months. Being aggrieved by the conviction and sentence, the appellant has preferred this appeal. Heard Mr. AM Bora, learned counsel for the appellant and Mr. BJ Dutta, learned Addl. PP, Assam. Also perused the judgment and evidence on record.",appellant,Person,0.9423
45,"The judgment dated 12.6.2012 passed by the learned Sessions Judge, Jorhat in Sessions case No. 153(JJ) of 2008 is under challenge in this criminal appeal. By this impugned judgment the appellant has been convicted under Section 306 of the Indian Penal Code and he has been sentenced to undergo Rigorous Imprisonment for eight years and to pay fine of Rs. 20,000/- with default stipulation of further RI for six months. Being aggrieved by the conviction and sentence, the appellant has preferred this appeal. Heard Mr. AM Bora, learned counsel for the appellant and Mr. BJ Dutta, learned Addl. PP, Assam. Also perused the judgment and evidence on record.",Mr. BJ Dutta,Person,0.7308
45,"The judgment dated 12.6.2012 passed by the learned Sessions Judge, Jorhat in Sessions case No. 153(JJ) of 2008 is under challenge in this criminal appeal. By this impugned judgment the appellant has been convicted under Section 306 of the Indian Penal Code and he has been sentenced to undergo Rigorous Imprisonment for eight years and to pay fine of Rs. 20,000/- with default stipulation of further RI for six months. Being aggrieved by the conviction and sentence, the appellant has preferred this appeal. Heard Mr. AM Bora, learned counsel for the appellant and Mr. BJ Dutta, learned Addl. PP, Assam. Also perused the judgment and evidence on record.",judgment,Document,0.6156
46,"The appellant herein has been convicted under Sections 498(A)/306 of the Indian Penal Code vide judgment dated 29.8.2009 passed by the learned Addl. Sessions Judge, (FTC) No.3, Kamrup, Guwahati in Sessions Case No. 156(K) of 2008. By the impugned judgment the appellant has been sentenced to undergo Rigorous Imprisonment for two years with fine of Rs. 10,000/- and RI for 7 years with fine of Rs. 10,000/- for the offence under Section 498(A)/306. For non payment of fine the appellant has been directed to undergo RI for six months on each count and both the sentences are directed to run concurrently. Heard Mr. N. Ahmed, learned counsel for the appellant and Mr. BJ Dutta, learned Addl. PP, Assam. Also perused the impugned judgment and evidence on record.",The appellant,Person,0.8261
46,"The appellant herein has been convicted under Sections 498(A)/306 of the Indian Penal Code vide judgment dated 29.8.2009 passed by the learned Addl. Sessions Judge, (FTC) No.3, Kamrup, Guwahati in Sessions Case No. 156(K) of 2008. By the impugned judgment the appellant has been sentenced to undergo Rigorous Imprisonment for two years with fine of Rs. 10,000/- and RI for 7 years with fine of Rs. 10,000/- for the offence under Section 498(A)/306. For non payment of fine the appellant has been directed to undergo RI for six months on each count and both the sentences are directed to run concurrently. Heard Mr. N. Ahmed, learned counsel for the appellant and Mr. BJ Dutta, learned Addl. PP, Assam. Also perused the impugned judgment and evidence on record.",Sections 498(A)/306,Section,0.6975
46,"The appellant herein has been convicted under Sections 498(A)/306 of the Indian Penal Code vide judgment dated 29.8.2009 passed by the learned Addl. Sessions Judge, (FTC) No.3, Kamrup, Guwahati in Sessions Case No. 156(K) of 2008. By the impugned judgment the appellant has been sentenced to undergo Rigorous Imprisonment for two years with fine of Rs. 10,000/- and RI for 7 years with fine of Rs. 10,000/- for the offence under Section 498(A)/306. For non payment of fine the appellant has been directed to undergo RI for six months on each count and both the sentences are directed to run concurrently. Heard Mr. N. Ahmed, learned counsel for the appellant and Mr. BJ Dutta, learned Addl. PP, Assam. Also perused the impugned judgment and evidence on record.",Indian Penal Code,Law,0.9543
46,"The appellant herein has been convicted under Sections 498(A)/306 of the Indian Penal Code vide judgment dated 29.8.2009 passed by the learned Addl. Sessions Judge, (FTC) No.3, Kamrup, Guwahati in Sessions Case No. 156(K) of 2008. By the impugned judgment the appellant has been sentenced to undergo Rigorous Imprisonment for two years with fine of Rs. 10,000/- and RI for 7 years with fine of Rs. 10,000/- for the offence under Section 498(A)/306. For non payment of fine the appellant has been directed to undergo RI for six months on each count and both the sentences are directed to run concurrently. Heard Mr. N. Ahmed, learned counsel for the appellant and Mr. BJ Dutta, learned Addl. PP, Assam. Also perused the impugned judgment and evidence on record.",judgment,Document,0.8744
46,"The appellant herein has been convicted under Sections 498(A)/306 of the Indian Penal Code vide judgment dated 29.8.2009 passed by the learned Addl. Sessions Judge, (FTC) No.3, Kamrup, Guwahati in Sessions Case No. 156(K) of 2008. By the impugned judgment the appellant has been sentenced to undergo Rigorous Imprisonment for two years with fine of Rs. 10,000/- and RI for 7 years with fine of Rs. 10,000/- for the offence under Section 498(A)/306. For non payment of fine the appellant has been directed to undergo RI for six months on each count and both the sentences are directed to run concurrently. Heard Mr. N. Ahmed, learned counsel for the appellant and Mr. BJ Dutta, learned Addl. PP, Assam. Also perused the impugned judgment and evidence on record.",29.8.2009,Date,0.9202
46,"The appellant herein has been convicted under Sections 498(A)/306 of the Indian Penal Code vide judgment dated 29.8.2009 passed by the learned Addl. Sessions Judge, (FTC) No.3, Kamrup, Guwahati in Sessions Case No. 156(K) of 2008. By the impugned judgment the appellant has been sentenced to undergo Rigorous Imprisonment for two years with fine of Rs. 10,000/- and RI for 7 years with fine of Rs. 10,000/- for the offence under Section 498(A)/306. For non payment of fine the appellant has been directed to undergo RI for six months on each count and both the sentences are directed to run concurrently. Heard Mr. N. Ahmed, learned counsel for the appellant and Mr. BJ Dutta, learned Addl. PP, Assam. Also perused the impugned judgment and evidence on record.",learned Addl. Sessions Judge,Person,0.6841
46,"The appellant herein has been convicted under Sections 498(A)/306 of the Indian Penal Code vide judgment dated 29.8.2009 passed by the learned Addl. Sessions Judge, (FTC) No.3, Kamrup, Guwahati in Sessions Case No. 156(K) of 2008. By the impugned judgment the appellant has been sentenced to undergo Rigorous Imprisonment for two years with fine of Rs. 10,000/- and RI for 7 years with fine of Rs. 10,000/- for the offence under Section 498(A)/306. For non payment of fine the appellant has been directed to undergo RI for six months on each count and both the sentences are directed to run concurrently. Heard Mr. N. Ahmed, learned counsel for the appellant and Mr. BJ Dutta, learned Addl. PP, Assam. Also perused the impugned judgment and evidence on record.","FTC) No.3, Kamrup, Guwahati",Police Station,0.5354
46,"The appellant herein has been convicted under Sections 498(A)/306 of the Indian Penal Code vide judgment dated 29.8.2009 passed by the learned Addl. Sessions Judge, (FTC) No.3, Kamrup, Guwahati in Sessions Case No. 156(K) of 2008. By the impugned judgment the appellant has been sentenced to undergo Rigorous Imprisonment for two years with fine of Rs. 10,000/- and RI for 7 years with fine of Rs. 10,000/- for the offence under Section 498(A)/306. For non payment of fine the appellant has been directed to undergo RI for six months on each count and both the sentences are directed to run concurrently. Heard Mr. N. Ahmed, learned counsel for the appellant and Mr. BJ Dutta, learned Addl. PP, Assam. Also perused the impugned judgment and evidence on record.",Sessions Case No. 156(K) of 2008,Case Number,0.957
46,"The appellant herein has been convicted under Sections 498(A)/306 of the Indian Penal Code vide judgment dated 29.8.2009 passed by the learned Addl. Sessions Judge, (FTC) No.3, Kamrup, Guwahati in Sessions Case No. 156(K) of 2008. By the impugned judgment the appellant has been sentenced to undergo Rigorous Imprisonment for two years with fine of Rs. 10,000/- and RI for 7 years with fine of Rs. 10,000/- for the offence under Section 498(A)/306. For non payment of fine the appellant has been directed to undergo RI for six months on each count and both the sentences are directed to run concurrently. Heard Mr. N. Ahmed, learned counsel for the appellant and Mr. BJ Dutta, learned Addl. PP, Assam. Also perused the impugned judgment and evidence on record.",judgment,Document,0.8078
46,"The appellant herein has been convicted under Sections 498(A)/306 of the Indian Penal Code vide judgment dated 29.8.2009 passed by the learned Addl. Sessions Judge, (FTC) No.3, Kamrup, Guwahati in Sessions Case No. 156(K) of 2008. By the impugned judgment the appellant has been sentenced to undergo Rigorous Imprisonment for two years with fine of Rs. 10,000/- and RI for 7 years with fine of Rs. 10,000/- for the offence under Section 498(A)/306. For non payment of fine the appellant has been directed to undergo RI for six months on each count and both the sentences are directed to run concurrently. Heard Mr. N. Ahmed, learned counsel for the appellant and Mr. BJ Dutta, learned Addl. PP, Assam. Also perused the impugned judgment and evidence on record.",the appellant,Person,0.8841
46,"The appellant herein has been convicted under Sections 498(A)/306 of the Indian Penal Code vide judgment dated 29.8.2009 passed by the learned Addl. Sessions Judge, (FTC) No.3, Kamrup, Guwahati in Sessions Case No. 156(K) of 2008. By the impugned judgment the appellant has been sentenced to undergo Rigorous Imprisonment for two years with fine of Rs. 10,000/- and RI for 7 years with fine of Rs. 10,000/- for the offence under Section 498(A)/306. For non payment of fine the appellant has been directed to undergo RI for six months on each count and both the sentences are directed to run concurrently. Heard Mr. N. Ahmed, learned counsel for the appellant and Mr. BJ Dutta, learned Addl. PP, Assam. Also perused the impugned judgment and evidence on record.",Section 498(A)/306,Section,0.8245
46,"The appellant herein has been convicted under Sections 498(A)/306 of the Indian Penal Code vide judgment dated 29.8.2009 passed by the learned Addl. Sessions Judge, (FTC) No.3, Kamrup, Guwahati in Sessions Case No. 156(K) of 2008. By the impugned judgment the appellant has been sentenced to undergo Rigorous Imprisonment for two years with fine of Rs. 10,000/- and RI for 7 years with fine of Rs. 10,000/- for the offence under Section 498(A)/306. For non payment of fine the appellant has been directed to undergo RI for six months on each count and both the sentences are directed to run concurrently. Heard Mr. N. Ahmed, learned counsel for the appellant and Mr. BJ Dutta, learned Addl. PP, Assam. Also perused the impugned judgment and evidence on record.",the appellant,Person,0.8659
46,"The appellant herein has been convicted under Sections 498(A)/306 of the Indian Penal Code vide judgment dated 29.8.2009 passed by the learned Addl. Sessions Judge, (FTC) No.3, Kamrup, Guwahati in Sessions Case No. 156(K) of 2008. By the impugned judgment the appellant has been sentenced to undergo Rigorous Imprisonment for two years with fine of Rs. 10,000/- and RI for 7 years with fine of Rs. 10,000/- for the offence under Section 498(A)/306. For non payment of fine the appellant has been directed to undergo RI for six months on each count and both the sentences are directed to run concurrently. Heard Mr. N. Ahmed, learned counsel for the appellant and Mr. BJ Dutta, learned Addl. PP, Assam. Also perused the impugned judgment and evidence on record.",Mr. N. Ahmed,Person,0.8387
46,"The appellant herein has been convicted under Sections 498(A)/306 of the Indian Penal Code vide judgment dated 29.8.2009 passed by the learned Addl. Sessions Judge, (FTC) No.3, Kamrup, Guwahati in Sessions Case No. 156(K) of 2008. By the impugned judgment the appellant has been sentenced to undergo Rigorous Imprisonment for two years with fine of Rs. 10,000/- and RI for 7 years with fine of Rs. 10,000/- for the offence under Section 498(A)/306. For non payment of fine the appellant has been directed to undergo RI for six months on each count and both the sentences are directed to run concurrently. Heard Mr. N. Ahmed, learned counsel for the appellant and Mr. BJ Dutta, learned Addl. PP, Assam. Also perused the impugned judgment and evidence on record.",the appellant,Person,0.8962
46,"The appellant herein has been convicted under Sections 498(A)/306 of the Indian Penal Code vide judgment dated 29.8.2009 passed by the learned Addl. Sessions Judge, (FTC) No.3, Kamrup, Guwahati in Sessions Case No. 156(K) of 2008. By the impugned judgment the appellant has been sentenced to undergo Rigorous Imprisonment for two years with fine of Rs. 10,000/- and RI for 7 years with fine of Rs. 10,000/- for the offence under Section 498(A)/306. For non payment of fine the appellant has been directed to undergo RI for six months on each count and both the sentences are directed to run concurrently. Heard Mr. N. Ahmed, learned counsel for the appellant and Mr. BJ Dutta, learned Addl. PP, Assam. Also perused the impugned judgment and evidence on record.",Mr. BJ Dutta,Person,0.7711
46,"The appellant herein has been convicted under Sections 498(A)/306 of the Indian Penal Code vide judgment dated 29.8.2009 passed by the learned Addl. Sessions Judge, (FTC) No.3, Kamrup, Guwahati in Sessions Case No. 156(K) of 2008. By the impugned judgment the appellant has been sentenced to undergo Rigorous Imprisonment for two years with fine of Rs. 10,000/- and RI for 7 years with fine of Rs. 10,000/- for the offence under Section 498(A)/306. For non payment of fine the appellant has been directed to undergo RI for six months on each count and both the sentences are directed to run concurrently. Heard Mr. N. Ahmed, learned counsel for the appellant and Mr. BJ Dutta, learned Addl. PP, Assam. Also perused the impugned judgment and evidence on record.",judgment,Document,0.775
47,"Being aggrieved by and dissatisfied with the aforesaid judgment, the appellant Sahab Uddin Khan, hereinafter referred to as accused person, has preferred this appeal citing several infirmities in the judgment, impugned. The brief facts necessary for disposal of the present appeal is that one Tamij Uddin of village Poilapul gave his cow to one Dhanbir Singh of Kangali Basti within Lakhipur police station to rear on 'Bhagi' basis. However, said cow was found missing from the night of 28.04.1996. The cow was searched but it could not be located. Subsequently, said Dhanbir came to know that the cow was slaughtered by the accused Sahab Uddin and he sold the beef thereof to the public.",judgment,Document,0.6725
47,"Being aggrieved by and dissatisfied with the aforesaid judgment, the appellant Sahab Uddin Khan, hereinafter referred to as accused person, has preferred this appeal citing several infirmities in the judgment, impugned. The brief facts necessary for disposal of the present appeal is that one Tamij Uddin of village Poilapul gave his cow to one Dhanbir Singh of Kangali Basti within Lakhipur police station to rear on 'Bhagi' basis. However, said cow was found missing from the night of 28.04.1996. The cow was searched but it could not be located. Subsequently, said Dhanbir came to know that the cow was slaughtered by the accused Sahab Uddin and he sold the beef thereof to the public.",Sahab Uddin Khan,Person,0.9053
47,"Being aggrieved by and dissatisfied with the aforesaid judgment, the appellant Sahab Uddin Khan, hereinafter referred to as accused person, has preferred this appeal citing several infirmities in the judgment, impugned. The brief facts necessary for disposal of the present appeal is that one Tamij Uddin of village Poilapul gave his cow to one Dhanbir Singh of Kangali Basti within Lakhipur police station to rear on 'Bhagi' basis. However, said cow was found missing from the night of 28.04.1996. The cow was searched but it could not be located. Subsequently, said Dhanbir came to know that the cow was slaughtered by the accused Sahab Uddin and he sold the beef thereof to the public.",judgment,Document,0.6469
47,"Being aggrieved by and dissatisfied with the aforesaid judgment, the appellant Sahab Uddin Khan, hereinafter referred to as accused person, has preferred this appeal citing several infirmities in the judgment, impugned. The brief facts necessary for disposal of the present appeal is that one Tamij Uddin of village Poilapul gave his cow to one Dhanbir Singh of Kangali Basti within Lakhipur police station to rear on 'Bhagi' basis. However, said cow was found missing from the night of 28.04.1996. The cow was searched but it could not be located. Subsequently, said Dhanbir came to know that the cow was slaughtered by the accused Sahab Uddin and he sold the beef thereof to the public.",Tamij Uddin,Person,0.8196
47,"Being aggrieved by and dissatisfied with the aforesaid judgment, the appellant Sahab Uddin Khan, hereinafter referred to as accused person, has preferred this appeal citing several infirmities in the judgment, impugned. The brief facts necessary for disposal of the present appeal is that one Tamij Uddin of village Poilapul gave his cow to one Dhanbir Singh of Kangali Basti within Lakhipur police station to rear on 'Bhagi' basis. However, said cow was found missing from the night of 28.04.1996. The cow was searched but it could not be located. Subsequently, said Dhanbir came to know that the cow was slaughtered by the accused Sahab Uddin and he sold the beef thereof to the public.",Dhanbir Singh,Person,0.9011
47,"Being aggrieved by and dissatisfied with the aforesaid judgment, the appellant Sahab Uddin Khan, hereinafter referred to as accused person, has preferred this appeal citing several infirmities in the judgment, impugned. The brief facts necessary for disposal of the present appeal is that one Tamij Uddin of village Poilapul gave his cow to one Dhanbir Singh of Kangali Basti within Lakhipur police station to rear on 'Bhagi' basis. However, said cow was found missing from the night of 28.04.1996. The cow was searched but it could not be located. Subsequently, said Dhanbir came to know that the cow was slaughtered by the accused Sahab Uddin and he sold the beef thereof to the public.",Lakhipur police station,Police Station,0.9826
47,"Being aggrieved by and dissatisfied with the aforesaid judgment, the appellant Sahab Uddin Khan, hereinafter referred to as accused person, has preferred this appeal citing several infirmities in the judgment, impugned. The brief facts necessary for disposal of the present appeal is that one Tamij Uddin of village Poilapul gave his cow to one Dhanbir Singh of Kangali Basti within Lakhipur police station to rear on 'Bhagi' basis. However, said cow was found missing from the night of 28.04.1996. The cow was searched but it could not be located. Subsequently, said Dhanbir came to know that the cow was slaughtered by the accused Sahab Uddin and he sold the beef thereof to the public.",28.04.1996,Date,0.9202
48,"The facts of the present case depict a tragic circumstance of the death of a young house wife at the hands of her husband Mona Das. An FIR was lodged to that effect by one Sri Niranjan Namodas with the Officer-in-Charge of the Tangla Police Station contending therein that his sister Kento Namo Das (the deceased) was given marriage to accused Mona Das as per Hindu rites and rituals. After the marriage, the accused along with his mother Smti Durbala Das tortured Kento Das physically and also demanded dowry. On 13.12.2005, his brother-in-aw, Mona Das i.e., the husband of his sister Kento Das and mother-in-law set Kento Das on fire. She was, thereafter, admitted in the Mangaldai Civil Hospital where she died out of her burn injuries while undergoing treatment.",Mona Das,Person,0.7842
48,"The facts of the present case depict a tragic circumstance of the death of a young house wife at the hands of her husband Mona Das. An FIR was lodged to that effect by one Sri Niranjan Namodas with the Officer-in-Charge of the Tangla Police Station contending therein that his sister Kento Namo Das (the deceased) was given marriage to accused Mona Das as per Hindu rites and rituals. After the marriage, the accused along with his mother Smti Durbala Das tortured Kento Das physically and also demanded dowry. On 13.12.2005, his brother-in-aw, Mona Das i.e., the husband of his sister Kento Das and mother-in-law set Kento Das on fire. She was, thereafter, admitted in the Mangaldai Civil Hospital where she died out of her burn injuries while undergoing treatment.",FIR,Document,0.9331
48,"The facts of the present case depict a tragic circumstance of the death of a young house wife at the hands of her husband Mona Das. An FIR was lodged to that effect by one Sri Niranjan Namodas with the Officer-in-Charge of the Tangla Police Station contending therein that his sister Kento Namo Das (the deceased) was given marriage to accused Mona Das as per Hindu rites and rituals. After the marriage, the accused along with his mother Smti Durbala Das tortured Kento Das physically and also demanded dowry. On 13.12.2005, his brother-in-aw, Mona Das i.e., the husband of his sister Kento Das and mother-in-law set Kento Das on fire. She was, thereafter, admitted in the Mangaldai Civil Hospital where she died out of her burn injuries while undergoing treatment.",Sri Niranjan Namodas,Person,0.8871
48,"The facts of the present case depict a tragic circumstance of the death of a young house wife at the hands of her husband Mona Das. An FIR was lodged to that effect by one Sri Niranjan Namodas with the Officer-in-Charge of the Tangla Police Station contending therein that his sister Kento Namo Das (the deceased) was given marriage to accused Mona Das as per Hindu rites and rituals. After the marriage, the accused along with his mother Smti Durbala Das tortured Kento Das physically and also demanded dowry. On 13.12.2005, his brother-in-aw, Mona Das i.e., the husband of his sister Kento Das and mother-in-law set Kento Das on fire. She was, thereafter, admitted in the Mangaldai Civil Hospital where she died out of her burn injuries while undergoing treatment.",Tangla Police Station,Police Station,0.9346
48,"The facts of the present case depict a tragic circumstance of the death of a young house wife at the hands of her husband Mona Das. An FIR was lodged to that effect by one Sri Niranjan Namodas with the Officer-in-Charge of the Tangla Police Station contending therein that his sister Kento Namo Das (the deceased) was given marriage to accused Mona Das as per Hindu rites and rituals. After the marriage, the accused along with his mother Smti Durbala Das tortured Kento Das physically and also demanded dowry. On 13.12.2005, his brother-in-aw, Mona Das i.e., the husband of his sister Kento Das and mother-in-law set Kento Das on fire. She was, thereafter, admitted in the Mangaldai Civil Hospital where she died out of her burn injuries while undergoing treatment.",Kento Namo Das,Person,0.8702
48,"The facts of the present case depict a tragic circumstance of the death of a young house wife at the hands of her husband Mona Das. An FIR was lodged to that effect by one Sri Niranjan Namodas with the Officer-in-Charge of the Tangla Police Station contending therein that his sister Kento Namo Das (the deceased) was given marriage to accused Mona Das as per Hindu rites and rituals. After the marriage, the accused along with his mother Smti Durbala Das tortured Kento Das physically and also demanded dowry. On 13.12.2005, his brother-in-aw, Mona Das i.e., the husband of his sister Kento Das and mother-in-law set Kento Das on fire. She was, thereafter, admitted in the Mangaldai Civil Hospital where she died out of her burn injuries while undergoing treatment.",Mona Das,Person,0.8374
48,"The facts of the present case depict a tragic circumstance of the death of a young house wife at the hands of her husband Mona Das. An FIR was lodged to that effect by one Sri Niranjan Namodas with the Officer-in-Charge of the Tangla Police Station contending therein that his sister Kento Namo Das (the deceased) was given marriage to accused Mona Das as per Hindu rites and rituals. After the marriage, the accused along with his mother Smti Durbala Das tortured Kento Das physically and also demanded dowry. On 13.12.2005, his brother-in-aw, Mona Das i.e., the husband of his sister Kento Das and mother-in-law set Kento Das on fire. She was, thereafter, admitted in the Mangaldai Civil Hospital where she died out of her burn injuries while undergoing treatment.",Smti Durbala Das,Person,0.8578
48,"The facts of the present case depict a tragic circumstance of the death of a young house wife at the hands of her husband Mona Das. An FIR was lodged to that effect by one Sri Niranjan Namodas with the Officer-in-Charge of the Tangla Police Station contending therein that his sister Kento Namo Das (the deceased) was given marriage to accused Mona Das as per Hindu rites and rituals. After the marriage, the accused along with his mother Smti Durbala Das tortured Kento Das physically and also demanded dowry. On 13.12.2005, his brother-in-aw, Mona Das i.e., the husband of his sister Kento Das and mother-in-law set Kento Das on fire. She was, thereafter, admitted in the Mangaldai Civil Hospital where she died out of her burn injuries while undergoing treatment.",13.12.2005,Date,0.8751
48,"The facts of the present case depict a tragic circumstance of the death of a young house wife at the hands of her husband Mona Das. An FIR was lodged to that effect by one Sri Niranjan Namodas with the Officer-in-Charge of the Tangla Police Station contending therein that his sister Kento Namo Das (the deceased) was given marriage to accused Mona Das as per Hindu rites and rituals. After the marriage, the accused along with his mother Smti Durbala Das tortured Kento Das physically and also demanded dowry. On 13.12.2005, his brother-in-aw, Mona Das i.e., the husband of his sister Kento Das and mother-in-law set Kento Das on fire. She was, thereafter, admitted in the Mangaldai Civil Hospital where she died out of her burn injuries while undergoing treatment.",Mona Das,Person,0.7156
49,"The facts giving rise to this appeal, as projected by the prosecution, are that on 25.9.2003, at about 10.35 P.M., the In-Charge Malugram T.O.P. received an information from one Bikash Das, a member of Zila Parishad of Dudhpatil area over telephone that on that day, the appellant had killed his wife with a sharp weapon and thrown the dead body in the midst of the paddy field and prayed for action. On the basis of this information, the In-Charge, Malugram T.O.P. made G.D. Entry 495 dated 25-9-2003 and after consulting with the Officer-in-Charge, Silchar Police Station, proceeded towards Chotodudhpatil, Rangalal Tilla i.e. the place of the occurrence. On 26.9.2003 i.e. the next day, Probhat Deb Nath (PW-3) lodged a formal complaint with the Malugram T.O.P. (Silchar Police Station) stating therein that on 25.9.2003 at around 8.45 P.M. on hearing somebody shrieking, he along with Amulya Deb Nath (PW-1) and others rushed to the place of occurrence and with the focus of a torch light, they found a dead body lying on the paddy field. They also found the appellant (Dilip Nath) standing therein with the dead body armed with a sword like weapon and told them that he had killed his wife and warned them not to go near him otherwise they would face dire consequence. Being afraid, they left the place of occurrence. The appellant then fled away in darkness. On receipt of the said complaint, the In-Charge of Malugram Post Office forwarded the same to the O/C, Silchar, P.S., who accordingly, registered a regular case being Silchar P.S. Case No.1162/03 under Section 302 IPC.",25.9.2003,Date,0.9282
49,"The facts giving rise to this appeal, as projected by the prosecution, are that on 25.9.2003, at about 10.35 P.M., the In-Charge Malugram T.O.P. received an information from one Bikash Das, a member of Zila Parishad of Dudhpatil area over telephone that on that day, the appellant had killed his wife with a sharp weapon and thrown the dead body in the midst of the paddy field and prayed for action. On the basis of this information, the In-Charge, Malugram T.O.P. made G.D. Entry 495 dated 25-9-2003 and after consulting with the Officer-in-Charge, Silchar Police Station, proceeded towards Chotodudhpatil, Rangalal Tilla i.e. the place of the occurrence. On 26.9.2003 i.e. the next day, Probhat Deb Nath (PW-3) lodged a formal complaint with the Malugram T.O.P. (Silchar Police Station) stating therein that on 25.9.2003 at around 8.45 P.M. on hearing somebody shrieking, he along with Amulya Deb Nath (PW-1) and others rushed to the place of occurrence and with the focus of a torch light, they found a dead body lying on the paddy field. They also found the appellant (Dilip Nath) standing therein with the dead body armed with a sword like weapon and told them that he had killed his wife and warned them not to go near him otherwise they would face dire consequence. Being afraid, they left the place of occurrence. The appellant then fled away in darkness. On receipt of the said complaint, the In-Charge of Malugram Post Office forwarded the same to the O/C, Silchar, P.S., who accordingly, registered a regular case being Silchar P.S. Case No.1162/03 under Section 302 IPC.",Bikash Das,Person,0.9147
49,"The facts giving rise to this appeal, as projected by the prosecution, are that on 25.9.2003, at about 10.35 P.M., the In-Charge Malugram T.O.P. received an information from one Bikash Das, a member of Zila Parishad of Dudhpatil area over telephone that on that day, the appellant had killed his wife with a sharp weapon and thrown the dead body in the midst of the paddy field and prayed for action. On the basis of this information, the In-Charge, Malugram T.O.P. made G.D. Entry 495 dated 25-9-2003 and after consulting with the Officer-in-Charge, Silchar Police Station, proceeded towards Chotodudhpatil, Rangalal Tilla i.e. the place of the occurrence. On 26.9.2003 i.e. the next day, Probhat Deb Nath (PW-3) lodged a formal complaint with the Malugram T.O.P. (Silchar Police Station) stating therein that on 25.9.2003 at around 8.45 P.M. on hearing somebody shrieking, he along with Amulya Deb Nath (PW-1) and others rushed to the place of occurrence and with the focus of a torch light, they found a dead body lying on the paddy field. They also found the appellant (Dilip Nath) standing therein with the dead body armed with a sword like weapon and told them that he had killed his wife and warned them not to go near him otherwise they would face dire consequence. Being afraid, they left the place of occurrence. The appellant then fled away in darkness. On receipt of the said complaint, the In-Charge of Malugram Post Office forwarded the same to the O/C, Silchar, P.S., who accordingly, registered a regular case being Silchar P.S. Case No.1162/03 under Section 302 IPC.",G.D. Entry 495,Document,0.8884
49,"The facts giving rise to this appeal, as projected by the prosecution, are that on 25.9.2003, at about 10.35 P.M., the In-Charge Malugram T.O.P. received an information from one Bikash Das, a member of Zila Parishad of Dudhpatil area over telephone that on that day, the appellant had killed his wife with a sharp weapon and thrown the dead body in the midst of the paddy field and prayed for action. On the basis of this information, the In-Charge, Malugram T.O.P. made G.D. Entry 495 dated 25-9-2003 and after consulting with the Officer-in-Charge, Silchar Police Station, proceeded towards Chotodudhpatil, Rangalal Tilla i.e. the place of the occurrence. On 26.9.2003 i.e. the next day, Probhat Deb Nath (PW-3) lodged a formal complaint with the Malugram T.O.P. (Silchar Police Station) stating therein that on 25.9.2003 at around 8.45 P.M. on hearing somebody shrieking, he along with Amulya Deb Nath (PW-1) and others rushed to the place of occurrence and with the focus of a torch light, they found a dead body lying on the paddy field. They also found the appellant (Dilip Nath) standing therein with the dead body armed with a sword like weapon and told them that he had killed his wife and warned them not to go near him otherwise they would face dire consequence. Being afraid, they left the place of occurrence. The appellant then fled away in darkness. On receipt of the said complaint, the In-Charge of Malugram Post Office forwarded the same to the O/C, Silchar, P.S., who accordingly, registered a regular case being Silchar P.S. Case No.1162/03 under Section 302 IPC.",25-9-2003,Date,0.5781
49,"The facts giving rise to this appeal, as projected by the prosecution, are that on 25.9.2003, at about 10.35 P.M., the In-Charge Malugram T.O.P. received an information from one Bikash Das, a member of Zila Parishad of Dudhpatil area over telephone that on that day, the appellant had killed his wife with a sharp weapon and thrown the dead body in the midst of the paddy field and prayed for action. On the basis of this information, the In-Charge, Malugram T.O.P. made G.D. Entry 495 dated 25-9-2003 and after consulting with the Officer-in-Charge, Silchar Police Station, proceeded towards Chotodudhpatil, Rangalal Tilla i.e. the place of the occurrence. On 26.9.2003 i.e. the next day, Probhat Deb Nath (PW-3) lodged a formal complaint with the Malugram T.O.P. (Silchar Police Station) stating therein that on 25.9.2003 at around 8.45 P.M. on hearing somebody shrieking, he along with Amulya Deb Nath (PW-1) and others rushed to the place of occurrence and with the focus of a torch light, they found a dead body lying on the paddy field. They also found the appellant (Dilip Nath) standing therein with the dead body armed with a sword like weapon and told them that he had killed his wife and warned them not to go near him otherwise they would face dire consequence. Being afraid, they left the place of occurrence. The appellant then fled away in darkness. On receipt of the said complaint, the In-Charge of Malugram Post Office forwarded the same to the O/C, Silchar, P.S., who accordingly, registered a regular case being Silchar P.S. Case No.1162/03 under Section 302 IPC.",Silchar Police Station,Police Station,0.9742
49,"The facts giving rise to this appeal, as projected by the prosecution, are that on 25.9.2003, at about 10.35 P.M., the In-Charge Malugram T.O.P. received an information from one Bikash Das, a member of Zila Parishad of Dudhpatil area over telephone that on that day, the appellant had killed his wife with a sharp weapon and thrown the dead body in the midst of the paddy field and prayed for action. On the basis of this information, the In-Charge, Malugram T.O.P. made G.D. Entry 495 dated 25-9-2003 and after consulting with the Officer-in-Charge, Silchar Police Station, proceeded towards Chotodudhpatil, Rangalal Tilla i.e. the place of the occurrence. On 26.9.2003 i.e. the next day, Probhat Deb Nath (PW-3) lodged a formal complaint with the Malugram T.O.P. (Silchar Police Station) stating therein that on 25.9.2003 at around 8.45 P.M. on hearing somebody shrieking, he along with Amulya Deb Nath (PW-1) and others rushed to the place of occurrence and with the focus of a torch light, they found a dead body lying on the paddy field. They also found the appellant (Dilip Nath) standing therein with the dead body armed with a sword like weapon and told them that he had killed his wife and warned them not to go near him otherwise they would face dire consequence. Being afraid, they left the place of occurrence. The appellant then fled away in darkness. On receipt of the said complaint, the In-Charge of Malugram Post Office forwarded the same to the O/C, Silchar, P.S., who accordingly, registered a regular case being Silchar P.S. Case No.1162/03 under Section 302 IPC.",26.9.2003,Date,0.8045
49,"The facts giving rise to this appeal, as projected by the prosecution, are that on 25.9.2003, at about 10.35 P.M., the In-Charge Malugram T.O.P. received an information from one Bikash Das, a member of Zila Parishad of Dudhpatil area over telephone that on that day, the appellant had killed his wife with a sharp weapon and thrown the dead body in the midst of the paddy field and prayed for action. On the basis of this information, the In-Charge, Malugram T.O.P. made G.D. Entry 495 dated 25-9-2003 and after consulting with the Officer-in-Charge, Silchar Police Station, proceeded towards Chotodudhpatil, Rangalal Tilla i.e. the place of the occurrence. On 26.9.2003 i.e. the next day, Probhat Deb Nath (PW-3) lodged a formal complaint with the Malugram T.O.P. (Silchar Police Station) stating therein that on 25.9.2003 at around 8.45 P.M. on hearing somebody shrieking, he along with Amulya Deb Nath (PW-1) and others rushed to the place of occurrence and with the focus of a torch light, they found a dead body lying on the paddy field. They also found the appellant (Dilip Nath) standing therein with the dead body armed with a sword like weapon and told them that he had killed his wife and warned them not to go near him otherwise they would face dire consequence. Being afraid, they left the place of occurrence. The appellant then fled away in darkness. On receipt of the said complaint, the In-Charge of Malugram Post Office forwarded the same to the O/C, Silchar, P.S., who accordingly, registered a regular case being Silchar P.S. Case No.1162/03 under Section 302 IPC.",Probhat Deb Nath,Person,0.8532
49,"The facts giving rise to this appeal, as projected by the prosecution, are that on 25.9.2003, at about 10.35 P.M., the In-Charge Malugram T.O.P. received an information from one Bikash Das, a member of Zila Parishad of Dudhpatil area over telephone that on that day, the appellant had killed his wife with a sharp weapon and thrown the dead body in the midst of the paddy field and prayed for action. On the basis of this information, the In-Charge, Malugram T.O.P. made G.D. Entry 495 dated 25-9-2003 and after consulting with the Officer-in-Charge, Silchar Police Station, proceeded towards Chotodudhpatil, Rangalal Tilla i.e. the place of the occurrence. On 26.9.2003 i.e. the next day, Probhat Deb Nath (PW-3) lodged a formal complaint with the Malugram T.O.P. (Silchar Police Station) stating therein that on 25.9.2003 at around 8.45 P.M. on hearing somebody shrieking, he along with Amulya Deb Nath (PW-1) and others rushed to the place of occurrence and with the focus of a torch light, they found a dead body lying on the paddy field. They also found the appellant (Dilip Nath) standing therein with the dead body armed with a sword like weapon and told them that he had killed his wife and warned them not to go near him otherwise they would face dire consequence. Being afraid, they left the place of occurrence. The appellant then fled away in darkness. On receipt of the said complaint, the In-Charge of Malugram Post Office forwarded the same to the O/C, Silchar, P.S., who accordingly, registered a regular case being Silchar P.S. Case No.1162/03 under Section 302 IPC.",PW-3,Person,0.7748
49,"The facts giving rise to this appeal, as projected by the prosecution, are that on 25.9.2003, at about 10.35 P.M., the In-Charge Malugram T.O.P. received an information from one Bikash Das, a member of Zila Parishad of Dudhpatil area over telephone that on that day, the appellant had killed his wife with a sharp weapon and thrown the dead body in the midst of the paddy field and prayed for action. On the basis of this information, the In-Charge, Malugram T.O.P. made G.D. Entry 495 dated 25-9-2003 and after consulting with the Officer-in-Charge, Silchar Police Station, proceeded towards Chotodudhpatil, Rangalal Tilla i.e. the place of the occurrence. On 26.9.2003 i.e. the next day, Probhat Deb Nath (PW-3) lodged a formal complaint with the Malugram T.O.P. (Silchar Police Station) stating therein that on 25.9.2003 at around 8.45 P.M. on hearing somebody shrieking, he along with Amulya Deb Nath (PW-1) and others rushed to the place of occurrence and with the focus of a torch light, they found a dead body lying on the paddy field. They also found the appellant (Dilip Nath) standing therein with the dead body armed with a sword like weapon and told them that he had killed his wife and warned them not to go near him otherwise they would face dire consequence. Being afraid, they left the place of occurrence. The appellant then fled away in darkness. On receipt of the said complaint, the In-Charge of Malugram Post Office forwarded the same to the O/C, Silchar, P.S., who accordingly, registered a regular case being Silchar P.S. Case No.1162/03 under Section 302 IPC.",Silchar Police Station,Police Station,0.9782
49,"The facts giving rise to this appeal, as projected by the prosecution, are that on 25.9.2003, at about 10.35 P.M., the In-Charge Malugram T.O.P. received an information from one Bikash Das, a member of Zila Parishad of Dudhpatil area over telephone that on that day, the appellant had killed his wife with a sharp weapon and thrown the dead body in the midst of the paddy field and prayed for action. On the basis of this information, the In-Charge, Malugram T.O.P. made G.D. Entry 495 dated 25-9-2003 and after consulting with the Officer-in-Charge, Silchar Police Station, proceeded towards Chotodudhpatil, Rangalal Tilla i.e. the place of the occurrence. On 26.9.2003 i.e. the next day, Probhat Deb Nath (PW-3) lodged a formal complaint with the Malugram T.O.P. (Silchar Police Station) stating therein that on 25.9.2003 at around 8.45 P.M. on hearing somebody shrieking, he along with Amulya Deb Nath (PW-1) and others rushed to the place of occurrence and with the focus of a torch light, they found a dead body lying on the paddy field. They also found the appellant (Dilip Nath) standing therein with the dead body armed with a sword like weapon and told them that he had killed his wife and warned them not to go near him otherwise they would face dire consequence. Being afraid, they left the place of occurrence. The appellant then fled away in darkness. On receipt of the said complaint, the In-Charge of Malugram Post Office forwarded the same to the O/C, Silchar, P.S., who accordingly, registered a regular case being Silchar P.S. Case No.1162/03 under Section 302 IPC.",25.9.2003,Date,0.8906
49,"The facts giving rise to this appeal, as projected by the prosecution, are that on 25.9.2003, at about 10.35 P.M., the In-Charge Malugram T.O.P. received an information from one Bikash Das, a member of Zila Parishad of Dudhpatil area over telephone that on that day, the appellant had killed his wife with a sharp weapon and thrown the dead body in the midst of the paddy field and prayed for action. On the basis of this information, the In-Charge, Malugram T.O.P. made G.D. Entry 495 dated 25-9-2003 and after consulting with the Officer-in-Charge, Silchar Police Station, proceeded towards Chotodudhpatil, Rangalal Tilla i.e. the place of the occurrence. On 26.9.2003 i.e. the next day, Probhat Deb Nath (PW-3) lodged a formal complaint with the Malugram T.O.P. (Silchar Police Station) stating therein that on 25.9.2003 at around 8.45 P.M. on hearing somebody shrieking, he along with Amulya Deb Nath (PW-1) and others rushed to the place of occurrence and with the focus of a torch light, they found a dead body lying on the paddy field. They also found the appellant (Dilip Nath) standing therein with the dead body armed with a sword like weapon and told them that he had killed his wife and warned them not to go near him otherwise they would face dire consequence. Being afraid, they left the place of occurrence. The appellant then fled away in darkness. On receipt of the said complaint, the In-Charge of Malugram Post Office forwarded the same to the O/C, Silchar, P.S., who accordingly, registered a regular case being Silchar P.S. Case No.1162/03 under Section 302 IPC.",Amulya Deb Nath,Person,0.8317
49,"The facts giving rise to this appeal, as projected by the prosecution, are that on 25.9.2003, at about 10.35 P.M., the In-Charge Malugram T.O.P. received an information from one Bikash Das, a member of Zila Parishad of Dudhpatil area over telephone that on that day, the appellant had killed his wife with a sharp weapon and thrown the dead body in the midst of the paddy field and prayed for action. On the basis of this information, the In-Charge, Malugram T.O.P. made G.D. Entry 495 dated 25-9-2003 and after consulting with the Officer-in-Charge, Silchar Police Station, proceeded towards Chotodudhpatil, Rangalal Tilla i.e. the place of the occurrence. On 26.9.2003 i.e. the next day, Probhat Deb Nath (PW-3) lodged a formal complaint with the Malugram T.O.P. (Silchar Police Station) stating therein that on 25.9.2003 at around 8.45 P.M. on hearing somebody shrieking, he along with Amulya Deb Nath (PW-1) and others rushed to the place of occurrence and with the focus of a torch light, they found a dead body lying on the paddy field. They also found the appellant (Dilip Nath) standing therein with the dead body armed with a sword like weapon and told them that he had killed his wife and warned them not to go near him otherwise they would face dire consequence. Being afraid, they left the place of occurrence. The appellant then fled away in darkness. On receipt of the said complaint, the In-Charge of Malugram Post Office forwarded the same to the O/C, Silchar, P.S., who accordingly, registered a regular case being Silchar P.S. Case No.1162/03 under Section 302 IPC.",PW-1,Person,0.8087
49,"The facts giving rise to this appeal, as projected by the prosecution, are that on 25.9.2003, at about 10.35 P.M., the In-Charge Malugram T.O.P. received an information from one Bikash Das, a member of Zila Parishad of Dudhpatil area over telephone that on that day, the appellant had killed his wife with a sharp weapon and thrown the dead body in the midst of the paddy field and prayed for action. On the basis of this information, the In-Charge, Malugram T.O.P. made G.D. Entry 495 dated 25-9-2003 and after consulting with the Officer-in-Charge, Silchar Police Station, proceeded towards Chotodudhpatil, Rangalal Tilla i.e. the place of the occurrence. On 26.9.2003 i.e. the next day, Probhat Deb Nath (PW-3) lodged a formal complaint with the Malugram T.O.P. (Silchar Police Station) stating therein that on 25.9.2003 at around 8.45 P.M. on hearing somebody shrieking, he along with Amulya Deb Nath (PW-1) and others rushed to the place of occurrence and with the focus of a torch light, they found a dead body lying on the paddy field. They also found the appellant (Dilip Nath) standing therein with the dead body armed with a sword like weapon and told them that he had killed his wife and warned them not to go near him otherwise they would face dire consequence. Being afraid, they left the place of occurrence. The appellant then fled away in darkness. On receipt of the said complaint, the In-Charge of Malugram Post Office forwarded the same to the O/C, Silchar, P.S., who accordingly, registered a regular case being Silchar P.S. Case No.1162/03 under Section 302 IPC.",Dilip Nath,Person,0.6304
49,"The facts giving rise to this appeal, as projected by the prosecution, are that on 25.9.2003, at about 10.35 P.M., the In-Charge Malugram T.O.P. received an information from one Bikash Das, a member of Zila Parishad of Dudhpatil area over telephone that on that day, the appellant had killed his wife with a sharp weapon and thrown the dead body in the midst of the paddy field and prayed for action. On the basis of this information, the In-Charge, Malugram T.O.P. made G.D. Entry 495 dated 25-9-2003 and after consulting with the Officer-in-Charge, Silchar Police Station, proceeded towards Chotodudhpatil, Rangalal Tilla i.e. the place of the occurrence. On 26.9.2003 i.e. the next day, Probhat Deb Nath (PW-3) lodged a formal complaint with the Malugram T.O.P. (Silchar Police Station) stating therein that on 25.9.2003 at around 8.45 P.M. on hearing somebody shrieking, he along with Amulya Deb Nath (PW-1) and others rushed to the place of occurrence and with the focus of a torch light, they found a dead body lying on the paddy field. They also found the appellant (Dilip Nath) standing therein with the dead body armed with a sword like weapon and told them that he had killed his wife and warned them not to go near him otherwise they would face dire consequence. Being afraid, they left the place of occurrence. The appellant then fled away in darkness. On receipt of the said complaint, the In-Charge of Malugram Post Office forwarded the same to the O/C, Silchar, P.S., who accordingly, registered a regular case being Silchar P.S. Case No.1162/03 under Section 302 IPC.",Section 302 IPC,Section,0.9374
50,"The appellant herein has been convicted under Section 302 of the Indian Penal Code vide judgment dated 11.2.2010 passed by the learned Addl. Sessions Judge (FTC), Biswanath Chariali in Sessions Case No. 195 of 2006. After convicting the appellant for the offence of murder he has been sentenced to undergo imprisonment for life and to pay fine of Rs. 1,000/- with default stipulation of further Simple Imprisonment for three months. Being aggrieved with the conviction the accused has preferred this appeal from jail. Heard Mr. R. De, learned Amicus Curiae for the appellant and Mrs. B. Bhuyan, learned Addl. PP, Assam. Also gone through the impugned judgment and the evidence of both the parties tendered in the trial court.",The appellant,Person,0.6953
50,"The appellant herein has been convicted under Section 302 of the Indian Penal Code vide judgment dated 11.2.2010 passed by the learned Addl. Sessions Judge (FTC), Biswanath Chariali in Sessions Case No. 195 of 2006. After convicting the appellant for the offence of murder he has been sentenced to undergo imprisonment for life and to pay fine of Rs. 1,000/- with default stipulation of further Simple Imprisonment for three months. Being aggrieved with the conviction the accused has preferred this appeal from jail. Heard Mr. R. De, learned Amicus Curiae for the appellant and Mrs. B. Bhuyan, learned Addl. PP, Assam. Also gone through the impugned judgment and the evidence of both the parties tendered in the trial court.",Section 302,Section,0.9767
50,"The appellant herein has been convicted under Section 302 of the Indian Penal Code vide judgment dated 11.2.2010 passed by the learned Addl. Sessions Judge (FTC), Biswanath Chariali in Sessions Case No. 195 of 2006. After convicting the appellant for the offence of murder he has been sentenced to undergo imprisonment for life and to pay fine of Rs. 1,000/- with default stipulation of further Simple Imprisonment for three months. Being aggrieved with the conviction the accused has preferred this appeal from jail. Heard Mr. R. De, learned Amicus Curiae for the appellant and Mrs. B. Bhuyan, learned Addl. PP, Assam. Also gone through the impugned judgment and the evidence of both the parties tendered in the trial court.",Indian Penal Code,Law,0.9678
50,"The appellant herein has been convicted under Section 302 of the Indian Penal Code vide judgment dated 11.2.2010 passed by the learned Addl. Sessions Judge (FTC), Biswanath Chariali in Sessions Case No. 195 of 2006. After convicting the appellant for the offence of murder he has been sentenced to undergo imprisonment for life and to pay fine of Rs. 1,000/- with default stipulation of further Simple Imprisonment for three months. Being aggrieved with the conviction the accused has preferred this appeal from jail. Heard Mr. R. De, learned Amicus Curiae for the appellant and Mrs. B. Bhuyan, learned Addl. PP, Assam. Also gone through the impugned judgment and the evidence of both the parties tendered in the trial court.",judgment,Document,0.8366
50,"The appellant herein has been convicted under Section 302 of the Indian Penal Code vide judgment dated 11.2.2010 passed by the learned Addl. Sessions Judge (FTC), Biswanath Chariali in Sessions Case No. 195 of 2006. After convicting the appellant for the offence of murder he has been sentenced to undergo imprisonment for life and to pay fine of Rs. 1,000/- with default stipulation of further Simple Imprisonment for three months. Being aggrieved with the conviction the accused has preferred this appeal from jail. Heard Mr. R. De, learned Amicus Curiae for the appellant and Mrs. B. Bhuyan, learned Addl. PP, Assam. Also gone through the impugned judgment and the evidence of both the parties tendered in the trial court.",11.2.2010,Date,0.8816
50,"The appellant herein has been convicted under Section 302 of the Indian Penal Code vide judgment dated 11.2.2010 passed by the learned Addl. Sessions Judge (FTC), Biswanath Chariali in Sessions Case No. 195 of 2006. After convicting the appellant for the offence of murder he has been sentenced to undergo imprisonment for life and to pay fine of Rs. 1,000/- with default stipulation of further Simple Imprisonment for three months. Being aggrieved with the conviction the accused has preferred this appeal from jail. Heard Mr. R. De, learned Amicus Curiae for the appellant and Mrs. B. Bhuyan, learned Addl. PP, Assam. Also gone through the impugned judgment and the evidence of both the parties tendered in the trial court.",Biswanath Chariali,Court,0.6981
50,"The appellant herein has been convicted under Section 302 of the Indian Penal Code vide judgment dated 11.2.2010 passed by the learned Addl. Sessions Judge (FTC), Biswanath Chariali in Sessions Case No. 195 of 2006. After convicting the appellant for the offence of murder he has been sentenced to undergo imprisonment for life and to pay fine of Rs. 1,000/- with default stipulation of further Simple Imprisonment for three months. Being aggrieved with the conviction the accused has preferred this appeal from jail. Heard Mr. R. De, learned Amicus Curiae for the appellant and Mrs. B. Bhuyan, learned Addl. PP, Assam. Also gone through the impugned judgment and the evidence of both the parties tendered in the trial court.",Sessions Case No. 195 of 2006,Case Number,0.9809
50,"The appellant herein has been convicted under Section 302 of the Indian Penal Code vide judgment dated 11.2.2010 passed by the learned Addl. Sessions Judge (FTC), Biswanath Chariali in Sessions Case No. 195 of 2006. After convicting the appellant for the offence of murder he has been sentenced to undergo imprisonment for life and to pay fine of Rs. 1,000/- with default stipulation of further Simple Imprisonment for three months. Being aggrieved with the conviction the accused has preferred this appeal from jail. Heard Mr. R. De, learned Amicus Curiae for the appellant and Mrs. B. Bhuyan, learned Addl. PP, Assam. Also gone through the impugned judgment and the evidence of both the parties tendered in the trial court.",the appellant,Person,0.8261
50,"The appellant herein has been convicted under Section 302 of the Indian Penal Code vide judgment dated 11.2.2010 passed by the learned Addl. Sessions Judge (FTC), Biswanath Chariali in Sessions Case No. 195 of 2006. After convicting the appellant for the offence of murder he has been sentenced to undergo imprisonment for life and to pay fine of Rs. 1,000/- with default stipulation of further Simple Imprisonment for three months. Being aggrieved with the conviction the accused has preferred this appeal from jail. Heard Mr. R. De, learned Amicus Curiae for the appellant and Mrs. B. Bhuyan, learned Addl. PP, Assam. Also gone through the impugned judgment and the evidence of both the parties tendered in the trial court.",Mr. R. De,Person,0.8052
50,"The appellant herein has been convicted under Section 302 of the Indian Penal Code vide judgment dated 11.2.2010 passed by the learned Addl. Sessions Judge (FTC), Biswanath Chariali in Sessions Case No. 195 of 2006. After convicting the appellant for the offence of murder he has been sentenced to undergo imprisonment for life and to pay fine of Rs. 1,000/- with default stipulation of further Simple Imprisonment for three months. Being aggrieved with the conviction the accused has preferred this appeal from jail. Heard Mr. R. De, learned Amicus Curiae for the appellant and Mrs. B. Bhuyan, learned Addl. PP, Assam. Also gone through the impugned judgment and the evidence of both the parties tendered in the trial court.",the appellant,Person,0.7921
50,"The appellant herein has been convicted under Section 302 of the Indian Penal Code vide judgment dated 11.2.2010 passed by the learned Addl. Sessions Judge (FTC), Biswanath Chariali in Sessions Case No. 195 of 2006. After convicting the appellant for the offence of murder he has been sentenced to undergo imprisonment for life and to pay fine of Rs. 1,000/- with default stipulation of further Simple Imprisonment for three months. Being aggrieved with the conviction the accused has preferred this appeal from jail. Heard Mr. R. De, learned Amicus Curiae for the appellant and Mrs. B. Bhuyan, learned Addl. PP, Assam. Also gone through the impugned judgment and the evidence of both the parties tendered in the trial court.",Mrs. B. Bhuyan,Person,0.7922
50,"The appellant herein has been convicted under Section 302 of the Indian Penal Code vide judgment dated 11.2.2010 passed by the learned Addl. Sessions Judge (FTC), Biswanath Chariali in Sessions Case No. 195 of 2006. After convicting the appellant for the offence of murder he has been sentenced to undergo imprisonment for life and to pay fine of Rs. 1,000/- with default stipulation of further Simple Imprisonment for three months. Being aggrieved with the conviction the accused has preferred this appeal from jail. Heard Mr. R. De, learned Amicus Curiae for the appellant and Mrs. B. Bhuyan, learned Addl. PP, Assam. Also gone through the impugned judgment and the evidence of both the parties tendered in the trial court.",judgment,Document,0.7312
50,"The appellant herein has been convicted under Section 302 of the Indian Penal Code vide judgment dated 11.2.2010 passed by the learned Addl. Sessions Judge (FTC), Biswanath Chariali in Sessions Case No. 195 of 2006. After convicting the appellant for the offence of murder he has been sentenced to undergo imprisonment for life and to pay fine of Rs. 1,000/- with default stipulation of further Simple Imprisonment for three months. Being aggrieved with the conviction the accused has preferred this appeal from jail. Heard Mr. R. De, learned Amicus Curiae for the appellant and Mrs. B. Bhuyan, learned Addl. PP, Assam. Also gone through the impugned judgment and the evidence of both the parties tendered in the trial court.",trial court,Court,0.612
51,"The petitioner's height is 165.5 c.ms. and the issue is whether he is entitled to relaxation of the height requirement meant for Hill area/Tribal candidates, which prescribes a lower height standard of 165 c.ms. instead of the required height of 170 c.ms. The petitioner contends that he belongs to More Other Backward Community (MOBC) of Hailakandi district of Assam and was given an offer of appointment despite recording his height as 165.5 c.ms. The respondents argue that the petitioner belongs to the Tea Garden Labour community and is a permanent resident of Assam, so he cannot be considered a candidate from the Hill area or Tribal category eligible for height relaxation. Since all candidates are required to possess the minimum height of 170 c.ms. and the petitioner does not meet this standard, he cannot be appointed as a CRPF Constable.",The petitioner,Person,0.9672
51,"The petitioner's height is 165.5 c.ms. and the issue is whether he is entitled to relaxation of the height requirement meant for Hill area/Tribal candidates, which prescribes a lower height standard of 165 c.ms. instead of the required height of 170 c.ms. The petitioner contends that he belongs to More Other Backward Community (MOBC) of Hailakandi district of Assam and was given an offer of appointment despite recording his height as 165.5 c.ms. The respondents argue that the petitioner belongs to the Tea Garden Labour community and is a permanent resident of Assam, so he cannot be considered a candidate from the Hill area or Tribal category eligible for height relaxation. Since all candidates are required to possess the minimum height of 170 c.ms. and the petitioner does not meet this standard, he cannot be appointed as a CRPF Constable.",The petitioner,Person,0.9703
51,"The petitioner's height is 165.5 c.ms. and the issue is whether he is entitled to relaxation of the height requirement meant for Hill area/Tribal candidates, which prescribes a lower height standard of 165 c.ms. instead of the required height of 170 c.ms. The petitioner contends that he belongs to More Other Backward Community (MOBC) of Hailakandi district of Assam and was given an offer of appointment despite recording his height as 165.5 c.ms. The respondents argue that the petitioner belongs to the Tea Garden Labour community and is a permanent resident of Assam, so he cannot be considered a candidate from the Hill area or Tribal category eligible for height relaxation. Since all candidates are required to possess the minimum height of 170 c.ms. and the petitioner does not meet this standard, he cannot be appointed as a CRPF Constable.",the petitioner,Person,0.9801
51,"The petitioner's height is 165.5 c.ms. and the issue is whether he is entitled to relaxation of the height requirement meant for Hill area/Tribal candidates, which prescribes a lower height standard of 165 c.ms. instead of the required height of 170 c.ms. The petitioner contends that he belongs to More Other Backward Community (MOBC) of Hailakandi district of Assam and was given an offer of appointment despite recording his height as 165.5 c.ms. The respondents argue that the petitioner belongs to the Tea Garden Labour community and is a permanent resident of Assam, so he cannot be considered a candidate from the Hill area or Tribal category eligible for height relaxation. Since all candidates are required to possess the minimum height of 170 c.ms. and the petitioner does not meet this standard, he cannot be appointed as a CRPF Constable.",the petitioner,Person,0.9859
52,"The Criminal Appeal No. 32 (J) of 2010 has been filed from the jail and Criminal Appeal No. 127 of 2010 was subsequently filed by the convict, engaging his personal counsel. We have heard Mrs. S. Roy, learned Amicus Curia and Mr. AR Sikdar, learned counsel for the appellant and Ms. B. Bhuyan, learned Addl. PP. Assam. We have also gone through the impugned judgment and evidence on record. The appeals are directed against the judgment dated 11.2.2010 passed by the learned Sessions Judge, Cachar, Silchar in Sessions Case No. 16 of 2007. By the impugned judgment the appellant has been convicted under Section 302 of the Indian Penal Code and he has been sentenced to undergo imprisonment for life and also to pay fine of Rs. 5,000/- with default stipulation of further Rigorous Imprisonment for two months.",Criminal Appeal No. 32 (J) of 2010,Case Number,0.6181
52,"The Criminal Appeal No. 32 (J) of 2010 has been filed from the jail and Criminal Appeal No. 127 of 2010 was subsequently filed by the convict, engaging his personal counsel. We have heard Mrs. S. Roy, learned Amicus Curia and Mr. AR Sikdar, learned counsel for the appellant and Ms. B. Bhuyan, learned Addl. PP. Assam. We have also gone through the impugned judgment and evidence on record. The appeals are directed against the judgment dated 11.2.2010 passed by the learned Sessions Judge, Cachar, Silchar in Sessions Case No. 16 of 2007. By the impugned judgment the appellant has been convicted under Section 302 of the Indian Penal Code and he has been sentenced to undergo imprisonment for life and also to pay fine of Rs. 5,000/- with default stipulation of further Rigorous Imprisonment for two months.",Mrs. S. Roy,Person,0.8837
52,"The Criminal Appeal No. 32 (J) of 2010 has been filed from the jail and Criminal Appeal No. 127 of 2010 was subsequently filed by the convict, engaging his personal counsel. We have heard Mrs. S. Roy, learned Amicus Curia and Mr. AR Sikdar, learned counsel for the appellant and Ms. B. Bhuyan, learned Addl. PP. Assam. We have also gone through the impugned judgment and evidence on record. The appeals are directed against the judgment dated 11.2.2010 passed by the learned Sessions Judge, Cachar, Silchar in Sessions Case No. 16 of 2007. By the impugned judgment the appellant has been convicted under Section 302 of the Indian Penal Code and he has been sentenced to undergo imprisonment for life and also to pay fine of Rs. 5,000/- with default stipulation of further Rigorous Imprisonment for two months.",Mr. AR Sikdar,Person,0.8053
52,"The Criminal Appeal No. 32 (J) of 2010 has been filed from the jail and Criminal Appeal No. 127 of 2010 was subsequently filed by the convict, engaging his personal counsel. We have heard Mrs. S. Roy, learned Amicus Curia and Mr. AR Sikdar, learned counsel for the appellant and Ms. B. Bhuyan, learned Addl. PP. Assam. We have also gone through the impugned judgment and evidence on record. The appeals are directed against the judgment dated 11.2.2010 passed by the learned Sessions Judge, Cachar, Silchar in Sessions Case No. 16 of 2007. By the impugned judgment the appellant has been convicted under Section 302 of the Indian Penal Code and he has been sentenced to undergo imprisonment for life and also to pay fine of Rs. 5,000/- with default stipulation of further Rigorous Imprisonment for two months.",appellant,Person,0.6759
52,"The Criminal Appeal No. 32 (J) of 2010 has been filed from the jail and Criminal Appeal No. 127 of 2010 was subsequently filed by the convict, engaging his personal counsel. We have heard Mrs. S. Roy, learned Amicus Curia and Mr. AR Sikdar, learned counsel for the appellant and Ms. B. Bhuyan, learned Addl. PP. Assam. We have also gone through the impugned judgment and evidence on record. The appeals are directed against the judgment dated 11.2.2010 passed by the learned Sessions Judge, Cachar, Silchar in Sessions Case No. 16 of 2007. By the impugned judgment the appellant has been convicted under Section 302 of the Indian Penal Code and he has been sentenced to undergo imprisonment for life and also to pay fine of Rs. 5,000/- with default stipulation of further Rigorous Imprisonment for two months.",Ms. B. Bhuyan,Person,0.8352
52,"The Criminal Appeal No. 32 (J) of 2010 has been filed from the jail and Criminal Appeal No. 127 of 2010 was subsequently filed by the convict, engaging his personal counsel. We have heard Mrs. S. Roy, learned Amicus Curia and Mr. AR Sikdar, learned counsel for the appellant and Ms. B. Bhuyan, learned Addl. PP. Assam. We have also gone through the impugned judgment and evidence on record. The appeals are directed against the judgment dated 11.2.2010 passed by the learned Sessions Judge, Cachar, Silchar in Sessions Case No. 16 of 2007. By the impugned judgment the appellant has been convicted under Section 302 of the Indian Penal Code and he has been sentenced to undergo imprisonment for life and also to pay fine of Rs. 5,000/- with default stipulation of further Rigorous Imprisonment for two months.",impugned judgment,Document,0.6489
52,"The Criminal Appeal No. 32 (J) of 2010 has been filed from the jail and Criminal Appeal No. 127 of 2010 was subsequently filed by the convict, engaging his personal counsel. We have heard Mrs. S. Roy, learned Amicus Curia and Mr. AR Sikdar, learned counsel for the appellant and Ms. B. Bhuyan, learned Addl. PP. Assam. We have also gone through the impugned judgment and evidence on record. The appeals are directed against the judgment dated 11.2.2010 passed by the learned Sessions Judge, Cachar, Silchar in Sessions Case No. 16 of 2007. By the impugned judgment the appellant has been convicted under Section 302 of the Indian Penal Code and he has been sentenced to undergo imprisonment for life and also to pay fine of Rs. 5,000/- with default stipulation of further Rigorous Imprisonment for two months.",11.2.2010,Date,0.9511
52,"The Criminal Appeal No. 32 (J) of 2010 has been filed from the jail and Criminal Appeal No. 127 of 2010 was subsequently filed by the convict, engaging his personal counsel. We have heard Mrs. S. Roy, learned Amicus Curia and Mr. AR Sikdar, learned counsel for the appellant and Ms. B. Bhuyan, learned Addl. PP. Assam. We have also gone through the impugned judgment and evidence on record. The appeals are directed against the judgment dated 11.2.2010 passed by the learned Sessions Judge, Cachar, Silchar in Sessions Case No. 16 of 2007. By the impugned judgment the appellant has been convicted under Section 302 of the Indian Penal Code and he has been sentenced to undergo imprisonment for life and also to pay fine of Rs. 5,000/- with default stipulation of further Rigorous Imprisonment for two months.","Sessions Judge, Cachar, Silchar",Court,0.6834
52,"The Criminal Appeal No. 32 (J) of 2010 has been filed from the jail and Criminal Appeal No. 127 of 2010 was subsequently filed by the convict, engaging his personal counsel. We have heard Mrs. S. Roy, learned Amicus Curia and Mr. AR Sikdar, learned counsel for the appellant and Ms. B. Bhuyan, learned Addl. PP. Assam. We have also gone through the impugned judgment and evidence on record. The appeals are directed against the judgment dated 11.2.2010 passed by the learned Sessions Judge, Cachar, Silchar in Sessions Case No. 16 of 2007. By the impugned judgment the appellant has been convicted under Section 302 of the Indian Penal Code and he has been sentenced to undergo imprisonment for life and also to pay fine of Rs. 5,000/- with default stipulation of further Rigorous Imprisonment for two months.",Sessions Case No. 16 of 2007,Case Number,0.9721
52,"The Criminal Appeal No. 32 (J) of 2010 has been filed from the jail and Criminal Appeal No. 127 of 2010 was subsequently filed by the convict, engaging his personal counsel. We have heard Mrs. S. Roy, learned Amicus Curia and Mr. AR Sikdar, learned counsel for the appellant and Ms. B. Bhuyan, learned Addl. PP. Assam. We have also gone through the impugned judgment and evidence on record. The appeals are directed against the judgment dated 11.2.2010 passed by the learned Sessions Judge, Cachar, Silchar in Sessions Case No. 16 of 2007. By the impugned judgment the appellant has been convicted under Section 302 of the Indian Penal Code and he has been sentenced to undergo imprisonment for life and also to pay fine of Rs. 5,000/- with default stipulation of further Rigorous Imprisonment for two months.",impugned judgment,Document,0.6329
52,"The Criminal Appeal No. 32 (J) of 2010 has been filed from the jail and Criminal Appeal No. 127 of 2010 was subsequently filed by the convict, engaging his personal counsel. We have heard Mrs. S. Roy, learned Amicus Curia and Mr. AR Sikdar, learned counsel for the appellant and Ms. B. Bhuyan, learned Addl. PP. Assam. We have also gone through the impugned judgment and evidence on record. The appeals are directed against the judgment dated 11.2.2010 passed by the learned Sessions Judge, Cachar, Silchar in Sessions Case No. 16 of 2007. By the impugned judgment the appellant has been convicted under Section 302 of the Indian Penal Code and he has been sentenced to undergo imprisonment for life and also to pay fine of Rs. 5,000/- with default stipulation of further Rigorous Imprisonment for two months.",appellant,Person,0.5452
52,"The Criminal Appeal No. 32 (J) of 2010 has been filed from the jail and Criminal Appeal No. 127 of 2010 was subsequently filed by the convict, engaging his personal counsel. We have heard Mrs. S. Roy, learned Amicus Curia and Mr. AR Sikdar, learned counsel for the appellant and Ms. B. Bhuyan, learned Addl. PP. Assam. We have also gone through the impugned judgment and evidence on record. The appeals are directed against the judgment dated 11.2.2010 passed by the learned Sessions Judge, Cachar, Silchar in Sessions Case No. 16 of 2007. By the impugned judgment the appellant has been convicted under Section 302 of the Indian Penal Code and he has been sentenced to undergo imprisonment for life and also to pay fine of Rs. 5,000/- with default stipulation of further Rigorous Imprisonment for two months.",Section 302,Section,0.9652
52,"The Criminal Appeal No. 32 (J) of 2010 has been filed from the jail and Criminal Appeal No. 127 of 2010 was subsequently filed by the convict, engaging his personal counsel. We have heard Mrs. S. Roy, learned Amicus Curia and Mr. AR Sikdar, learned counsel for the appellant and Ms. B. Bhuyan, learned Addl. PP. Assam. We have also gone through the impugned judgment and evidence on record. The appeals are directed against the judgment dated 11.2.2010 passed by the learned Sessions Judge, Cachar, Silchar in Sessions Case No. 16 of 2007. By the impugned judgment the appellant has been convicted under Section 302 of the Indian Penal Code and he has been sentenced to undergo imprisonment for life and also to pay fine of Rs. 5,000/- with default stipulation of further Rigorous Imprisonment for two months.",Indian Penal Code,Law,0.971
53,"The facts of the case as projected by the prosecution is that on 02.09.06, one Md. Mazibur Rahman lodged an FIR at Doolahat Police Out-Post alleging that on 09.09.06 at about 5.30-6.00 P.M., while his father, namely Abdul Mannan, was returning from Borsola market to his residence on his bicycle, the appellant, who is none other than his own son-in-law, attacked him by causing several injuries upon him with sharp weapon for not providing him with rice and money. The police, thereafter, registered a regular case being Laluk PS Case No. 112/06, under Section 302 IPC and investigated into the case. The police conducted inquest over the dead body of the deceased and sent the dead body for post-mortem examination. The appellant was subsequently taken into the custody and the weapon i.e. dao was recovered at his instance near the place of occurrence preparing a seizure memo.",02.09.06,Date,0.9451
53,"The facts of the case as projected by the prosecution is that on 02.09.06, one Md. Mazibur Rahman lodged an FIR at Doolahat Police Out-Post alleging that on 09.09.06 at about 5.30-6.00 P.M., while his father, namely Abdul Mannan, was returning from Borsola market to his residence on his bicycle, the appellant, who is none other than his own son-in-law, attacked him by causing several injuries upon him with sharp weapon for not providing him with rice and money. The police, thereafter, registered a regular case being Laluk PS Case No. 112/06, under Section 302 IPC and investigated into the case. The police conducted inquest over the dead body of the deceased and sent the dead body for post-mortem examination. The appellant was subsequently taken into the custody and the weapon i.e. dao was recovered at his instance near the place of occurrence preparing a seizure memo.",Md. Mazibur Rahman,Person,0.9257
53,"The facts of the case as projected by the prosecution is that on 02.09.06, one Md. Mazibur Rahman lodged an FIR at Doolahat Police Out-Post alleging that on 09.09.06 at about 5.30-6.00 P.M., while his father, namely Abdul Mannan, was returning from Borsola market to his residence on his bicycle, the appellant, who is none other than his own son-in-law, attacked him by causing several injuries upon him with sharp weapon for not providing him with rice and money. The police, thereafter, registered a regular case being Laluk PS Case No. 112/06, under Section 302 IPC and investigated into the case. The police conducted inquest over the dead body of the deceased and sent the dead body for post-mortem examination. The appellant was subsequently taken into the custody and the weapon i.e. dao was recovered at his instance near the place of occurrence preparing a seizure memo.",FIR,Document,0.912
53,"The facts of the case as projected by the prosecution is that on 02.09.06, one Md. Mazibur Rahman lodged an FIR at Doolahat Police Out-Post alleging that on 09.09.06 at about 5.30-6.00 P.M., while his father, namely Abdul Mannan, was returning from Borsola market to his residence on his bicycle, the appellant, who is none other than his own son-in-law, attacked him by causing several injuries upon him with sharp weapon for not providing him with rice and money. The police, thereafter, registered a regular case being Laluk PS Case No. 112/06, under Section 302 IPC and investigated into the case. The police conducted inquest over the dead body of the deceased and sent the dead body for post-mortem examination. The appellant was subsequently taken into the custody and the weapon i.e. dao was recovered at his instance near the place of occurrence preparing a seizure memo.",Doolahat Police Out-Post,Police Station,0.9905
53,"The facts of the case as projected by the prosecution is that on 02.09.06, one Md. Mazibur Rahman lodged an FIR at Doolahat Police Out-Post alleging that on 09.09.06 at about 5.30-6.00 P.M., while his father, namely Abdul Mannan, was returning from Borsola market to his residence on his bicycle, the appellant, who is none other than his own son-in-law, attacked him by causing several injuries upon him with sharp weapon for not providing him with rice and money. The police, thereafter, registered a regular case being Laluk PS Case No. 112/06, under Section 302 IPC and investigated into the case. The police conducted inquest over the dead body of the deceased and sent the dead body for post-mortem examination. The appellant was subsequently taken into the custody and the weapon i.e. dao was recovered at his instance near the place of occurrence preparing a seizure memo.",09.09.06,Date,0.9519
53,"The facts of the case as projected by the prosecution is that on 02.09.06, one Md. Mazibur Rahman lodged an FIR at Doolahat Police Out-Post alleging that on 09.09.06 at about 5.30-6.00 P.M., while his father, namely Abdul Mannan, was returning from Borsola market to his residence on his bicycle, the appellant, who is none other than his own son-in-law, attacked him by causing several injuries upon him with sharp weapon for not providing him with rice and money. The police, thereafter, registered a regular case being Laluk PS Case No. 112/06, under Section 302 IPC and investigated into the case. The police conducted inquest over the dead body of the deceased and sent the dead body for post-mortem examination. The appellant was subsequently taken into the custody and the weapon i.e. dao was recovered at his instance near the place of occurrence preparing a seizure memo.",Abdul Mannan,Person,0.9455
53,"The facts of the case as projected by the prosecution is that on 02.09.06, one Md. Mazibur Rahman lodged an FIR at Doolahat Police Out-Post alleging that on 09.09.06 at about 5.30-6.00 P.M., while his father, namely Abdul Mannan, was returning from Borsola market to his residence on his bicycle, the appellant, who is none other than his own son-in-law, attacked him by causing several injuries upon him with sharp weapon for not providing him with rice and money. The police, thereafter, registered a regular case being Laluk PS Case No. 112/06, under Section 302 IPC and investigated into the case. The police conducted inquest over the dead body of the deceased and sent the dead body for post-mortem examination. The appellant was subsequently taken into the custody and the weapon i.e. dao was recovered at his instance near the place of occurrence preparing a seizure memo.",appellant,Person,0.7023
53,"The facts of the case as projected by the prosecution is that on 02.09.06, one Md. Mazibur Rahman lodged an FIR at Doolahat Police Out-Post alleging that on 09.09.06 at about 5.30-6.00 P.M., while his father, namely Abdul Mannan, was returning from Borsola market to his residence on his bicycle, the appellant, who is none other than his own son-in-law, attacked him by causing several injuries upon him with sharp weapon for not providing him with rice and money. The police, thereafter, registered a regular case being Laluk PS Case No. 112/06, under Section 302 IPC and investigated into the case. The police conducted inquest over the dead body of the deceased and sent the dead body for post-mortem examination. The appellant was subsequently taken into the custody and the weapon i.e. dao was recovered at his instance near the place of occurrence preparing a seizure memo.",Laluk PS Case No. 112/06,Case Number,0.9757
53,"The facts of the case as projected by the prosecution is that on 02.09.06, one Md. Mazibur Rahman lodged an FIR at Doolahat Police Out-Post alleging that on 09.09.06 at about 5.30-6.00 P.M., while his father, namely Abdul Mannan, was returning from Borsola market to his residence on his bicycle, the appellant, who is none other than his own son-in-law, attacked him by causing several injuries upon him with sharp weapon for not providing him with rice and money. The police, thereafter, registered a regular case being Laluk PS Case No. 112/06, under Section 302 IPC and investigated into the case. The police conducted inquest over the dead body of the deceased and sent the dead body for post-mortem examination. The appellant was subsequently taken into the custody and the weapon i.e. dao was recovered at his instance near the place of occurrence preparing a seizure memo.",Section 302 IPC,Section,0.902
53,"The facts of the case as projected by the prosecution is that on 02.09.06, one Md. Mazibur Rahman lodged an FIR at Doolahat Police Out-Post alleging that on 09.09.06 at about 5.30-6.00 P.M., while his father, namely Abdul Mannan, was returning from Borsola market to his residence on his bicycle, the appellant, who is none other than his own son-in-law, attacked him by causing several injuries upon him with sharp weapon for not providing him with rice and money. The police, thereafter, registered a regular case being Laluk PS Case No. 112/06, under Section 302 IPC and investigated into the case. The police conducted inquest over the dead body of the deceased and sent the dead body for post-mortem examination. The appellant was subsequently taken into the custody and the weapon i.e. dao was recovered at his instance near the place of occurrence preparing a seizure memo.",appellant,Person,0.8413
53,"The facts of the case as projected by the prosecution is that on 02.09.06, one Md. Mazibur Rahman lodged an FIR at Doolahat Police Out-Post alleging that on 09.09.06 at about 5.30-6.00 P.M., while his father, namely Abdul Mannan, was returning from Borsola market to his residence on his bicycle, the appellant, who is none other than his own son-in-law, attacked him by causing several injuries upon him with sharp weapon for not providing him with rice and money. The police, thereafter, registered a regular case being Laluk PS Case No. 112/06, under Section 302 IPC and investigated into the case. The police conducted inquest over the dead body of the deceased and sent the dead body for post-mortem examination. The appellant was subsequently taken into the custody and the weapon i.e. dao was recovered at his instance near the place of occurrence preparing a seizure memo.",seizure memo,Document,0.8665
54,"This appeal is directed against the Judgment and Order dated 05.02.2008 passed by the learned Sessions Judge, Darrang, Mangaldoi, in Sessions Case No. 33(DM-3)/97 whereby and whereunder the accused appellant was convicted under Section 366/376 IPC and sentenced to suffer Rigorous Imprisonment (RI) for five (5) years and to pay a fine of Rs. 5,000/-( Rupees five thousand), in default, further RI for six (6) months with direction to pay the fine amount, if realized, to the victim as compensation.",Judgment and Order,Document,0.9705
54,"This appeal is directed against the Judgment and Order dated 05.02.2008 passed by the learned Sessions Judge, Darrang, Mangaldoi, in Sessions Case No. 33(DM-3)/97 whereby and whereunder the accused appellant was convicted under Section 366/376 IPC and sentenced to suffer Rigorous Imprisonment (RI) for five (5) years and to pay a fine of Rs. 5,000/-( Rupees five thousand), in default, further RI for six (6) months with direction to pay the fine amount, if realized, to the victim as compensation.",05.02.2008,Date,0.9724
54,"This appeal is directed against the Judgment and Order dated 05.02.2008 passed by the learned Sessions Judge, Darrang, Mangaldoi, in Sessions Case No. 33(DM-3)/97 whereby and whereunder the accused appellant was convicted under Section 366/376 IPC and sentenced to suffer Rigorous Imprisonment (RI) for five (5) years and to pay a fine of Rs. 5,000/-( Rupees five thousand), in default, further RI for six (6) months with direction to pay the fine amount, if realized, to the victim as compensation.","Sessions Judge, Darrang",Court,0.6021
54,"This appeal is directed against the Judgment and Order dated 05.02.2008 passed by the learned Sessions Judge, Darrang, Mangaldoi, in Sessions Case No. 33(DM-3)/97 whereby and whereunder the accused appellant was convicted under Section 366/376 IPC and sentenced to suffer Rigorous Imprisonment (RI) for five (5) years and to pay a fine of Rs. 5,000/-( Rupees five thousand), in default, further RI for six (6) months with direction to pay the fine amount, if realized, to the victim as compensation.",Mangaldoi,Person,0.6956
54,"This appeal is directed against the Judgment and Order dated 05.02.2008 passed by the learned Sessions Judge, Darrang, Mangaldoi, in Sessions Case No. 33(DM-3)/97 whereby and whereunder the accused appellant was convicted under Section 366/376 IPC and sentenced to suffer Rigorous Imprisonment (RI) for five (5) years and to pay a fine of Rs. 5,000/-( Rupees five thousand), in default, further RI for six (6) months with direction to pay the fine amount, if realized, to the victim as compensation.",Sessions Case No. 33(DM-3)/97,Case Number,0.9383
54,"This appeal is directed against the Judgment and Order dated 05.02.2008 passed by the learned Sessions Judge, Darrang, Mangaldoi, in Sessions Case No. 33(DM-3)/97 whereby and whereunder the accused appellant was convicted under Section 366/376 IPC and sentenced to suffer Rigorous Imprisonment (RI) for five (5) years and to pay a fine of Rs. 5,000/-( Rupees five thousand), in default, further RI for six (6) months with direction to pay the fine amount, if realized, to the victim as compensation.",accused appellant,Person,0.7946
54,"This appeal is directed against the Judgment and Order dated 05.02.2008 passed by the learned Sessions Judge, Darrang, Mangaldoi, in Sessions Case No. 33(DM-3)/97 whereby and whereunder the accused appellant was convicted under Section 366/376 IPC and sentenced to suffer Rigorous Imprisonment (RI) for five (5) years and to pay a fine of Rs. 5,000/-( Rupees five thousand), in default, further RI for six (6) months with direction to pay the fine amount, if realized, to the victim as compensation.",Section 366/376 IPC,Section,0.9103
54,"This appeal is directed against the Judgment and Order dated 05.02.2008 passed by the learned Sessions Judge, Darrang, Mangaldoi, in Sessions Case No. 33(DM-3)/97 whereby and whereunder the accused appellant was convicted under Section 366/376 IPC and sentenced to suffer Rigorous Imprisonment (RI) for five (5) years and to pay a fine of Rs. 5,000/-( Rupees five thousand), in default, further RI for six (6) months with direction to pay the fine amount, if realized, to the victim as compensation.",victim,Person,0.6769
55,"On 25.04.2007, at about 3 pm, Anup Deori @ Tel Deori (PW2) and Hiteswar Deori (PW4), accompanied by Raju Deori (since deceased), went to Kareng Chapori (i.e., a plot of land surrounded by marshy land or water bodies), in search of a missing buffalo belonging to one Dibya Deori. Having found the buffalo, as the three boys felt thirsty, they went to the khuti (i.e., a place where buffalos are herded and kept together at night) belonging to Dibya Deori, at Kareng Chapori, to quench their thirst. At that time, they noticed accused Indreswar Deori (i.e., the accused-appellant) sleeping inside a hut, located at the said khuti. On having drunk water, at the said khuti, when the said three boys were coming out, the accused woke up, rushed to the boys and, saying 'stop, stop', and dealt a blow, on the neck of Raju, with a dao. At the time, when the accused so gave blow on the neck of Raju, Raju was behind PW2 and PW4. Having heard the accused saying, 'stop, stop', when PW2 and PW4 turned back, they saw accused dealing blow on the neck of Raju.",25.04.2007,Date,0.6378
55,"On 25.04.2007, at about 3 pm, Anup Deori @ Tel Deori (PW2) and Hiteswar Deori (PW4), accompanied by Raju Deori (since deceased), went to Kareng Chapori (i.e., a plot of land surrounded by marshy land or water bodies), in search of a missing buffalo belonging to one Dibya Deori. Having found the buffalo, as the three boys felt thirsty, they went to the khuti (i.e., a place where buffalos are herded and kept together at night) belonging to Dibya Deori, at Kareng Chapori, to quench their thirst. At that time, they noticed accused Indreswar Deori (i.e., the accused-appellant) sleeping inside a hut, located at the said khuti. On having drunk water, at the said khuti, when the said three boys were coming out, the accused woke up, rushed to the boys and, saying 'stop, stop', and dealt a blow, on the neck of Raju, with a dao. At the time, when the accused so gave blow on the neck of Raju, Raju was behind PW2 and PW4. Having heard the accused saying, 'stop, stop', when PW2 and PW4 turned back, they saw accused dealing blow on the neck of Raju.",Anup Deori,Person,0.9521
55,"On 25.04.2007, at about 3 pm, Anup Deori @ Tel Deori (PW2) and Hiteswar Deori (PW4), accompanied by Raju Deori (since deceased), went to Kareng Chapori (i.e., a plot of land surrounded by marshy land or water bodies), in search of a missing buffalo belonging to one Dibya Deori. Having found the buffalo, as the three boys felt thirsty, they went to the khuti (i.e., a place where buffalos are herded and kept together at night) belonging to Dibya Deori, at Kareng Chapori, to quench their thirst. At that time, they noticed accused Indreswar Deori (i.e., the accused-appellant) sleeping inside a hut, located at the said khuti. On having drunk water, at the said khuti, when the said three boys were coming out, the accused woke up, rushed to the boys and, saying 'stop, stop', and dealt a blow, on the neck of Raju, with a dao. At the time, when the accused so gave blow on the neck of Raju, Raju was behind PW2 and PW4. Having heard the accused saying, 'stop, stop', when PW2 and PW4 turned back, they saw accused dealing blow on the neck of Raju.",PW2,Person,0.9605
55,"On 25.04.2007, at about 3 pm, Anup Deori @ Tel Deori (PW2) and Hiteswar Deori (PW4), accompanied by Raju Deori (since deceased), went to Kareng Chapori (i.e., a plot of land surrounded by marshy land or water bodies), in search of a missing buffalo belonging to one Dibya Deori. Having found the buffalo, as the three boys felt thirsty, they went to the khuti (i.e., a place where buffalos are herded and kept together at night) belonging to Dibya Deori, at Kareng Chapori, to quench their thirst. At that time, they noticed accused Indreswar Deori (i.e., the accused-appellant) sleeping inside a hut, located at the said khuti. On having drunk water, at the said khuti, when the said three boys were coming out, the accused woke up, rushed to the boys and, saying 'stop, stop', and dealt a blow, on the neck of Raju, with a dao. At the time, when the accused so gave blow on the neck of Raju, Raju was behind PW2 and PW4. Having heard the accused saying, 'stop, stop', when PW2 and PW4 turned back, they saw accused dealing blow on the neck of Raju.",Hiteswar Deori,Person,0.981
55,"On 25.04.2007, at about 3 pm, Anup Deori @ Tel Deori (PW2) and Hiteswar Deori (PW4), accompanied by Raju Deori (since deceased), went to Kareng Chapori (i.e., a plot of land surrounded by marshy land or water bodies), in search of a missing buffalo belonging to one Dibya Deori. Having found the buffalo, as the three boys felt thirsty, they went to the khuti (i.e., a place where buffalos are herded and kept together at night) belonging to Dibya Deori, at Kareng Chapori, to quench their thirst. At that time, they noticed accused Indreswar Deori (i.e., the accused-appellant) sleeping inside a hut, located at the said khuti. On having drunk water, at the said khuti, when the said three boys were coming out, the accused woke up, rushed to the boys and, saying 'stop, stop', and dealt a blow, on the neck of Raju, with a dao. At the time, when the accused so gave blow on the neck of Raju, Raju was behind PW2 and PW4. Having heard the accused saying, 'stop, stop', when PW2 and PW4 turned back, they saw accused dealing blow on the neck of Raju.",PW4,Person,0.9734
55,"On 25.04.2007, at about 3 pm, Anup Deori @ Tel Deori (PW2) and Hiteswar Deori (PW4), accompanied by Raju Deori (since deceased), went to Kareng Chapori (i.e., a plot of land surrounded by marshy land or water bodies), in search of a missing buffalo belonging to one Dibya Deori. Having found the buffalo, as the three boys felt thirsty, they went to the khuti (i.e., a place where buffalos are herded and kept together at night) belonging to Dibya Deori, at Kareng Chapori, to quench their thirst. At that time, they noticed accused Indreswar Deori (i.e., the accused-appellant) sleeping inside a hut, located at the said khuti. On having drunk water, at the said khuti, when the said three boys were coming out, the accused woke up, rushed to the boys and, saying 'stop, stop', and dealt a blow, on the neck of Raju, with a dao. At the time, when the accused so gave blow on the neck of Raju, Raju was behind PW2 and PW4. Having heard the accused saying, 'stop, stop', when PW2 and PW4 turned back, they saw accused dealing blow on the neck of Raju.",Raju Deori,Person,0.9857
55,"On 25.04.2007, at about 3 pm, Anup Deori @ Tel Deori (PW2) and Hiteswar Deori (PW4), accompanied by Raju Deori (since deceased), went to Kareng Chapori (i.e., a plot of land surrounded by marshy land or water bodies), in search of a missing buffalo belonging to one Dibya Deori. Having found the buffalo, as the three boys felt thirsty, they went to the khuti (i.e., a place where buffalos are herded and kept together at night) belonging to Dibya Deori, at Kareng Chapori, to quench their thirst. At that time, they noticed accused Indreswar Deori (i.e., the accused-appellant) sleeping inside a hut, located at the said khuti. On having drunk water, at the said khuti, when the said three boys were coming out, the accused woke up, rushed to the boys and, saying 'stop, stop', and dealt a blow, on the neck of Raju, with a dao. At the time, when the accused so gave blow on the neck of Raju, Raju was behind PW2 and PW4. Having heard the accused saying, 'stop, stop', when PW2 and PW4 turned back, they saw accused dealing blow on the neck of Raju.",Dibya Deori,Person,0.9857
55,"On 25.04.2007, at about 3 pm, Anup Deori @ Tel Deori (PW2) and Hiteswar Deori (PW4), accompanied by Raju Deori (since deceased), went to Kareng Chapori (i.e., a plot of land surrounded by marshy land or water bodies), in search of a missing buffalo belonging to one Dibya Deori. Having found the buffalo, as the three boys felt thirsty, they went to the khuti (i.e., a place where buffalos are herded and kept together at night) belonging to Dibya Deori, at Kareng Chapori, to quench their thirst. At that time, they noticed accused Indreswar Deori (i.e., the accused-appellant) sleeping inside a hut, located at the said khuti. On having drunk water, at the said khuti, when the said three boys were coming out, the accused woke up, rushed to the boys and, saying 'stop, stop', and dealt a blow, on the neck of Raju, with a dao. At the time, when the accused so gave blow on the neck of Raju, Raju was behind PW2 and PW4. Having heard the accused saying, 'stop, stop', when PW2 and PW4 turned back, they saw accused dealing blow on the neck of Raju.",Dibya Deori,Person,0.9895
55,"On 25.04.2007, at about 3 pm, Anup Deori @ Tel Deori (PW2) and Hiteswar Deori (PW4), accompanied by Raju Deori (since deceased), went to Kareng Chapori (i.e., a plot of land surrounded by marshy land or water bodies), in search of a missing buffalo belonging to one Dibya Deori. Having found the buffalo, as the three boys felt thirsty, they went to the khuti (i.e., a place where buffalos are herded and kept together at night) belonging to Dibya Deori, at Kareng Chapori, to quench their thirst. At that time, they noticed accused Indreswar Deori (i.e., the accused-appellant) sleeping inside a hut, located at the said khuti. On having drunk water, at the said khuti, when the said three boys were coming out, the accused woke up, rushed to the boys and, saying 'stop, stop', and dealt a blow, on the neck of Raju, with a dao. At the time, when the accused so gave blow on the neck of Raju, Raju was behind PW2 and PW4. Having heard the accused saying, 'stop, stop', when PW2 and PW4 turned back, they saw accused dealing blow on the neck of Raju.",Indreswar Deori,Person,0.959
55,"On 25.04.2007, at about 3 pm, Anup Deori @ Tel Deori (PW2) and Hiteswar Deori (PW4), accompanied by Raju Deori (since deceased), went to Kareng Chapori (i.e., a plot of land surrounded by marshy land or water bodies), in search of a missing buffalo belonging to one Dibya Deori. Having found the buffalo, as the three boys felt thirsty, they went to the khuti (i.e., a place where buffalos are herded and kept together at night) belonging to Dibya Deori, at Kareng Chapori, to quench their thirst. At that time, they noticed accused Indreswar Deori (i.e., the accused-appellant) sleeping inside a hut, located at the said khuti. On having drunk water, at the said khuti, when the said three boys were coming out, the accused woke up, rushed to the boys and, saying 'stop, stop', and dealt a blow, on the neck of Raju, with a dao. At the time, when the accused so gave blow on the neck of Raju, Raju was behind PW2 and PW4. Having heard the accused saying, 'stop, stop', when PW2 and PW4 turned back, they saw accused dealing blow on the neck of Raju.",PW2,Person,0.745
55,"On 25.04.2007, at about 3 pm, Anup Deori @ Tel Deori (PW2) and Hiteswar Deori (PW4), accompanied by Raju Deori (since deceased), went to Kareng Chapori (i.e., a plot of land surrounded by marshy land or water bodies), in search of a missing buffalo belonging to one Dibya Deori. Having found the buffalo, as the three boys felt thirsty, they went to the khuti (i.e., a place where buffalos are herded and kept together at night) belonging to Dibya Deori, at Kareng Chapori, to quench their thirst. At that time, they noticed accused Indreswar Deori (i.e., the accused-appellant) sleeping inside a hut, located at the said khuti. On having drunk water, at the said khuti, when the said three boys were coming out, the accused woke up, rushed to the boys and, saying 'stop, stop', and dealt a blow, on the neck of Raju, with a dao. At the time, when the accused so gave blow on the neck of Raju, Raju was behind PW2 and PW4. Having heard the accused saying, 'stop, stop', when PW2 and PW4 turned back, they saw accused dealing blow on the neck of Raju.",PW4,Person,0.9466
55,"On 25.04.2007, at about 3 pm, Anup Deori @ Tel Deori (PW2) and Hiteswar Deori (PW4), accompanied by Raju Deori (since deceased), went to Kareng Chapori (i.e., a plot of land surrounded by marshy land or water bodies), in search of a missing buffalo belonging to one Dibya Deori. Having found the buffalo, as the three boys felt thirsty, they went to the khuti (i.e., a place where buffalos are herded and kept together at night) belonging to Dibya Deori, at Kareng Chapori, to quench their thirst. At that time, they noticed accused Indreswar Deori (i.e., the accused-appellant) sleeping inside a hut, located at the said khuti. On having drunk water, at the said khuti, when the said three boys were coming out, the accused woke up, rushed to the boys and, saying 'stop, stop', and dealt a blow, on the neck of Raju, with a dao. At the time, when the accused so gave blow on the neck of Raju, Raju was behind PW2 and PW4. Having heard the accused saying, 'stop, stop', when PW2 and PW4 turned back, they saw accused dealing blow on the neck of Raju.",PW2,Person,0.7166
55,"On 25.04.2007, at about 3 pm, Anup Deori @ Tel Deori (PW2) and Hiteswar Deori (PW4), accompanied by Raju Deori (since deceased), went to Kareng Chapori (i.e., a plot of land surrounded by marshy land or water bodies), in search of a missing buffalo belonging to one Dibya Deori. Having found the buffalo, as the three boys felt thirsty, they went to the khuti (i.e., a place where buffalos are herded and kept together at night) belonging to Dibya Deori, at Kareng Chapori, to quench their thirst. At that time, they noticed accused Indreswar Deori (i.e., the accused-appellant) sleeping inside a hut, located at the said khuti. On having drunk water, at the said khuti, when the said three boys were coming out, the accused woke up, rushed to the boys and, saying 'stop, stop', and dealt a blow, on the neck of Raju, with a dao. At the time, when the accused so gave blow on the neck of Raju, Raju was behind PW2 and PW4. Having heard the accused saying, 'stop, stop', when PW2 and PW4 turned back, they saw accused dealing blow on the neck of Raju.",PW4,Person,0.9317
56,"During investigation, police apprehended the accused, while he was still carrying the axe in his hand and the said axe was seized by Seizure List (Ext.4), Mat. Ext. 1 being the seized axe. Later on, an Ejahar was formally lodged by Anjan Saikia (PW1), brother of the said deceased Tralokya, at Digboi Police Station and, treating the said Ejahar as First Information Report (in short, FIR), Digboi Police Station Case No.107/2008, under Section 302 IPC, was registered against the accused. On completion of investigation, police laid charge-sheet, under Section 302 IPC, against the accused.",Anjan Saikia,Person,0.6671
56,"During investigation, police apprehended the accused, while he was still carrying the axe in his hand and the said axe was seized by Seizure List (Ext.4), Mat. Ext. 1 being the seized axe. Later on, an Ejahar was formally lodged by Anjan Saikia (PW1), brother of the said deceased Tralokya, at Digboi Police Station and, treating the said Ejahar as First Information Report (in short, FIR), Digboi Police Station Case No.107/2008, under Section 302 IPC, was registered against the accused. On completion of investigation, police laid charge-sheet, under Section 302 IPC, against the accused.",Digboi Police Station,Police Station,0.9934
56,"During investigation, police apprehended the accused, while he was still carrying the axe in his hand and the said axe was seized by Seizure List (Ext.4), Mat. Ext. 1 being the seized axe. Later on, an Ejahar was formally lodged by Anjan Saikia (PW1), brother of the said deceased Tralokya, at Digboi Police Station and, treating the said Ejahar as First Information Report (in short, FIR), Digboi Police Station Case No.107/2008, under Section 302 IPC, was registered against the accused. On completion of investigation, police laid charge-sheet, under Section 302 IPC, against the accused.",First Information Report,Document,0.5121
56,"During investigation, police apprehended the accused, while he was still carrying the axe in his hand and the said axe was seized by Seizure List (Ext.4), Mat. Ext. 1 being the seized axe. Later on, an Ejahar was formally lodged by Anjan Saikia (PW1), brother of the said deceased Tralokya, at Digboi Police Station and, treating the said Ejahar as First Information Report (in short, FIR), Digboi Police Station Case No.107/2008, under Section 302 IPC, was registered against the accused. On completion of investigation, police laid charge-sheet, under Section 302 IPC, against the accused.",Digboi Police Station,Police Station,0.9946
56,"During investigation, police apprehended the accused, while he was still carrying the axe in his hand and the said axe was seized by Seizure List (Ext.4), Mat. Ext. 1 being the seized axe. Later on, an Ejahar was formally lodged by Anjan Saikia (PW1), brother of the said deceased Tralokya, at Digboi Police Station and, treating the said Ejahar as First Information Report (in short, FIR), Digboi Police Station Case No.107/2008, under Section 302 IPC, was registered against the accused. On completion of investigation, police laid charge-sheet, under Section 302 IPC, against the accused.",Case No.107/2008,Case Number,0.7767
56,"During investigation, police apprehended the accused, while he was still carrying the axe in his hand and the said axe was seized by Seizure List (Ext.4), Mat. Ext. 1 being the seized axe. Later on, an Ejahar was formally lodged by Anjan Saikia (PW1), brother of the said deceased Tralokya, at Digboi Police Station and, treating the said Ejahar as First Information Report (in short, FIR), Digboi Police Station Case No.107/2008, under Section 302 IPC, was registered against the accused. On completion of investigation, police laid charge-sheet, under Section 302 IPC, against the accused.",Section 302 IPC,Section,0.9437
56,"During investigation, police apprehended the accused, while he was still carrying the axe in his hand and the said axe was seized by Seizure List (Ext.4), Mat. Ext. 1 being the seized axe. Later on, an Ejahar was formally lodged by Anjan Saikia (PW1), brother of the said deceased Tralokya, at Digboi Police Station and, treating the said Ejahar as First Information Report (in short, FIR), Digboi Police Station Case No.107/2008, under Section 302 IPC, was registered against the accused. On completion of investigation, police laid charge-sheet, under Section 302 IPC, against the accused.",Section 302 IPC,Section,0.937
57,"The prosecution case in brief is that one Jadu Tanti lodged an FIR at Namtola Police Out Post on 10.01.2006 alleging, inter alia, that on 09.01.2006 at about 7.30 P.M., an altercation took place between the accused Jaganath Tanti and his brother Chinta Tanti @ Ananda Tanti in the house of Sambaru Tanti wherein the accused assaulted Chinta Tanti with a dao causing injuries on his person. Immediately, Chinta Tanti was taken to Sonari Hospital wherefrom he was referred to Assam Medical College and Hospital, (AMCH for short) Dibrugarh, where the Doctor declared him dead. After holding post mortem examination, the dead body was handed over to him.",Jadu Tanti,Person,0.8665
57,"The prosecution case in brief is that one Jadu Tanti lodged an FIR at Namtola Police Out Post on 10.01.2006 alleging, inter alia, that on 09.01.2006 at about 7.30 P.M., an altercation took place between the accused Jaganath Tanti and his brother Chinta Tanti @ Ananda Tanti in the house of Sambaru Tanti wherein the accused assaulted Chinta Tanti with a dao causing injuries on his person. Immediately, Chinta Tanti was taken to Sonari Hospital wherefrom he was referred to Assam Medical College and Hospital, (AMCH for short) Dibrugarh, where the Doctor declared him dead. After holding post mortem examination, the dead body was handed over to him.",FIR,Document,0.9171
57,"The prosecution case in brief is that one Jadu Tanti lodged an FIR at Namtola Police Out Post on 10.01.2006 alleging, inter alia, that on 09.01.2006 at about 7.30 P.M., an altercation took place between the accused Jaganath Tanti and his brother Chinta Tanti @ Ananda Tanti in the house of Sambaru Tanti wherein the accused assaulted Chinta Tanti with a dao causing injuries on his person. Immediately, Chinta Tanti was taken to Sonari Hospital wherefrom he was referred to Assam Medical College and Hospital, (AMCH for short) Dibrugarh, where the Doctor declared him dead. After holding post mortem examination, the dead body was handed over to him.",Namtola Police Out Post,Police Station,0.9757
57,"The prosecution case in brief is that one Jadu Tanti lodged an FIR at Namtola Police Out Post on 10.01.2006 alleging, inter alia, that on 09.01.2006 at about 7.30 P.M., an altercation took place between the accused Jaganath Tanti and his brother Chinta Tanti @ Ananda Tanti in the house of Sambaru Tanti wherein the accused assaulted Chinta Tanti with a dao causing injuries on his person. Immediately, Chinta Tanti was taken to Sonari Hospital wherefrom he was referred to Assam Medical College and Hospital, (AMCH for short) Dibrugarh, where the Doctor declared him dead. After holding post mortem examination, the dead body was handed over to him.",10.01.2006,Date,0.9186
57,"The prosecution case in brief is that one Jadu Tanti lodged an FIR at Namtola Police Out Post on 10.01.2006 alleging, inter alia, that on 09.01.2006 at about 7.30 P.M., an altercation took place between the accused Jaganath Tanti and his brother Chinta Tanti @ Ananda Tanti in the house of Sambaru Tanti wherein the accused assaulted Chinta Tanti with a dao causing injuries on his person. Immediately, Chinta Tanti was taken to Sonari Hospital wherefrom he was referred to Assam Medical College and Hospital, (AMCH for short) Dibrugarh, where the Doctor declared him dead. After holding post mortem examination, the dead body was handed over to him.",09.01.2006,Date,0.9265
57,"The prosecution case in brief is that one Jadu Tanti lodged an FIR at Namtola Police Out Post on 10.01.2006 alleging, inter alia, that on 09.01.2006 at about 7.30 P.M., an altercation took place between the accused Jaganath Tanti and his brother Chinta Tanti @ Ananda Tanti in the house of Sambaru Tanti wherein the accused assaulted Chinta Tanti with a dao causing injuries on his person. Immediately, Chinta Tanti was taken to Sonari Hospital wherefrom he was referred to Assam Medical College and Hospital, (AMCH for short) Dibrugarh, where the Doctor declared him dead. After holding post mortem examination, the dead body was handed over to him.",Jaganath Tanti,Person,0.9216
57,"The prosecution case in brief is that one Jadu Tanti lodged an FIR at Namtola Police Out Post on 10.01.2006 alleging, inter alia, that on 09.01.2006 at about 7.30 P.M., an altercation took place between the accused Jaganath Tanti and his brother Chinta Tanti @ Ananda Tanti in the house of Sambaru Tanti wherein the accused assaulted Chinta Tanti with a dao causing injuries on his person. Immediately, Chinta Tanti was taken to Sonari Hospital wherefrom he was referred to Assam Medical College and Hospital, (AMCH for short) Dibrugarh, where the Doctor declared him dead. After holding post mortem examination, the dead body was handed over to him.",Chinta Tanti,Person,0.9334
57,"The prosecution case in brief is that one Jadu Tanti lodged an FIR at Namtola Police Out Post on 10.01.2006 alleging, inter alia, that on 09.01.2006 at about 7.30 P.M., an altercation took place between the accused Jaganath Tanti and his brother Chinta Tanti @ Ananda Tanti in the house of Sambaru Tanti wherein the accused assaulted Chinta Tanti with a dao causing injuries on his person. Immediately, Chinta Tanti was taken to Sonari Hospital wherefrom he was referred to Assam Medical College and Hospital, (AMCH for short) Dibrugarh, where the Doctor declared him dead. After holding post mortem examination, the dead body was handed over to him.",Sambaru Tanti,Person,0.7923
57,"The prosecution case in brief is that one Jadu Tanti lodged an FIR at Namtola Police Out Post on 10.01.2006 alleging, inter alia, that on 09.01.2006 at about 7.30 P.M., an altercation took place between the accused Jaganath Tanti and his brother Chinta Tanti @ Ananda Tanti in the house of Sambaru Tanti wherein the accused assaulted Chinta Tanti with a dao causing injuries on his person. Immediately, Chinta Tanti was taken to Sonari Hospital wherefrom he was referred to Assam Medical College and Hospital, (AMCH for short) Dibrugarh, where the Doctor declared him dead. After holding post mortem examination, the dead body was handed over to him.",Chinta Tanti,Person,0.9464
57,"The prosecution case in brief is that one Jadu Tanti lodged an FIR at Namtola Police Out Post on 10.01.2006 alleging, inter alia, that on 09.01.2006 at about 7.30 P.M., an altercation took place between the accused Jaganath Tanti and his brother Chinta Tanti @ Ananda Tanti in the house of Sambaru Tanti wherein the accused assaulted Chinta Tanti with a dao causing injuries on his person. Immediately, Chinta Tanti was taken to Sonari Hospital wherefrom he was referred to Assam Medical College and Hospital, (AMCH for short) Dibrugarh, where the Doctor declared him dead. After holding post mortem examination, the dead body was handed over to him.",Chinta Tanti,Person,0.9578
58,"By judgment and order, dated 31.07.2009, passed, in Sessions Case No. 16 of 2007, by the learned Sessions Judge, Kokrajhar, the accused appellant, Kartik Chandra Singh, stands convicted under Sections 302 and 325 IPC and sentenced to suffer, for his conviction, under Section 302 IPC, imprisonment for life and pay fine of Rs.5,000/- and, in default of payment of fine, suffer rigorous imprisonment for a period of one year and also to suffer, for his conviction under Section 325 IPC, rigorous imprisonment for three years and pay fine of Rs.1,000/- and, in default of payment of fine, suffer rigorous imprisonment for a period of three months, both the sentences having been directed to run concurrently.",judgment and order,Document,0.9516
58,"By judgment and order, dated 31.07.2009, passed, in Sessions Case No. 16 of 2007, by the learned Sessions Judge, Kokrajhar, the accused appellant, Kartik Chandra Singh, stands convicted under Sections 302 and 325 IPC and sentenced to suffer, for his conviction, under Section 302 IPC, imprisonment for life and pay fine of Rs.5,000/- and, in default of payment of fine, suffer rigorous imprisonment for a period of one year and also to suffer, for his conviction under Section 325 IPC, rigorous imprisonment for three years and pay fine of Rs.1,000/- and, in default of payment of fine, suffer rigorous imprisonment for a period of three months, both the sentences having been directed to run concurrently.",31.07.2009,Date,0.9437
58,"By judgment and order, dated 31.07.2009, passed, in Sessions Case No. 16 of 2007, by the learned Sessions Judge, Kokrajhar, the accused appellant, Kartik Chandra Singh, stands convicted under Sections 302 and 325 IPC and sentenced to suffer, for his conviction, under Section 302 IPC, imprisonment for life and pay fine of Rs.5,000/- and, in default of payment of fine, suffer rigorous imprisonment for a period of one year and also to suffer, for his conviction under Section 325 IPC, rigorous imprisonment for three years and pay fine of Rs.1,000/- and, in default of payment of fine, suffer rigorous imprisonment for a period of three months, both the sentences having been directed to run concurrently.",Sessions Case No. 16 of 2007,Case Number,0.9889
58,"By judgment and order, dated 31.07.2009, passed, in Sessions Case No. 16 of 2007, by the learned Sessions Judge, Kokrajhar, the accused appellant, Kartik Chandra Singh, stands convicted under Sections 302 and 325 IPC and sentenced to suffer, for his conviction, under Section 302 IPC, imprisonment for life and pay fine of Rs.5,000/- and, in default of payment of fine, suffer rigorous imprisonment for a period of one year and also to suffer, for his conviction under Section 325 IPC, rigorous imprisonment for three years and pay fine of Rs.1,000/- and, in default of payment of fine, suffer rigorous imprisonment for a period of three months, both the sentences having been directed to run concurrently.",learned Sessions Judge,Person,0.5411
58,"By judgment and order, dated 31.07.2009, passed, in Sessions Case No. 16 of 2007, by the learned Sessions Judge, Kokrajhar, the accused appellant, Kartik Chandra Singh, stands convicted under Sections 302 and 325 IPC and sentenced to suffer, for his conviction, under Section 302 IPC, imprisonment for life and pay fine of Rs.5,000/- and, in default of payment of fine, suffer rigorous imprisonment for a period of one year and also to suffer, for his conviction under Section 325 IPC, rigorous imprisonment for three years and pay fine of Rs.1,000/- and, in default of payment of fine, suffer rigorous imprisonment for a period of three months, both the sentences having been directed to run concurrently.",Kartik Chandra Singh,Person,0.9247
58,"By judgment and order, dated 31.07.2009, passed, in Sessions Case No. 16 of 2007, by the learned Sessions Judge, Kokrajhar, the accused appellant, Kartik Chandra Singh, stands convicted under Sections 302 and 325 IPC and sentenced to suffer, for his conviction, under Section 302 IPC, imprisonment for life and pay fine of Rs.5,000/- and, in default of payment of fine, suffer rigorous imprisonment for a period of one year and also to suffer, for his conviction under Section 325 IPC, rigorous imprisonment for three years and pay fine of Rs.1,000/- and, in default of payment of fine, suffer rigorous imprisonment for a period of three months, both the sentences having been directed to run concurrently.",IPC,Law,0.7781
58,"By judgment and order, dated 31.07.2009, passed, in Sessions Case No. 16 of 2007, by the learned Sessions Judge, Kokrajhar, the accused appellant, Kartik Chandra Singh, stands convicted under Sections 302 and 325 IPC and sentenced to suffer, for his conviction, under Section 302 IPC, imprisonment for life and pay fine of Rs.5,000/- and, in default of payment of fine, suffer rigorous imprisonment for a period of one year and also to suffer, for his conviction under Section 325 IPC, rigorous imprisonment for three years and pay fine of Rs.1,000/- and, in default of payment of fine, suffer rigorous imprisonment for a period of three months, both the sentences having been directed to run concurrently.",Section 302,Section,0.7526
58,"By judgment and order, dated 31.07.2009, passed, in Sessions Case No. 16 of 2007, by the learned Sessions Judge, Kokrajhar, the accused appellant, Kartik Chandra Singh, stands convicted under Sections 302 and 325 IPC and sentenced to suffer, for his conviction, under Section 302 IPC, imprisonment for life and pay fine of Rs.5,000/- and, in default of payment of fine, suffer rigorous imprisonment for a period of one year and also to suffer, for his conviction under Section 325 IPC, rigorous imprisonment for three years and pay fine of Rs.1,000/- and, in default of payment of fine, suffer rigorous imprisonment for a period of three months, both the sentences having been directed to run concurrently.",IPC,Law,0.7458
58,"By judgment and order, dated 31.07.2009, passed, in Sessions Case No. 16 of 2007, by the learned Sessions Judge, Kokrajhar, the accused appellant, Kartik Chandra Singh, stands convicted under Sections 302 and 325 IPC and sentenced to suffer, for his conviction, under Section 302 IPC, imprisonment for life and pay fine of Rs.5,000/- and, in default of payment of fine, suffer rigorous imprisonment for a period of one year and also to suffer, for his conviction under Section 325 IPC, rigorous imprisonment for three years and pay fine of Rs.1,000/- and, in default of payment of fine, suffer rigorous imprisonment for a period of three months, both the sentences having been directed to run concurrently.",Section 325 IPC,Section,0.7506
59,"On 22-01-2006, Bhadra Lakra came home, as usual, in drunken state and started beating his wife, i.e., the accused. As a result of the beating, the accused sustained injuries on her head and also on her eyes. Failing to bear, any longer, the regular beating at the hands of her husband, the accused snatched away the piece of wood with which the accused was beating her, and, by means of the said piece of wood, the accused hit her husband on his legs, head, neck, chest and the abdominal area. As the husband of the accused was drunk, he could not get up on being so assaulted by his wife and, by 5.00 a.m., on 23-01-2006, he succumbed to his injuries.",22-01-2006,Date,0.7567
59,"On 22-01-2006, Bhadra Lakra came home, as usual, in drunken state and started beating his wife, i.e., the accused. As a result of the beating, the accused sustained injuries on her head and also on her eyes. Failing to bear, any longer, the regular beating at the hands of her husband, the accused snatched away the piece of wood with which the accused was beating her, and, by means of the said piece of wood, the accused hit her husband on his legs, head, neck, chest and the abdominal area. As the husband of the accused was drunk, he could not get up on being so assaulted by his wife and, by 5.00 a.m., on 23-01-2006, he succumbed to his injuries.",Bhadra Lakra,Person,0.9474
59,"On 22-01-2006, Bhadra Lakra came home, as usual, in drunken state and started beating his wife, i.e., the accused. As a result of the beating, the accused sustained injuries on her head and also on her eyes. Failing to bear, any longer, the regular beating at the hands of her husband, the accused snatched away the piece of wood with which the accused was beating her, and, by means of the said piece of wood, the accused hit her husband on his legs, head, neck, chest and the abdominal area. As the husband of the accused was drunk, he could not get up on being so assaulted by his wife and, by 5.00 a.m., on 23-01-2006, he succumbed to his injuries.",the accused,Person,0.9823
59,"On 22-01-2006, Bhadra Lakra came home, as usual, in drunken state and started beating his wife, i.e., the accused. As a result of the beating, the accused sustained injuries on her head and also on her eyes. Failing to bear, any longer, the regular beating at the hands of her husband, the accused snatched away the piece of wood with which the accused was beating her, and, by means of the said piece of wood, the accused hit her husband on his legs, head, neck, chest and the abdominal area. As the husband of the accused was drunk, he could not get up on being so assaulted by his wife and, by 5.00 a.m., on 23-01-2006, he succumbed to his injuries.",the accused,Person,0.9925
59,"On 22-01-2006, Bhadra Lakra came home, as usual, in drunken state and started beating his wife, i.e., the accused. As a result of the beating, the accused sustained injuries on her head and also on her eyes. Failing to bear, any longer, the regular beating at the hands of her husband, the accused snatched away the piece of wood with which the accused was beating her, and, by means of the said piece of wood, the accused hit her husband on his legs, head, neck, chest and the abdominal area. As the husband of the accused was drunk, he could not get up on being so assaulted by his wife and, by 5.00 a.m., on 23-01-2006, he succumbed to his injuries.",the accused,Person,0.9946
59,"On 22-01-2006, Bhadra Lakra came home, as usual, in drunken state and started beating his wife, i.e., the accused. As a result of the beating, the accused sustained injuries on her head and also on her eyes. Failing to bear, any longer, the regular beating at the hands of her husband, the accused snatched away the piece of wood with which the accused was beating her, and, by means of the said piece of wood, the accused hit her husband on his legs, head, neck, chest and the abdominal area. As the husband of the accused was drunk, he could not get up on being so assaulted by his wife and, by 5.00 a.m., on 23-01-2006, he succumbed to his injuries.",the accused,Person,0.9943
59,"On 22-01-2006, Bhadra Lakra came home, as usual, in drunken state and started beating his wife, i.e., the accused. As a result of the beating, the accused sustained injuries on her head and also on her eyes. Failing to bear, any longer, the regular beating at the hands of her husband, the accused snatched away the piece of wood with which the accused was beating her, and, by means of the said piece of wood, the accused hit her husband on his legs, head, neck, chest and the abdominal area. As the husband of the accused was drunk, he could not get up on being so assaulted by his wife and, by 5.00 a.m., on 23-01-2006, he succumbed to his injuries.",the accused,Person,0.9953
59,"On 22-01-2006, Bhadra Lakra came home, as usual, in drunken state and started beating his wife, i.e., the accused. As a result of the beating, the accused sustained injuries on her head and also on her eyes. Failing to bear, any longer, the regular beating at the hands of her husband, the accused snatched away the piece of wood with which the accused was beating her, and, by means of the said piece of wood, the accused hit her husband on his legs, head, neck, chest and the abdominal area. As the husband of the accused was drunk, he could not get up on being so assaulted by his wife and, by 5.00 a.m., on 23-01-2006, he succumbed to his injuries.",the accused,Person,0.9902
59,"On 22-01-2006, Bhadra Lakra came home, as usual, in drunken state and started beating his wife, i.e., the accused. As a result of the beating, the accused sustained injuries on her head and also on her eyes. Failing to bear, any longer, the regular beating at the hands of her husband, the accused snatched away the piece of wood with which the accused was beating her, and, by means of the said piece of wood, the accused hit her husband on his legs, head, neck, chest and the abdominal area. As the husband of the accused was drunk, he could not get up on being so assaulted by his wife and, by 5.00 a.m., on 23-01-2006, he succumbed to his injuries.",23-01-2006,Date,0.6717
60,"On completion of the investigation the police submitted the charge-sheet against these four appellants under Section 341/302/34 IPC while the remaining five FIR named persons were discharged from the case due to lack of sufficient evidence. The learned Additional Sessions Judge, thereafter framed a charge against the appellants under Section 341/302/34 IPC to which they pleaded not guilty and claimed to be tried. In the course of trial, the prosecution examined as many as 11 witnesses including the informant, who was none other than the father of the deceased (PW-5). On the conclusion of the trial, the appellants were examined under Section 313 Cr.P.C., whose defense was that of total denial, but they declined to adduce evidence in their defense. After hearing both the parties, the learned Additional Sessions Judge passed the impugned judgment of conviction and sentence which is now under challenge in this appeal.",charge-sheet,Document,0.8754
60,"On completion of the investigation the police submitted the charge-sheet against these four appellants under Section 341/302/34 IPC while the remaining five FIR named persons were discharged from the case due to lack of sufficient evidence. The learned Additional Sessions Judge, thereafter framed a charge against the appellants under Section 341/302/34 IPC to which they pleaded not guilty and claimed to be tried. In the course of trial, the prosecution examined as many as 11 witnesses including the informant, who was none other than the father of the deceased (PW-5). On the conclusion of the trial, the appellants were examined under Section 313 Cr.P.C., whose defense was that of total denial, but they declined to adduce evidence in their defense. After hearing both the parties, the learned Additional Sessions Judge passed the impugned judgment of conviction and sentence which is now under challenge in this appeal.",appellants,Person,0.7392
60,"On completion of the investigation the police submitted the charge-sheet against these four appellants under Section 341/302/34 IPC while the remaining five FIR named persons were discharged from the case due to lack of sufficient evidence. The learned Additional Sessions Judge, thereafter framed a charge against the appellants under Section 341/302/34 IPC to which they pleaded not guilty and claimed to be tried. In the course of trial, the prosecution examined as many as 11 witnesses including the informant, who was none other than the father of the deceased (PW-5). On the conclusion of the trial, the appellants were examined under Section 313 Cr.P.C., whose defense was that of total denial, but they declined to adduce evidence in their defense. After hearing both the parties, the learned Additional Sessions Judge passed the impugned judgment of conviction and sentence which is now under challenge in this appeal.",Section 341/302/34 IPC,Section,0.8271
60,"On completion of the investigation the police submitted the charge-sheet against these four appellants under Section 341/302/34 IPC while the remaining five FIR named persons were discharged from the case due to lack of sufficient evidence. The learned Additional Sessions Judge, thereafter framed a charge against the appellants under Section 341/302/34 IPC to which they pleaded not guilty and claimed to be tried. In the course of trial, the prosecution examined as many as 11 witnesses including the informant, who was none other than the father of the deceased (PW-5). On the conclusion of the trial, the appellants were examined under Section 313 Cr.P.C., whose defense was that of total denial, but they declined to adduce evidence in their defense. After hearing both the parties, the learned Additional Sessions Judge passed the impugned judgment of conviction and sentence which is now under challenge in this appeal.",FIR,Document,0.5299
60,"On completion of the investigation the police submitted the charge-sheet against these four appellants under Section 341/302/34 IPC while the remaining five FIR named persons were discharged from the case due to lack of sufficient evidence. The learned Additional Sessions Judge, thereafter framed a charge against the appellants under Section 341/302/34 IPC to which they pleaded not guilty and claimed to be tried. In the course of trial, the prosecution examined as many as 11 witnesses including the informant, who was none other than the father of the deceased (PW-5). On the conclusion of the trial, the appellants were examined under Section 313 Cr.P.C., whose defense was that of total denial, but they declined to adduce evidence in their defense. After hearing both the parties, the learned Additional Sessions Judge passed the impugned judgment of conviction and sentence which is now under challenge in this appeal.",learned Additional Sessions Judge,Court,0.7903
60,"On completion of the investigation the police submitted the charge-sheet against these four appellants under Section 341/302/34 IPC while the remaining five FIR named persons were discharged from the case due to lack of sufficient evidence. The learned Additional Sessions Judge, thereafter framed a charge against the appellants under Section 341/302/34 IPC to which they pleaded not guilty and claimed to be tried. In the course of trial, the prosecution examined as many as 11 witnesses including the informant, who was none other than the father of the deceased (PW-5). On the conclusion of the trial, the appellants were examined under Section 313 Cr.P.C., whose defense was that of total denial, but they declined to adduce evidence in their defense. After hearing both the parties, the learned Additional Sessions Judge passed the impugned judgment of conviction and sentence which is now under challenge in this appeal.",appellants,Person,0.6912
60,"On completion of the investigation the police submitted the charge-sheet against these four appellants under Section 341/302/34 IPC while the remaining five FIR named persons were discharged from the case due to lack of sufficient evidence. The learned Additional Sessions Judge, thereafter framed a charge against the appellants under Section 341/302/34 IPC to which they pleaded not guilty and claimed to be tried. In the course of trial, the prosecution examined as many as 11 witnesses including the informant, who was none other than the father of the deceased (PW-5). On the conclusion of the trial, the appellants were examined under Section 313 Cr.P.C., whose defense was that of total denial, but they declined to adduce evidence in their defense. After hearing both the parties, the learned Additional Sessions Judge passed the impugned judgment of conviction and sentence which is now under challenge in this appeal.",Section 341/302/34 IPC,Section,0.8429
60,"On completion of the investigation the police submitted the charge-sheet against these four appellants under Section 341/302/34 IPC while the remaining five FIR named persons were discharged from the case due to lack of sufficient evidence. The learned Additional Sessions Judge, thereafter framed a charge against the appellants under Section 341/302/34 IPC to which they pleaded not guilty and claimed to be tried. In the course of trial, the prosecution examined as many as 11 witnesses including the informant, who was none other than the father of the deceased (PW-5). On the conclusion of the trial, the appellants were examined under Section 313 Cr.P.C., whose defense was that of total denial, but they declined to adduce evidence in their defense. After hearing both the parties, the learned Additional Sessions Judge passed the impugned judgment of conviction and sentence which is now under challenge in this appeal.",PW-5,Person,0.8479
60,"On completion of the investigation the police submitted the charge-sheet against these four appellants under Section 341/302/34 IPC while the remaining five FIR named persons were discharged from the case due to lack of sufficient evidence. The learned Additional Sessions Judge, thereafter framed a charge against the appellants under Section 341/302/34 IPC to which they pleaded not guilty and claimed to be tried. In the course of trial, the prosecution examined as many as 11 witnesses including the informant, who was none other than the father of the deceased (PW-5). On the conclusion of the trial, the appellants were examined under Section 313 Cr.P.C., whose defense was that of total denial, but they declined to adduce evidence in their defense. After hearing both the parties, the learned Additional Sessions Judge passed the impugned judgment of conviction and sentence which is now under challenge in this appeal.",appellants,Person,0.7325
60,"On completion of the investigation the police submitted the charge-sheet against these four appellants under Section 341/302/34 IPC while the remaining five FIR named persons were discharged from the case due to lack of sufficient evidence. The learned Additional Sessions Judge, thereafter framed a charge against the appellants under Section 341/302/34 IPC to which they pleaded not guilty and claimed to be tried. In the course of trial, the prosecution examined as many as 11 witnesses including the informant, who was none other than the father of the deceased (PW-5). On the conclusion of the trial, the appellants were examined under Section 313 Cr.P.C., whose defense was that of total denial, but they declined to adduce evidence in their defense. After hearing both the parties, the learned Additional Sessions Judge passed the impugned judgment of conviction and sentence which is now under challenge in this appeal.",Section 313 Cr.P.C.,Section,0.6568
60,"On completion of the investigation the police submitted the charge-sheet against these four appellants under Section 341/302/34 IPC while the remaining five FIR named persons were discharged from the case due to lack of sufficient evidence. The learned Additional Sessions Judge, thereafter framed a charge against the appellants under Section 341/302/34 IPC to which they pleaded not guilty and claimed to be tried. In the course of trial, the prosecution examined as many as 11 witnesses including the informant, who was none other than the father of the deceased (PW-5). On the conclusion of the trial, the appellants were examined under Section 313 Cr.P.C., whose defense was that of total denial, but they declined to adduce evidence in their defense. After hearing both the parties, the learned Additional Sessions Judge passed the impugned judgment of conviction and sentence which is now under challenge in this appeal.",learned Additional Sessions Judge,Court,0.5408
61,"I have heard Ms. S Sarma, learned Amicus Curiae appearing for the appellant. Also heard Ms. B Bhuyan, learned Additional Public Prosecutor, Assam for the State respondents. The prosecution case in brief is that on 18.09.2011, one Sri Prafulla Gam lodged an FIR with the Gogamukh Police Station alleging inter alia, that on 17.09.2011 the accused Bipul Mili kidnapped his minor daughter aged about 13 years and on the following day i.e., 18.09.2011, the victim was recovered along with the accused from the house of a person of Kasutali village wherein they were hiding.",Ms. S Sarma,Person,0.6594
61,"I have heard Ms. S Sarma, learned Amicus Curiae appearing for the appellant. Also heard Ms. B Bhuyan, learned Additional Public Prosecutor, Assam for the State respondents. The prosecution case in brief is that on 18.09.2011, one Sri Prafulla Gam lodged an FIR with the Gogamukh Police Station alleging inter alia, that on 17.09.2011 the accused Bipul Mili kidnapped his minor daughter aged about 13 years and on the following day i.e., 18.09.2011, the victim was recovered along with the accused from the house of a person of Kasutali village wherein they were hiding.",Ms. B Bhuyan,Person,0.5838
61,"I have heard Ms. S Sarma, learned Amicus Curiae appearing for the appellant. Also heard Ms. B Bhuyan, learned Additional Public Prosecutor, Assam for the State respondents. The prosecution case in brief is that on 18.09.2011, one Sri Prafulla Gam lodged an FIR with the Gogamukh Police Station alleging inter alia, that on 17.09.2011 the accused Bipul Mili kidnapped his minor daughter aged about 13 years and on the following day i.e., 18.09.2011, the victim was recovered along with the accused from the house of a person of Kasutali village wherein they were hiding.",18.09.2011,Date,0.9581
61,"I have heard Ms. S Sarma, learned Amicus Curiae appearing for the appellant. Also heard Ms. B Bhuyan, learned Additional Public Prosecutor, Assam for the State respondents. The prosecution case in brief is that on 18.09.2011, one Sri Prafulla Gam lodged an FIR with the Gogamukh Police Station alleging inter alia, that on 17.09.2011 the accused Bipul Mili kidnapped his minor daughter aged about 13 years and on the following day i.e., 18.09.2011, the victim was recovered along with the accused from the house of a person of Kasutali village wherein they were hiding.",Sri Prafulla Gam,Person,0.947
61,"I have heard Ms. S Sarma, learned Amicus Curiae appearing for the appellant. Also heard Ms. B Bhuyan, learned Additional Public Prosecutor, Assam for the State respondents. The prosecution case in brief is that on 18.09.2011, one Sri Prafulla Gam lodged an FIR with the Gogamukh Police Station alleging inter alia, that on 17.09.2011 the accused Bipul Mili kidnapped his minor daughter aged about 13 years and on the following day i.e., 18.09.2011, the victim was recovered along with the accused from the house of a person of Kasutali village wherein they were hiding.",FIR,Document,0.9375
61,"I have heard Ms. S Sarma, learned Amicus Curiae appearing for the appellant. Also heard Ms. B Bhuyan, learned Additional Public Prosecutor, Assam for the State respondents. The prosecution case in brief is that on 18.09.2011, one Sri Prafulla Gam lodged an FIR with the Gogamukh Police Station alleging inter alia, that on 17.09.2011 the accused Bipul Mili kidnapped his minor daughter aged about 13 years and on the following day i.e., 18.09.2011, the victim was recovered along with the accused from the house of a person of Kasutali village wherein they were hiding.",Gogamukh Police Station,Police Station,0.9933
61,"I have heard Ms. S Sarma, learned Amicus Curiae appearing for the appellant. Also heard Ms. B Bhuyan, learned Additional Public Prosecutor, Assam for the State respondents. The prosecution case in brief is that on 18.09.2011, one Sri Prafulla Gam lodged an FIR with the Gogamukh Police Station alleging inter alia, that on 17.09.2011 the accused Bipul Mili kidnapped his minor daughter aged about 13 years and on the following day i.e., 18.09.2011, the victim was recovered along with the accused from the house of a person of Kasutali village wherein they were hiding.",17.09.2011,Date,0.8573
61,"I have heard Ms. S Sarma, learned Amicus Curiae appearing for the appellant. Also heard Ms. B Bhuyan, learned Additional Public Prosecutor, Assam for the State respondents. The prosecution case in brief is that on 18.09.2011, one Sri Prafulla Gam lodged an FIR with the Gogamukh Police Station alleging inter alia, that on 17.09.2011 the accused Bipul Mili kidnapped his minor daughter aged about 13 years and on the following day i.e., 18.09.2011, the victim was recovered along with the accused from the house of a person of Kasutali village wherein they were hiding.",Bipul Mili,Person,0.8815
61,"I have heard Ms. S Sarma, learned Amicus Curiae appearing for the appellant. Also heard Ms. B Bhuyan, learned Additional Public Prosecutor, Assam for the State respondents. The prosecution case in brief is that on 18.09.2011, one Sri Prafulla Gam lodged an FIR with the Gogamukh Police Station alleging inter alia, that on 17.09.2011 the accused Bipul Mili kidnapped his minor daughter aged about 13 years and on the following day i.e., 18.09.2011, the victim was recovered along with the accused from the house of a person of Kasutali village wherein they were hiding.",18.09.2011,Date,0.9122
62,"Ref:- Govt. letter No. ASE -72/2013/13 dtd. 26.02.2013. Sir, In inviting a reference to the Govt. letter on the subject cited above, I have the honour to state that as per Assam School Service (Govt. Secondary School) Rules,2009, the name of Sri Balay Kr. Borah, Subject Teacher (Vocational) in Cotton Collegiate Govt. HS School, Guwahati and any other Subject Teacher of Vocational stream working in different Govt. HS Schools of Assam are not included in the Graduation list of Subject Teacher as they are not included in the Cadre of Assam School Service (Jr) Class I in Rule 3 of the Assam School Service (Govt. Secondary Schools )Rules, 2009. Yours faithfully, Director, Secondary Education, Assam Kahilipara, Guwahati -19",Govt. letter No. ASE -72/2013/13,Document,0.7785
62,"Ref:- Govt. letter No. ASE -72/2013/13 dtd. 26.02.2013. Sir, In inviting a reference to the Govt. letter on the subject cited above, I have the honour to state that as per Assam School Service (Govt. Secondary School) Rules,2009, the name of Sri Balay Kr. Borah, Subject Teacher (Vocational) in Cotton Collegiate Govt. HS School, Guwahati and any other Subject Teacher of Vocational stream working in different Govt. HS Schools of Assam are not included in the Graduation list of Subject Teacher as they are not included in the Cadre of Assam School Service (Jr) Class I in Rule 3 of the Assam School Service (Govt. Secondary Schools )Rules, 2009. Yours faithfully, Director, Secondary Education, Assam Kahilipara, Guwahati -19",26.02.2013,Date,0.8077
62,"Ref:- Govt. letter No. ASE -72/2013/13 dtd. 26.02.2013. Sir, In inviting a reference to the Govt. letter on the subject cited above, I have the honour to state that as per Assam School Service (Govt. Secondary School) Rules,2009, the name of Sri Balay Kr. Borah, Subject Teacher (Vocational) in Cotton Collegiate Govt. HS School, Guwahati and any other Subject Teacher of Vocational stream working in different Govt. HS Schools of Assam are not included in the Graduation list of Subject Teacher as they are not included in the Cadre of Assam School Service (Jr) Class I in Rule 3 of the Assam School Service (Govt. Secondary Schools )Rules, 2009. Yours faithfully, Director, Secondary Education, Assam Kahilipara, Guwahati -19","Assam School Service (Govt. Secondary School) Rules,2009",Document,0.6564
62,"Ref:- Govt. letter No. ASE -72/2013/13 dtd. 26.02.2013. Sir, In inviting a reference to the Govt. letter on the subject cited above, I have the honour to state that as per Assam School Service (Govt. Secondary School) Rules,2009, the name of Sri Balay Kr. Borah, Subject Teacher (Vocational) in Cotton Collegiate Govt. HS School, Guwahati and any other Subject Teacher of Vocational stream working in different Govt. HS Schools of Assam are not included in the Graduation list of Subject Teacher as they are not included in the Cadre of Assam School Service (Jr) Class I in Rule 3 of the Assam School Service (Govt. Secondary Schools )Rules, 2009. Yours faithfully, Director, Secondary Education, Assam Kahilipara, Guwahati -19",Sri Balay Kr. Borah,Person,0.9662
62,"Ref:- Govt. letter No. ASE -72/2013/13 dtd. 26.02.2013. Sir, In inviting a reference to the Govt. letter on the subject cited above, I have the honour to state that as per Assam School Service (Govt. Secondary School) Rules,2009, the name of Sri Balay Kr. Borah, Subject Teacher (Vocational) in Cotton Collegiate Govt. HS School, Guwahati and any other Subject Teacher of Vocational stream working in different Govt. HS Schools of Assam are not included in the Graduation list of Subject Teacher as they are not included in the Cadre of Assam School Service (Jr) Class I in Rule 3 of the Assam School Service (Govt. Secondary Schools )Rules, 2009. Yours faithfully, Director, Secondary Education, Assam Kahilipara, Guwahati -19",Subject Teacher (Vocational),Person,0.6142
62,"Ref:- Govt. letter No. ASE -72/2013/13 dtd. 26.02.2013. Sir, In inviting a reference to the Govt. letter on the subject cited above, I have the honour to state that as per Assam School Service (Govt. Secondary School) Rules,2009, the name of Sri Balay Kr. Borah, Subject Teacher (Vocational) in Cotton Collegiate Govt. HS School, Guwahati and any other Subject Teacher of Vocational stream working in different Govt. HS Schools of Assam are not included in the Graduation list of Subject Teacher as they are not included in the Cadre of Assam School Service (Jr) Class I in Rule 3 of the Assam School Service (Govt. Secondary Schools )Rules, 2009. Yours faithfully, Director, Secondary Education, Assam Kahilipara, Guwahati -19",Rule 3,Section,0.5662
62,"Ref:- Govt. letter No. ASE -72/2013/13 dtd. 26.02.2013. Sir, In inviting a reference to the Govt. letter on the subject cited above, I have the honour to state that as per Assam School Service (Govt. Secondary School) Rules,2009, the name of Sri Balay Kr. Borah, Subject Teacher (Vocational) in Cotton Collegiate Govt. HS School, Guwahati and any other Subject Teacher of Vocational stream working in different Govt. HS Schools of Assam are not included in the Graduation list of Subject Teacher as they are not included in the Cadre of Assam School Service (Jr) Class I in Rule 3 of the Assam School Service (Govt. Secondary Schools )Rules, 2009. Yours faithfully, Director, Secondary Education, Assam Kahilipara, Guwahati -19","Assam School Service (Govt. Secondary Schools )Rules, 2009",Document,0.5712
63,"The appellant herein stands convicted under Section 304 Part-I of the Indian Penal Code vide judgment dated 18.9.2012 passed by the learned Sessions Judge, Dhemaji in Sessions Case No. 60(DH) of 2007. After convicting the appellant he has been sentenced to undergo Rigorous Imprisonment for 10 years and also to pay fine of Rs. 10,000/- with default stipulation further RI for one year. Being aggrieved by the conviction and sentence the accused has preferred this appeal from jail.",The appellant,Person,0.8554
63,"The appellant herein stands convicted under Section 304 Part-I of the Indian Penal Code vide judgment dated 18.9.2012 passed by the learned Sessions Judge, Dhemaji in Sessions Case No. 60(DH) of 2007. After convicting the appellant he has been sentenced to undergo Rigorous Imprisonment for 10 years and also to pay fine of Rs. 10,000/- with default stipulation further RI for one year. Being aggrieved by the conviction and sentence the accused has preferred this appeal from jail.",Section 304 Part-I,Section,0.9677
63,"The appellant herein stands convicted under Section 304 Part-I of the Indian Penal Code vide judgment dated 18.9.2012 passed by the learned Sessions Judge, Dhemaji in Sessions Case No. 60(DH) of 2007. After convicting the appellant he has been sentenced to undergo Rigorous Imprisonment for 10 years and also to pay fine of Rs. 10,000/- with default stipulation further RI for one year. Being aggrieved by the conviction and sentence the accused has preferred this appeal from jail.",Indian Penal Code,Law,0.9797
63,"The appellant herein stands convicted under Section 304 Part-I of the Indian Penal Code vide judgment dated 18.9.2012 passed by the learned Sessions Judge, Dhemaji in Sessions Case No. 60(DH) of 2007. After convicting the appellant he has been sentenced to undergo Rigorous Imprisonment for 10 years and also to pay fine of Rs. 10,000/- with default stipulation further RI for one year. Being aggrieved by the conviction and sentence the accused has preferred this appeal from jail.",judgment,Document,0.914
63,"The appellant herein stands convicted under Section 304 Part-I of the Indian Penal Code vide judgment dated 18.9.2012 passed by the learned Sessions Judge, Dhemaji in Sessions Case No. 60(DH) of 2007. After convicting the appellant he has been sentenced to undergo Rigorous Imprisonment for 10 years and also to pay fine of Rs. 10,000/- with default stipulation further RI for one year. Being aggrieved by the conviction and sentence the accused has preferred this appeal from jail.",18.9.2012,Date,0.886
63,"The appellant herein stands convicted under Section 304 Part-I of the Indian Penal Code vide judgment dated 18.9.2012 passed by the learned Sessions Judge, Dhemaji in Sessions Case No. 60(DH) of 2007. After convicting the appellant he has been sentenced to undergo Rigorous Imprisonment for 10 years and also to pay fine of Rs. 10,000/- with default stipulation further RI for one year. Being aggrieved by the conviction and sentence the accused has preferred this appeal from jail.","Sessions Judge, Dhemaji",Court,0.7194
63,"The appellant herein stands convicted under Section 304 Part-I of the Indian Penal Code vide judgment dated 18.9.2012 passed by the learned Sessions Judge, Dhemaji in Sessions Case No. 60(DH) of 2007. After convicting the appellant he has been sentenced to undergo Rigorous Imprisonment for 10 years and also to pay fine of Rs. 10,000/- with default stipulation further RI for one year. Being aggrieved by the conviction and sentence the accused has preferred this appeal from jail.",Sessions Case No. 60(DH) of 2007,Case Number,0.9627
63,"The appellant herein stands convicted under Section 304 Part-I of the Indian Penal Code vide judgment dated 18.9.2012 passed by the learned Sessions Judge, Dhemaji in Sessions Case No. 60(DH) of 2007. After convicting the appellant he has been sentenced to undergo Rigorous Imprisonment for 10 years and also to pay fine of Rs. 10,000/- with default stipulation further RI for one year. Being aggrieved by the conviction and sentence the accused has preferred this appeal from jail.",the appellant,Person,0.8943
64,"The case of the prosecution is that on receipt of the ejahar, from Sri Sibdhan Tanti, Tipujan Tea Estate, Bokakhat alleging that the appellant killed Bishikeswar Tanti by inflicting dao blow upon him, the Officer-in-Charge of Bokakhat Police Station registered a regular case being Bokakhat P.S. Case No.99 of 2008 under Section 302 IPC. After investigation of the case, the I.O., charge-sheeted the appellant under Section 302 IPC to face the trial. The learned Sessions Judge, Golaghat whereafter framed the charge under Section 302 IPC to which the appellant pleaded not guilty and claimed to be tried. In the course of trial, the prosecution examined as many as 9 (nine) witnesses and exhibited the post-mortem report, the inquest report, dead body challan, sketch map of the place of occurrence to bring home the charge against the appellant. At the conclusion of the trial, the appellant was examined under Section 313 CrPC, whose case is that of total denial. The learned Sessions Judge thereafter passed the impugned judgment of conviction and sentence.",Sri Sibdhan Tanti,Person,0.8042
64,"The case of the prosecution is that on receipt of the ejahar, from Sri Sibdhan Tanti, Tipujan Tea Estate, Bokakhat alleging that the appellant killed Bishikeswar Tanti by inflicting dao blow upon him, the Officer-in-Charge of Bokakhat Police Station registered a regular case being Bokakhat P.S. Case No.99 of 2008 under Section 302 IPC. After investigation of the case, the I.O., charge-sheeted the appellant under Section 302 IPC to face the trial. The learned Sessions Judge, Golaghat whereafter framed the charge under Section 302 IPC to which the appellant pleaded not guilty and claimed to be tried. In the course of trial, the prosecution examined as many as 9 (nine) witnesses and exhibited the post-mortem report, the inquest report, dead body challan, sketch map of the place of occurrence to bring home the charge against the appellant. At the conclusion of the trial, the appellant was examined under Section 313 CrPC, whose case is that of total denial. The learned Sessions Judge thereafter passed the impugned judgment of conviction and sentence.",appellant,Person,0.946
64,"The case of the prosecution is that on receipt of the ejahar, from Sri Sibdhan Tanti, Tipujan Tea Estate, Bokakhat alleging that the appellant killed Bishikeswar Tanti by inflicting dao blow upon him, the Officer-in-Charge of Bokakhat Police Station registered a regular case being Bokakhat P.S. Case No.99 of 2008 under Section 302 IPC. After investigation of the case, the I.O., charge-sheeted the appellant under Section 302 IPC to face the trial. The learned Sessions Judge, Golaghat whereafter framed the charge under Section 302 IPC to which the appellant pleaded not guilty and claimed to be tried. In the course of trial, the prosecution examined as many as 9 (nine) witnesses and exhibited the post-mortem report, the inquest report, dead body challan, sketch map of the place of occurrence to bring home the charge against the appellant. At the conclusion of the trial, the appellant was examined under Section 313 CrPC, whose case is that of total denial. The learned Sessions Judge thereafter passed the impugned judgment of conviction and sentence.",Bishikeswar Tanti,Person,0.8383
64,"The case of the prosecution is that on receipt of the ejahar, from Sri Sibdhan Tanti, Tipujan Tea Estate, Bokakhat alleging that the appellant killed Bishikeswar Tanti by inflicting dao blow upon him, the Officer-in-Charge of Bokakhat Police Station registered a regular case being Bokakhat P.S. Case No.99 of 2008 under Section 302 IPC. After investigation of the case, the I.O., charge-sheeted the appellant under Section 302 IPC to face the trial. The learned Sessions Judge, Golaghat whereafter framed the charge under Section 302 IPC to which the appellant pleaded not guilty and claimed to be tried. In the course of trial, the prosecution examined as many as 9 (nine) witnesses and exhibited the post-mortem report, the inquest report, dead body challan, sketch map of the place of occurrence to bring home the charge against the appellant. At the conclusion of the trial, the appellant was examined under Section 313 CrPC, whose case is that of total denial. The learned Sessions Judge thereafter passed the impugned judgment of conviction and sentence.",Bokakhat Police Station,Police Station,0.8718
64,"The case of the prosecution is that on receipt of the ejahar, from Sri Sibdhan Tanti, Tipujan Tea Estate, Bokakhat alleging that the appellant killed Bishikeswar Tanti by inflicting dao blow upon him, the Officer-in-Charge of Bokakhat Police Station registered a regular case being Bokakhat P.S. Case No.99 of 2008 under Section 302 IPC. After investigation of the case, the I.O., charge-sheeted the appellant under Section 302 IPC to face the trial. The learned Sessions Judge, Golaghat whereafter framed the charge under Section 302 IPC to which the appellant pleaded not guilty and claimed to be tried. In the course of trial, the prosecution examined as many as 9 (nine) witnesses and exhibited the post-mortem report, the inquest report, dead body challan, sketch map of the place of occurrence to bring home the charge against the appellant. At the conclusion of the trial, the appellant was examined under Section 313 CrPC, whose case is that of total denial. The learned Sessions Judge thereafter passed the impugned judgment of conviction and sentence.",Section 302 IPC,Section,0.8969
64,"The case of the prosecution is that on receipt of the ejahar, from Sri Sibdhan Tanti, Tipujan Tea Estate, Bokakhat alleging that the appellant killed Bishikeswar Tanti by inflicting dao blow upon him, the Officer-in-Charge of Bokakhat Police Station registered a regular case being Bokakhat P.S. Case No.99 of 2008 under Section 302 IPC. After investigation of the case, the I.O., charge-sheeted the appellant under Section 302 IPC to face the trial. The learned Sessions Judge, Golaghat whereafter framed the charge under Section 302 IPC to which the appellant pleaded not guilty and claimed to be tried. In the course of trial, the prosecution examined as many as 9 (nine) witnesses and exhibited the post-mortem report, the inquest report, dead body challan, sketch map of the place of occurrence to bring home the charge against the appellant. At the conclusion of the trial, the appellant was examined under Section 313 CrPC, whose case is that of total denial. The learned Sessions Judge thereafter passed the impugned judgment of conviction and sentence.",I.O.,Person,0.5022
64,"The case of the prosecution is that on receipt of the ejahar, from Sri Sibdhan Tanti, Tipujan Tea Estate, Bokakhat alleging that the appellant killed Bishikeswar Tanti by inflicting dao blow upon him, the Officer-in-Charge of Bokakhat Police Station registered a regular case being Bokakhat P.S. Case No.99 of 2008 under Section 302 IPC. After investigation of the case, the I.O., charge-sheeted the appellant under Section 302 IPC to face the trial. The learned Sessions Judge, Golaghat whereafter framed the charge under Section 302 IPC to which the appellant pleaded not guilty and claimed to be tried. In the course of trial, the prosecution examined as many as 9 (nine) witnesses and exhibited the post-mortem report, the inquest report, dead body challan, sketch map of the place of occurrence to bring home the charge against the appellant. At the conclusion of the trial, the appellant was examined under Section 313 CrPC, whose case is that of total denial. The learned Sessions Judge thereafter passed the impugned judgment of conviction and sentence.",appellant,Person,0.9736
64,"The case of the prosecution is that on receipt of the ejahar, from Sri Sibdhan Tanti, Tipujan Tea Estate, Bokakhat alleging that the appellant killed Bishikeswar Tanti by inflicting dao blow upon him, the Officer-in-Charge of Bokakhat Police Station registered a regular case being Bokakhat P.S. Case No.99 of 2008 under Section 302 IPC. After investigation of the case, the I.O., charge-sheeted the appellant under Section 302 IPC to face the trial. The learned Sessions Judge, Golaghat whereafter framed the charge under Section 302 IPC to which the appellant pleaded not guilty and claimed to be tried. In the course of trial, the prosecution examined as many as 9 (nine) witnesses and exhibited the post-mortem report, the inquest report, dead body challan, sketch map of the place of occurrence to bring home the charge against the appellant. At the conclusion of the trial, the appellant was examined under Section 313 CrPC, whose case is that of total denial. The learned Sessions Judge thereafter passed the impugned judgment of conviction and sentence.",Section 302 IPC,Section,0.8844
64,"The case of the prosecution is that on receipt of the ejahar, from Sri Sibdhan Tanti, Tipujan Tea Estate, Bokakhat alleging that the appellant killed Bishikeswar Tanti by inflicting dao blow upon him, the Officer-in-Charge of Bokakhat Police Station registered a regular case being Bokakhat P.S. Case No.99 of 2008 under Section 302 IPC. After investigation of the case, the I.O., charge-sheeted the appellant under Section 302 IPC to face the trial. The learned Sessions Judge, Golaghat whereafter framed the charge under Section 302 IPC to which the appellant pleaded not guilty and claimed to be tried. In the course of trial, the prosecution examined as many as 9 (nine) witnesses and exhibited the post-mortem report, the inquest report, dead body challan, sketch map of the place of occurrence to bring home the charge against the appellant. At the conclusion of the trial, the appellant was examined under Section 313 CrPC, whose case is that of total denial. The learned Sessions Judge thereafter passed the impugned judgment of conviction and sentence.",Section 302 IPC,Section,0.8967
64,"The case of the prosecution is that on receipt of the ejahar, from Sri Sibdhan Tanti, Tipujan Tea Estate, Bokakhat alleging that the appellant killed Bishikeswar Tanti by inflicting dao blow upon him, the Officer-in-Charge of Bokakhat Police Station registered a regular case being Bokakhat P.S. Case No.99 of 2008 under Section 302 IPC. After investigation of the case, the I.O., charge-sheeted the appellant under Section 302 IPC to face the trial. The learned Sessions Judge, Golaghat whereafter framed the charge under Section 302 IPC to which the appellant pleaded not guilty and claimed to be tried. In the course of trial, the prosecution examined as many as 9 (nine) witnesses and exhibited the post-mortem report, the inquest report, dead body challan, sketch map of the place of occurrence to bring home the charge against the appellant. At the conclusion of the trial, the appellant was examined under Section 313 CrPC, whose case is that of total denial. The learned Sessions Judge thereafter passed the impugned judgment of conviction and sentence.",appellant,Person,0.9682
64,"The case of the prosecution is that on receipt of the ejahar, from Sri Sibdhan Tanti, Tipujan Tea Estate, Bokakhat alleging that the appellant killed Bishikeswar Tanti by inflicting dao blow upon him, the Officer-in-Charge of Bokakhat Police Station registered a regular case being Bokakhat P.S. Case No.99 of 2008 under Section 302 IPC. After investigation of the case, the I.O., charge-sheeted the appellant under Section 302 IPC to face the trial. The learned Sessions Judge, Golaghat whereafter framed the charge under Section 302 IPC to which the appellant pleaded not guilty and claimed to be tried. In the course of trial, the prosecution examined as many as 9 (nine) witnesses and exhibited the post-mortem report, the inquest report, dead body challan, sketch map of the place of occurrence to bring home the charge against the appellant. At the conclusion of the trial, the appellant was examined under Section 313 CrPC, whose case is that of total denial. The learned Sessions Judge thereafter passed the impugned judgment of conviction and sentence.",post-mortem report,Document,0.9465
64,"The case of the prosecution is that on receipt of the ejahar, from Sri Sibdhan Tanti, Tipujan Tea Estate, Bokakhat alleging that the appellant killed Bishikeswar Tanti by inflicting dao blow upon him, the Officer-in-Charge of Bokakhat Police Station registered a regular case being Bokakhat P.S. Case No.99 of 2008 under Section 302 IPC. After investigation of the case, the I.O., charge-sheeted the appellant under Section 302 IPC to face the trial. The learned Sessions Judge, Golaghat whereafter framed the charge under Section 302 IPC to which the appellant pleaded not guilty and claimed to be tried. In the course of trial, the prosecution examined as many as 9 (nine) witnesses and exhibited the post-mortem report, the inquest report, dead body challan, sketch map of the place of occurrence to bring home the charge against the appellant. At the conclusion of the trial, the appellant was examined under Section 313 CrPC, whose case is that of total denial. The learned Sessions Judge thereafter passed the impugned judgment of conviction and sentence.",inquest report,Document,0.9656
64,"The case of the prosecution is that on receipt of the ejahar, from Sri Sibdhan Tanti, Tipujan Tea Estate, Bokakhat alleging that the appellant killed Bishikeswar Tanti by inflicting dao blow upon him, the Officer-in-Charge of Bokakhat Police Station registered a regular case being Bokakhat P.S. Case No.99 of 2008 under Section 302 IPC. After investigation of the case, the I.O., charge-sheeted the appellant under Section 302 IPC to face the trial. The learned Sessions Judge, Golaghat whereafter framed the charge under Section 302 IPC to which the appellant pleaded not guilty and claimed to be tried. In the course of trial, the prosecution examined as many as 9 (nine) witnesses and exhibited the post-mortem report, the inquest report, dead body challan, sketch map of the place of occurrence to bring home the charge against the appellant. At the conclusion of the trial, the appellant was examined under Section 313 CrPC, whose case is that of total denial. The learned Sessions Judge thereafter passed the impugned judgment of conviction and sentence.",dead body challan,Document,0.9619
64,"The case of the prosecution is that on receipt of the ejahar, from Sri Sibdhan Tanti, Tipujan Tea Estate, Bokakhat alleging that the appellant killed Bishikeswar Tanti by inflicting dao blow upon him, the Officer-in-Charge of Bokakhat Police Station registered a regular case being Bokakhat P.S. Case No.99 of 2008 under Section 302 IPC. After investigation of the case, the I.O., charge-sheeted the appellant under Section 302 IPC to face the trial. The learned Sessions Judge, Golaghat whereafter framed the charge under Section 302 IPC to which the appellant pleaded not guilty and claimed to be tried. In the course of trial, the prosecution examined as many as 9 (nine) witnesses and exhibited the post-mortem report, the inquest report, dead body challan, sketch map of the place of occurrence to bring home the charge against the appellant. At the conclusion of the trial, the appellant was examined under Section 313 CrPC, whose case is that of total denial. The learned Sessions Judge thereafter passed the impugned judgment of conviction and sentence.",sketch map of the place of occurrence,Document,0.7842
64,"The case of the prosecution is that on receipt of the ejahar, from Sri Sibdhan Tanti, Tipujan Tea Estate, Bokakhat alleging that the appellant killed Bishikeswar Tanti by inflicting dao blow upon him, the Officer-in-Charge of Bokakhat Police Station registered a regular case being Bokakhat P.S. Case No.99 of 2008 under Section 302 IPC. After investigation of the case, the I.O., charge-sheeted the appellant under Section 302 IPC to face the trial. The learned Sessions Judge, Golaghat whereafter framed the charge under Section 302 IPC to which the appellant pleaded not guilty and claimed to be tried. In the course of trial, the prosecution examined as many as 9 (nine) witnesses and exhibited the post-mortem report, the inquest report, dead body challan, sketch map of the place of occurrence to bring home the charge against the appellant. At the conclusion of the trial, the appellant was examined under Section 313 CrPC, whose case is that of total denial. The learned Sessions Judge thereafter passed the impugned judgment of conviction and sentence.",appellant,Person,0.9555
64,"The case of the prosecution is that on receipt of the ejahar, from Sri Sibdhan Tanti, Tipujan Tea Estate, Bokakhat alleging that the appellant killed Bishikeswar Tanti by inflicting dao blow upon him, the Officer-in-Charge of Bokakhat Police Station registered a regular case being Bokakhat P.S. Case No.99 of 2008 under Section 302 IPC. After investigation of the case, the I.O., charge-sheeted the appellant under Section 302 IPC to face the trial. The learned Sessions Judge, Golaghat whereafter framed the charge under Section 302 IPC to which the appellant pleaded not guilty and claimed to be tried. In the course of trial, the prosecution examined as many as 9 (nine) witnesses and exhibited the post-mortem report, the inquest report, dead body challan, sketch map of the place of occurrence to bring home the charge against the appellant. At the conclusion of the trial, the appellant was examined under Section 313 CrPC, whose case is that of total denial. The learned Sessions Judge thereafter passed the impugned judgment of conviction and sentence.",appellant,Person,0.9658
64,"The case of the prosecution is that on receipt of the ejahar, from Sri Sibdhan Tanti, Tipujan Tea Estate, Bokakhat alleging that the appellant killed Bishikeswar Tanti by inflicting dao blow upon him, the Officer-in-Charge of Bokakhat Police Station registered a regular case being Bokakhat P.S. Case No.99 of 2008 under Section 302 IPC. After investigation of the case, the I.O., charge-sheeted the appellant under Section 302 IPC to face the trial. The learned Sessions Judge, Golaghat whereafter framed the charge under Section 302 IPC to which the appellant pleaded not guilty and claimed to be tried. In the course of trial, the prosecution examined as many as 9 (nine) witnesses and exhibited the post-mortem report, the inquest report, dead body challan, sketch map of the place of occurrence to bring home the charge against the appellant. At the conclusion of the trial, the appellant was examined under Section 313 CrPC, whose case is that of total denial. The learned Sessions Judge thereafter passed the impugned judgment of conviction and sentence.",Section 313 CrPC,Section,0.7452
65,"The judgment dated 13.10.2010 passed by the learned Sessions Judge, Jorhat in Sessions Case No.48 (J-J) of 2009 is under challenge in this appeal. By this impugned judgment the appellant has been convicted under Section 302 of the Indian Penal Code and he has been sentenced to undergo Imprisonment for Life and also to pay fine of Rs. 5,000/- with default stipulation further RI for two months. Being aggrieved by the conviction and sentence, the appellant has preferred this appeal from jail. Heard M. J. Islam, learned Amicus Curiae for the appellant and Mr. NJ Dutta, learned Addl. PP, Assam. We have also gone through the impugned judgment and the prosecution evidence on record.",13.10.2010,Date,0.9374
65,"The judgment dated 13.10.2010 passed by the learned Sessions Judge, Jorhat in Sessions Case No.48 (J-J) of 2009 is under challenge in this appeal. By this impugned judgment the appellant has been convicted under Section 302 of the Indian Penal Code and he has been sentenced to undergo Imprisonment for Life and also to pay fine of Rs. 5,000/- with default stipulation further RI for two months. Being aggrieved by the conviction and sentence, the appellant has preferred this appeal from jail. Heard M. J. Islam, learned Amicus Curiae for the appellant and Mr. NJ Dutta, learned Addl. PP, Assam. We have also gone through the impugned judgment and the prosecution evidence on record.","Sessions Judge, Jorhat",Court,0.5993
65,"The judgment dated 13.10.2010 passed by the learned Sessions Judge, Jorhat in Sessions Case No.48 (J-J) of 2009 is under challenge in this appeal. By this impugned judgment the appellant has been convicted under Section 302 of the Indian Penal Code and he has been sentenced to undergo Imprisonment for Life and also to pay fine of Rs. 5,000/- with default stipulation further RI for two months. Being aggrieved by the conviction and sentence, the appellant has preferred this appeal from jail. Heard M. J. Islam, learned Amicus Curiae for the appellant and Mr. NJ Dutta, learned Addl. PP, Assam. We have also gone through the impugned judgment and the prosecution evidence on record.",Sessions Case No.48 (J-J) of 2009,Case Number,0.9437
65,"The judgment dated 13.10.2010 passed by the learned Sessions Judge, Jorhat in Sessions Case No.48 (J-J) of 2009 is under challenge in this appeal. By this impugned judgment the appellant has been convicted under Section 302 of the Indian Penal Code and he has been sentenced to undergo Imprisonment for Life and also to pay fine of Rs. 5,000/- with default stipulation further RI for two months. Being aggrieved by the conviction and sentence, the appellant has preferred this appeal from jail. Heard M. J. Islam, learned Amicus Curiae for the appellant and Mr. NJ Dutta, learned Addl. PP, Assam. We have also gone through the impugned judgment and the prosecution evidence on record.",impugned judgment,Document,0.5253
65,"The judgment dated 13.10.2010 passed by the learned Sessions Judge, Jorhat in Sessions Case No.48 (J-J) of 2009 is under challenge in this appeal. By this impugned judgment the appellant has been convicted under Section 302 of the Indian Penal Code and he has been sentenced to undergo Imprisonment for Life and also to pay fine of Rs. 5,000/- with default stipulation further RI for two months. Being aggrieved by the conviction and sentence, the appellant has preferred this appeal from jail. Heard M. J. Islam, learned Amicus Curiae for the appellant and Mr. NJ Dutta, learned Addl. PP, Assam. We have also gone through the impugned judgment and the prosecution evidence on record.",appellant,Person,0.942
65,"The judgment dated 13.10.2010 passed by the learned Sessions Judge, Jorhat in Sessions Case No.48 (J-J) of 2009 is under challenge in this appeal. By this impugned judgment the appellant has been convicted under Section 302 of the Indian Penal Code and he has been sentenced to undergo Imprisonment for Life and also to pay fine of Rs. 5,000/- with default stipulation further RI for two months. Being aggrieved by the conviction and sentence, the appellant has preferred this appeal from jail. Heard M. J. Islam, learned Amicus Curiae for the appellant and Mr. NJ Dutta, learned Addl. PP, Assam. We have also gone through the impugned judgment and the prosecution evidence on record.",Section 302,Section,0.9725
65,"The judgment dated 13.10.2010 passed by the learned Sessions Judge, Jorhat in Sessions Case No.48 (J-J) of 2009 is under challenge in this appeal. By this impugned judgment the appellant has been convicted under Section 302 of the Indian Penal Code and he has been sentenced to undergo Imprisonment for Life and also to pay fine of Rs. 5,000/- with default stipulation further RI for two months. Being aggrieved by the conviction and sentence, the appellant has preferred this appeal from jail. Heard M. J. Islam, learned Amicus Curiae for the appellant and Mr. NJ Dutta, learned Addl. PP, Assam. We have also gone through the impugned judgment and the prosecution evidence on record.",Indian Penal Code,Law,0.975
65,"The judgment dated 13.10.2010 passed by the learned Sessions Judge, Jorhat in Sessions Case No.48 (J-J) of 2009 is under challenge in this appeal. By this impugned judgment the appellant has been convicted under Section 302 of the Indian Penal Code and he has been sentenced to undergo Imprisonment for Life and also to pay fine of Rs. 5,000/- with default stipulation further RI for two months. Being aggrieved by the conviction and sentence, the appellant has preferred this appeal from jail. Heard M. J. Islam, learned Amicus Curiae for the appellant and Mr. NJ Dutta, learned Addl. PP, Assam. We have also gone through the impugned judgment and the prosecution evidence on record.",appellant,Person,0.9583
65,"The judgment dated 13.10.2010 passed by the learned Sessions Judge, Jorhat in Sessions Case No.48 (J-J) of 2009 is under challenge in this appeal. By this impugned judgment the appellant has been convicted under Section 302 of the Indian Penal Code and he has been sentenced to undergo Imprisonment for Life and also to pay fine of Rs. 5,000/- with default stipulation further RI for two months. Being aggrieved by the conviction and sentence, the appellant has preferred this appeal from jail. Heard M. J. Islam, learned Amicus Curiae for the appellant and Mr. NJ Dutta, learned Addl. PP, Assam. We have also gone through the impugned judgment and the prosecution evidence on record.",M. J. Islam,Person,0.8461
65,"The judgment dated 13.10.2010 passed by the learned Sessions Judge, Jorhat in Sessions Case No.48 (J-J) of 2009 is under challenge in this appeal. By this impugned judgment the appellant has been convicted under Section 302 of the Indian Penal Code and he has been sentenced to undergo Imprisonment for Life and also to pay fine of Rs. 5,000/- with default stipulation further RI for two months. Being aggrieved by the conviction and sentence, the appellant has preferred this appeal from jail. Heard M. J. Islam, learned Amicus Curiae for the appellant and Mr. NJ Dutta, learned Addl. PP, Assam. We have also gone through the impugned judgment and the prosecution evidence on record.",appellant,Person,0.9333
65,"The judgment dated 13.10.2010 passed by the learned Sessions Judge, Jorhat in Sessions Case No.48 (J-J) of 2009 is under challenge in this appeal. By this impugned judgment the appellant has been convicted under Section 302 of the Indian Penal Code and he has been sentenced to undergo Imprisonment for Life and also to pay fine of Rs. 5,000/- with default stipulation further RI for two months. Being aggrieved by the conviction and sentence, the appellant has preferred this appeal from jail. Heard M. J. Islam, learned Amicus Curiae for the appellant and Mr. NJ Dutta, learned Addl. PP, Assam. We have also gone through the impugned judgment and the prosecution evidence on record.",Mr. NJ Dutta,Person,0.7933
65,"The judgment dated 13.10.2010 passed by the learned Sessions Judge, Jorhat in Sessions Case No.48 (J-J) of 2009 is under challenge in this appeal. By this impugned judgment the appellant has been convicted under Section 302 of the Indian Penal Code and he has been sentenced to undergo Imprisonment for Life and also to pay fine of Rs. 5,000/- with default stipulation further RI for two months. Being aggrieved by the conviction and sentence, the appellant has preferred this appeal from jail. Heard M. J. Islam, learned Amicus Curiae for the appellant and Mr. NJ Dutta, learned Addl. PP, Assam. We have also gone through the impugned judgment and the prosecution evidence on record.",impugned judgment,Document,0.6385
65,"The judgment dated 13.10.2010 passed by the learned Sessions Judge, Jorhat in Sessions Case No.48 (J-J) of 2009 is under challenge in this appeal. By this impugned judgment the appellant has been convicted under Section 302 of the Indian Penal Code and he has been sentenced to undergo Imprisonment for Life and also to pay fine of Rs. 5,000/- with default stipulation further RI for two months. Being aggrieved by the conviction and sentence, the appellant has preferred this appeal from jail. Heard M. J. Islam, learned Amicus Curiae for the appellant and Mr. NJ Dutta, learned Addl. PP, Assam. We have also gone through the impugned judgment and the prosecution evidence on record.",prosecution evidence,Document,0.5071
66,"This appeal is directed against the judgment and order dated 16.10.2012 passed by the learned Additional Sessions Judge, FTC, Nagaon in Sessions Case No.234(N)/2007, whereby and whereunder the three appellants herein were convicted under Sections 313/201/34 IPC and sentencing them to undergo rigorous imprisonment (RI for short) for four years with fine of Rs.5000/- (Rupees Five Thousand) only each, in default, six months simple imprisonment under Section 313 IPC. They are also sentenced to undergo RI for one year with fine of Rs.1000/- (Rupees One Thousand) only, in default, one month simple imprisonment under Section 201 IPC. However, having found no evidence and as the prosecution has failed to prove the case under Section 506 IPC against the accused persons they were acquitted from the charges under Sections 506/34 IPC.",judgment and order,Document,0.9268
66,"This appeal is directed against the judgment and order dated 16.10.2012 passed by the learned Additional Sessions Judge, FTC, Nagaon in Sessions Case No.234(N)/2007, whereby and whereunder the three appellants herein were convicted under Sections 313/201/34 IPC and sentencing them to undergo rigorous imprisonment (RI for short) for four years with fine of Rs.5000/- (Rupees Five Thousand) only each, in default, six months simple imprisonment under Section 313 IPC. They are also sentenced to undergo RI for one year with fine of Rs.1000/- (Rupees One Thousand) only, in default, one month simple imprisonment under Section 201 IPC. However, having found no evidence and as the prosecution has failed to prove the case under Section 506 IPC against the accused persons they were acquitted from the charges under Sections 506/34 IPC.",16.10.2012,Date,0.9599
66,"This appeal is directed against the judgment and order dated 16.10.2012 passed by the learned Additional Sessions Judge, FTC, Nagaon in Sessions Case No.234(N)/2007, whereby and whereunder the three appellants herein were convicted under Sections 313/201/34 IPC and sentencing them to undergo rigorous imprisonment (RI for short) for four years with fine of Rs.5000/- (Rupees Five Thousand) only each, in default, six months simple imprisonment under Section 313 IPC. They are also sentenced to undergo RI for one year with fine of Rs.1000/- (Rupees One Thousand) only, in default, one month simple imprisonment under Section 201 IPC. However, having found no evidence and as the prosecution has failed to prove the case under Section 506 IPC against the accused persons they were acquitted from the charges under Sections 506/34 IPC.",Additional Sessions Judge,Person,0.9024
66,"This appeal is directed against the judgment and order dated 16.10.2012 passed by the learned Additional Sessions Judge, FTC, Nagaon in Sessions Case No.234(N)/2007, whereby and whereunder the three appellants herein were convicted under Sections 313/201/34 IPC and sentencing them to undergo rigorous imprisonment (RI for short) for four years with fine of Rs.5000/- (Rupees Five Thousand) only each, in default, six months simple imprisonment under Section 313 IPC. They are also sentenced to undergo RI for one year with fine of Rs.1000/- (Rupees One Thousand) only, in default, one month simple imprisonment under Section 201 IPC. However, having found no evidence and as the prosecution has failed to prove the case under Section 506 IPC against the accused persons they were acquitted from the charges under Sections 506/34 IPC.","FTC, Nagaon",Police Station,0.7145
66,"This appeal is directed against the judgment and order dated 16.10.2012 passed by the learned Additional Sessions Judge, FTC, Nagaon in Sessions Case No.234(N)/2007, whereby and whereunder the three appellants herein were convicted under Sections 313/201/34 IPC and sentencing them to undergo rigorous imprisonment (RI for short) for four years with fine of Rs.5000/- (Rupees Five Thousand) only each, in default, six months simple imprisonment under Section 313 IPC. They are also sentenced to undergo RI for one year with fine of Rs.1000/- (Rupees One Thousand) only, in default, one month simple imprisonment under Section 201 IPC. However, having found no evidence and as the prosecution has failed to prove the case under Section 506 IPC against the accused persons they were acquitted from the charges under Sections 506/34 IPC.",Sessions Case No.234(N)/2007,Case Number,0.9638
66,"This appeal is directed against the judgment and order dated 16.10.2012 passed by the learned Additional Sessions Judge, FTC, Nagaon in Sessions Case No.234(N)/2007, whereby and whereunder the three appellants herein were convicted under Sections 313/201/34 IPC and sentencing them to undergo rigorous imprisonment (RI for short) for four years with fine of Rs.5000/- (Rupees Five Thousand) only each, in default, six months simple imprisonment under Section 313 IPC. They are also sentenced to undergo RI for one year with fine of Rs.1000/- (Rupees One Thousand) only, in default, one month simple imprisonment under Section 201 IPC. However, having found no evidence and as the prosecution has failed to prove the case under Section 506 IPC against the accused persons they were acquitted from the charges under Sections 506/34 IPC.",IPC,Law,0.7293
66,"This appeal is directed against the judgment and order dated 16.10.2012 passed by the learned Additional Sessions Judge, FTC, Nagaon in Sessions Case No.234(N)/2007, whereby and whereunder the three appellants herein were convicted under Sections 313/201/34 IPC and sentencing them to undergo rigorous imprisonment (RI for short) for four years with fine of Rs.5000/- (Rupees Five Thousand) only each, in default, six months simple imprisonment under Section 313 IPC. They are also sentenced to undergo RI for one year with fine of Rs.1000/- (Rupees One Thousand) only, in default, one month simple imprisonment under Section 201 IPC. However, having found no evidence and as the prosecution has failed to prove the case under Section 506 IPC against the accused persons they were acquitted from the charges under Sections 506/34 IPC.",Section 313,Section,0.7206
66,"This appeal is directed against the judgment and order dated 16.10.2012 passed by the learned Additional Sessions Judge, FTC, Nagaon in Sessions Case No.234(N)/2007, whereby and whereunder the three appellants herein were convicted under Sections 313/201/34 IPC and sentencing them to undergo rigorous imprisonment (RI for short) for four years with fine of Rs.5000/- (Rupees Five Thousand) only each, in default, six months simple imprisonment under Section 313 IPC. They are also sentenced to undergo RI for one year with fine of Rs.1000/- (Rupees One Thousand) only, in default, one month simple imprisonment under Section 201 IPC. However, having found no evidence and as the prosecution has failed to prove the case under Section 506 IPC against the accused persons they were acquitted from the charges under Sections 506/34 IPC.",IPC,Law,0.8198
66,"This appeal is directed against the judgment and order dated 16.10.2012 passed by the learned Additional Sessions Judge, FTC, Nagaon in Sessions Case No.234(N)/2007, whereby and whereunder the three appellants herein were convicted under Sections 313/201/34 IPC and sentencing them to undergo rigorous imprisonment (RI for short) for four years with fine of Rs.5000/- (Rupees Five Thousand) only each, in default, six months simple imprisonment under Section 313 IPC. They are also sentenced to undergo RI for one year with fine of Rs.1000/- (Rupees One Thousand) only, in default, one month simple imprisonment under Section 201 IPC. However, having found no evidence and as the prosecution has failed to prove the case under Section 506 IPC against the accused persons they were acquitted from the charges under Sections 506/34 IPC.",Section 201 IPC,Section,0.8531
66,"This appeal is directed against the judgment and order dated 16.10.2012 passed by the learned Additional Sessions Judge, FTC, Nagaon in Sessions Case No.234(N)/2007, whereby and whereunder the three appellants herein were convicted under Sections 313/201/34 IPC and sentencing them to undergo rigorous imprisonment (RI for short) for four years with fine of Rs.5000/- (Rupees Five Thousand) only each, in default, six months simple imprisonment under Section 313 IPC. They are also sentenced to undergo RI for one year with fine of Rs.1000/- (Rupees One Thousand) only, in default, one month simple imprisonment under Section 201 IPC. However, having found no evidence and as the prosecution has failed to prove the case under Section 506 IPC against the accused persons they were acquitted from the charges under Sections 506/34 IPC.",Section 506 IPC,Section,0.8132
66,"This appeal is directed against the judgment and order dated 16.10.2012 passed by the learned Additional Sessions Judge, FTC, Nagaon in Sessions Case No.234(N)/2007, whereby and whereunder the three appellants herein were convicted under Sections 313/201/34 IPC and sentencing them to undergo rigorous imprisonment (RI for short) for four years with fine of Rs.5000/- (Rupees Five Thousand) only each, in default, six months simple imprisonment under Section 313 IPC. They are also sentenced to undergo RI for one year with fine of Rs.1000/- (Rupees One Thousand) only, in default, one month simple imprisonment under Section 201 IPC. However, having found no evidence and as the prosecution has failed to prove the case under Section 506 IPC against the accused persons they were acquitted from the charges under Sections 506/34 IPC.",IPC,Law,0.7885
67,"The facts giving rise to this petition may be noticed at the outset. The petitioner is operating a mustard oil mill near the house of the respondent No. 1. According to the respondent No. 1, this oil mill is located in a residential area and started its operation from 10 AM till late night causing inconvenience to him and other inhabitants of the area. This prompted the respondent No. 1 to file a petition before the Executive Magistrate, who, on 25-11-2005, forwarded it to the Officer-in-Charge, Sarbhog Police Station for conducting an inquiry and report, but no action was taken by the police. The respondent No. 1, therefore, informed the Additional Deputy Superintendent of Supplies to take action in this regard since the matter is under the Department of Civil Supplies, but when no action was taken, he approached the District Magistrate, Barpeta to initiate against the petitioner U/s 133 CrPC. Accordingly, a case being No. 27/2006 U/s 133 CrPC was registered. The petitioner contested the case and denied the allegations of the respondent No. 1. The petitioner contended in his written statement that the mill in question was established in his own land, which was not in a residential area, but is in a purely commercial area abutting NH-31 where heavy vehicles ply day and night thereby causing noise in larger volume than that of the noise produced by the sound of his oil mill.",petitioner,Person,0.9533
67,"The facts giving rise to this petition may be noticed at the outset. The petitioner is operating a mustard oil mill near the house of the respondent No. 1. According to the respondent No. 1, this oil mill is located in a residential area and started its operation from 10 AM till late night causing inconvenience to him and other inhabitants of the area. This prompted the respondent No. 1 to file a petition before the Executive Magistrate, who, on 25-11-2005, forwarded it to the Officer-in-Charge, Sarbhog Police Station for conducting an inquiry and report, but no action was taken by the police. The respondent No. 1, therefore, informed the Additional Deputy Superintendent of Supplies to take action in this regard since the matter is under the Department of Civil Supplies, but when no action was taken, he approached the District Magistrate, Barpeta to initiate against the petitioner U/s 133 CrPC. Accordingly, a case being No. 27/2006 U/s 133 CrPC was registered. The petitioner contested the case and denied the allegations of the respondent No. 1. The petitioner contended in his written statement that the mill in question was established in his own land, which was not in a residential area, but is in a purely commercial area abutting NH-31 where heavy vehicles ply day and night thereby causing noise in larger volume than that of the noise produced by the sound of his oil mill.",respondent No. 1,Person,0.9791
67,"The facts giving rise to this petition may be noticed at the outset. The petitioner is operating a mustard oil mill near the house of the respondent No. 1. According to the respondent No. 1, this oil mill is located in a residential area and started its operation from 10 AM till late night causing inconvenience to him and other inhabitants of the area. This prompted the respondent No. 1 to file a petition before the Executive Magistrate, who, on 25-11-2005, forwarded it to the Officer-in-Charge, Sarbhog Police Station for conducting an inquiry and report, but no action was taken by the police. The respondent No. 1, therefore, informed the Additional Deputy Superintendent of Supplies to take action in this regard since the matter is under the Department of Civil Supplies, but when no action was taken, he approached the District Magistrate, Barpeta to initiate against the petitioner U/s 133 CrPC. Accordingly, a case being No. 27/2006 U/s 133 CrPC was registered. The petitioner contested the case and denied the allegations of the respondent No. 1. The petitioner contended in his written statement that the mill in question was established in his own land, which was not in a residential area, but is in a purely commercial area abutting NH-31 where heavy vehicles ply day and night thereby causing noise in larger volume than that of the noise produced by the sound of his oil mill.",respondent No. 1,Person,0.9841
67,"The facts giving rise to this petition may be noticed at the outset. The petitioner is operating a mustard oil mill near the house of the respondent No. 1. According to the respondent No. 1, this oil mill is located in a residential area and started its operation from 10 AM till late night causing inconvenience to him and other inhabitants of the area. This prompted the respondent No. 1 to file a petition before the Executive Magistrate, who, on 25-11-2005, forwarded it to the Officer-in-Charge, Sarbhog Police Station for conducting an inquiry and report, but no action was taken by the police. The respondent No. 1, therefore, informed the Additional Deputy Superintendent of Supplies to take action in this regard since the matter is under the Department of Civil Supplies, but when no action was taken, he approached the District Magistrate, Barpeta to initiate against the petitioner U/s 133 CrPC. Accordingly, a case being No. 27/2006 U/s 133 CrPC was registered. The petitioner contested the case and denied the allegations of the respondent No. 1. The petitioner contended in his written statement that the mill in question was established in his own land, which was not in a residential area, but is in a purely commercial area abutting NH-31 where heavy vehicles ply day and night thereby causing noise in larger volume than that of the noise produced by the sound of his oil mill.",respondent No. 1,Person,0.968
67,"The facts giving rise to this petition may be noticed at the outset. The petitioner is operating a mustard oil mill near the house of the respondent No. 1. According to the respondent No. 1, this oil mill is located in a residential area and started its operation from 10 AM till late night causing inconvenience to him and other inhabitants of the area. This prompted the respondent No. 1 to file a petition before the Executive Magistrate, who, on 25-11-2005, forwarded it to the Officer-in-Charge, Sarbhog Police Station for conducting an inquiry and report, but no action was taken by the police. The respondent No. 1, therefore, informed the Additional Deputy Superintendent of Supplies to take action in this regard since the matter is under the Department of Civil Supplies, but when no action was taken, he approached the District Magistrate, Barpeta to initiate against the petitioner U/s 133 CrPC. Accordingly, a case being No. 27/2006 U/s 133 CrPC was registered. The petitioner contested the case and denied the allegations of the respondent No. 1. The petitioner contended in his written statement that the mill in question was established in his own land, which was not in a residential area, but is in a purely commercial area abutting NH-31 where heavy vehicles ply day and night thereby causing noise in larger volume than that of the noise produced by the sound of his oil mill.",Executive Magistrate,Court,0.8995
67,"The facts giving rise to this petition may be noticed at the outset. The petitioner is operating a mustard oil mill near the house of the respondent No. 1. According to the respondent No. 1, this oil mill is located in a residential area and started its operation from 10 AM till late night causing inconvenience to him and other inhabitants of the area. This prompted the respondent No. 1 to file a petition before the Executive Magistrate, who, on 25-11-2005, forwarded it to the Officer-in-Charge, Sarbhog Police Station for conducting an inquiry and report, but no action was taken by the police. The respondent No. 1, therefore, informed the Additional Deputy Superintendent of Supplies to take action in this regard since the matter is under the Department of Civil Supplies, but when no action was taken, he approached the District Magistrate, Barpeta to initiate against the petitioner U/s 133 CrPC. Accordingly, a case being No. 27/2006 U/s 133 CrPC was registered. The petitioner contested the case and denied the allegations of the respondent No. 1. The petitioner contended in his written statement that the mill in question was established in his own land, which was not in a residential area, but is in a purely commercial area abutting NH-31 where heavy vehicles ply day and night thereby causing noise in larger volume than that of the noise produced by the sound of his oil mill.",25-11-2005,Date,0.9626
67,"The facts giving rise to this petition may be noticed at the outset. The petitioner is operating a mustard oil mill near the house of the respondent No. 1. According to the respondent No. 1, this oil mill is located in a residential area and started its operation from 10 AM till late night causing inconvenience to him and other inhabitants of the area. This prompted the respondent No. 1 to file a petition before the Executive Magistrate, who, on 25-11-2005, forwarded it to the Officer-in-Charge, Sarbhog Police Station for conducting an inquiry and report, but no action was taken by the police. The respondent No. 1, therefore, informed the Additional Deputy Superintendent of Supplies to take action in this regard since the matter is under the Department of Civil Supplies, but when no action was taken, he approached the District Magistrate, Barpeta to initiate against the petitioner U/s 133 CrPC. Accordingly, a case being No. 27/2006 U/s 133 CrPC was registered. The petitioner contested the case and denied the allegations of the respondent No. 1. The petitioner contended in his written statement that the mill in question was established in his own land, which was not in a residential area, but is in a purely commercial area abutting NH-31 where heavy vehicles ply day and night thereby causing noise in larger volume than that of the noise produced by the sound of his oil mill.",Officer-in-Charge,Person,0.8721
67,"The facts giving rise to this petition may be noticed at the outset. The petitioner is operating a mustard oil mill near the house of the respondent No. 1. According to the respondent No. 1, this oil mill is located in a residential area and started its operation from 10 AM till late night causing inconvenience to him and other inhabitants of the area. This prompted the respondent No. 1 to file a petition before the Executive Magistrate, who, on 25-11-2005, forwarded it to the Officer-in-Charge, Sarbhog Police Station for conducting an inquiry and report, but no action was taken by the police. The respondent No. 1, therefore, informed the Additional Deputy Superintendent of Supplies to take action in this regard since the matter is under the Department of Civil Supplies, but when no action was taken, he approached the District Magistrate, Barpeta to initiate against the petitioner U/s 133 CrPC. Accordingly, a case being No. 27/2006 U/s 133 CrPC was registered. The petitioner contested the case and denied the allegations of the respondent No. 1. The petitioner contended in his written statement that the mill in question was established in his own land, which was not in a residential area, but is in a purely commercial area abutting NH-31 where heavy vehicles ply day and night thereby causing noise in larger volume than that of the noise produced by the sound of his oil mill.",Sarbhog Police Station,Police Station,0.9365
67,"The facts giving rise to this petition may be noticed at the outset. The petitioner is operating a mustard oil mill near the house of the respondent No. 1. According to the respondent No. 1, this oil mill is located in a residential area and started its operation from 10 AM till late night causing inconvenience to him and other inhabitants of the area. This prompted the respondent No. 1 to file a petition before the Executive Magistrate, who, on 25-11-2005, forwarded it to the Officer-in-Charge, Sarbhog Police Station for conducting an inquiry and report, but no action was taken by the police. The respondent No. 1, therefore, informed the Additional Deputy Superintendent of Supplies to take action in this regard since the matter is under the Department of Civil Supplies, but when no action was taken, he approached the District Magistrate, Barpeta to initiate against the petitioner U/s 133 CrPC. Accordingly, a case being No. 27/2006 U/s 133 CrPC was registered. The petitioner contested the case and denied the allegations of the respondent No. 1. The petitioner contended in his written statement that the mill in question was established in his own land, which was not in a residential area, but is in a purely commercial area abutting NH-31 where heavy vehicles ply day and night thereby causing noise in larger volume than that of the noise produced by the sound of his oil mill.",respondent No. 1,Person,0.9804
67,"The facts giving rise to this petition may be noticed at the outset. The petitioner is operating a mustard oil mill near the house of the respondent No. 1. According to the respondent No. 1, this oil mill is located in a residential area and started its operation from 10 AM till late night causing inconvenience to him and other inhabitants of the area. This prompted the respondent No. 1 to file a petition before the Executive Magistrate, who, on 25-11-2005, forwarded it to the Officer-in-Charge, Sarbhog Police Station for conducting an inquiry and report, but no action was taken by the police. The respondent No. 1, therefore, informed the Additional Deputy Superintendent of Supplies to take action in this regard since the matter is under the Department of Civil Supplies, but when no action was taken, he approached the District Magistrate, Barpeta to initiate against the petitioner U/s 133 CrPC. Accordingly, a case being No. 27/2006 U/s 133 CrPC was registered. The petitioner contested the case and denied the allegations of the respondent No. 1. The petitioner contended in his written statement that the mill in question was established in his own land, which was not in a residential area, but is in a purely commercial area abutting NH-31 where heavy vehicles ply day and night thereby causing noise in larger volume than that of the noise produced by the sound of his oil mill.",Additional Deputy Superintendent of Supplies,Person,0.8919
67,"The facts giving rise to this petition may be noticed at the outset. The petitioner is operating a mustard oil mill near the house of the respondent No. 1. According to the respondent No. 1, this oil mill is located in a residential area and started its operation from 10 AM till late night causing inconvenience to him and other inhabitants of the area. This prompted the respondent No. 1 to file a petition before the Executive Magistrate, who, on 25-11-2005, forwarded it to the Officer-in-Charge, Sarbhog Police Station for conducting an inquiry and report, but no action was taken by the police. The respondent No. 1, therefore, informed the Additional Deputy Superintendent of Supplies to take action in this regard since the matter is under the Department of Civil Supplies, but when no action was taken, he approached the District Magistrate, Barpeta to initiate against the petitioner U/s 133 CrPC. Accordingly, a case being No. 27/2006 U/s 133 CrPC was registered. The petitioner contested the case and denied the allegations of the respondent No. 1. The petitioner contended in his written statement that the mill in question was established in his own land, which was not in a residential area, but is in a purely commercial area abutting NH-31 where heavy vehicles ply day and night thereby causing noise in larger volume than that of the noise produced by the sound of his oil mill.","District Magistrate, Barpeta",Court,0.8473
67,"The facts giving rise to this petition may be noticed at the outset. The petitioner is operating a mustard oil mill near the house of the respondent No. 1. According to the respondent No. 1, this oil mill is located in a residential area and started its operation from 10 AM till late night causing inconvenience to him and other inhabitants of the area. This prompted the respondent No. 1 to file a petition before the Executive Magistrate, who, on 25-11-2005, forwarded it to the Officer-in-Charge, Sarbhog Police Station for conducting an inquiry and report, but no action was taken by the police. The respondent No. 1, therefore, informed the Additional Deputy Superintendent of Supplies to take action in this regard since the matter is under the Department of Civil Supplies, but when no action was taken, he approached the District Magistrate, Barpeta to initiate against the petitioner U/s 133 CrPC. Accordingly, a case being No. 27/2006 U/s 133 CrPC was registered. The petitioner contested the case and denied the allegations of the respondent No. 1. The petitioner contended in his written statement that the mill in question was established in his own land, which was not in a residential area, but is in a purely commercial area abutting NH-31 where heavy vehicles ply day and night thereby causing noise in larger volume than that of the noise produced by the sound of his oil mill.",petitioner,Person,0.9774
67,"The facts giving rise to this petition may be noticed at the outset. The petitioner is operating a mustard oil mill near the house of the respondent No. 1. According to the respondent No. 1, this oil mill is located in a residential area and started its operation from 10 AM till late night causing inconvenience to him and other inhabitants of the area. This prompted the respondent No. 1 to file a petition before the Executive Magistrate, who, on 25-11-2005, forwarded it to the Officer-in-Charge, Sarbhog Police Station for conducting an inquiry and report, but no action was taken by the police. The respondent No. 1, therefore, informed the Additional Deputy Superintendent of Supplies to take action in this regard since the matter is under the Department of Civil Supplies, but when no action was taken, he approached the District Magistrate, Barpeta to initiate against the petitioner U/s 133 CrPC. Accordingly, a case being No. 27/2006 U/s 133 CrPC was registered. The petitioner contested the case and denied the allegations of the respondent No. 1. The petitioner contended in his written statement that the mill in question was established in his own land, which was not in a residential area, but is in a purely commercial area abutting NH-31 where heavy vehicles ply day and night thereby causing noise in larger volume than that of the noise produced by the sound of his oil mill.",s 133,Section,0.6512
67,"The facts giving rise to this petition may be noticed at the outset. The petitioner is operating a mustard oil mill near the house of the respondent No. 1. According to the respondent No. 1, this oil mill is located in a residential area and started its operation from 10 AM till late night causing inconvenience to him and other inhabitants of the area. This prompted the respondent No. 1 to file a petition before the Executive Magistrate, who, on 25-11-2005, forwarded it to the Officer-in-Charge, Sarbhog Police Station for conducting an inquiry and report, but no action was taken by the police. The respondent No. 1, therefore, informed the Additional Deputy Superintendent of Supplies to take action in this regard since the matter is under the Department of Civil Supplies, but when no action was taken, he approached the District Magistrate, Barpeta to initiate against the petitioner U/s 133 CrPC. Accordingly, a case being No. 27/2006 U/s 133 CrPC was registered. The petitioner contested the case and denied the allegations of the respondent No. 1. The petitioner contended in his written statement that the mill in question was established in his own land, which was not in a residential area, but is in a purely commercial area abutting NH-31 where heavy vehicles ply day and night thereby causing noise in larger volume than that of the noise produced by the sound of his oil mill.",CrPC,Law,0.9536
67,"The facts giving rise to this petition may be noticed at the outset. The petitioner is operating a mustard oil mill near the house of the respondent No. 1. According to the respondent No. 1, this oil mill is located in a residential area and started its operation from 10 AM till late night causing inconvenience to him and other inhabitants of the area. This prompted the respondent No. 1 to file a petition before the Executive Magistrate, who, on 25-11-2005, forwarded it to the Officer-in-Charge, Sarbhog Police Station for conducting an inquiry and report, but no action was taken by the police. The respondent No. 1, therefore, informed the Additional Deputy Superintendent of Supplies to take action in this regard since the matter is under the Department of Civil Supplies, but when no action was taken, he approached the District Magistrate, Barpeta to initiate against the petitioner U/s 133 CrPC. Accordingly, a case being No. 27/2006 U/s 133 CrPC was registered. The petitioner contested the case and denied the allegations of the respondent No. 1. The petitioner contended in his written statement that the mill in question was established in his own land, which was not in a residential area, but is in a purely commercial area abutting NH-31 where heavy vehicles ply day and night thereby causing noise in larger volume than that of the noise produced by the sound of his oil mill.",No. 27/2006,Case Number,0.9533
67,"The facts giving rise to this petition may be noticed at the outset. The petitioner is operating a mustard oil mill near the house of the respondent No. 1. According to the respondent No. 1, this oil mill is located in a residential area and started its operation from 10 AM till late night causing inconvenience to him and other inhabitants of the area. This prompted the respondent No. 1 to file a petition before the Executive Magistrate, who, on 25-11-2005, forwarded it to the Officer-in-Charge, Sarbhog Police Station for conducting an inquiry and report, but no action was taken by the police. The respondent No. 1, therefore, informed the Additional Deputy Superintendent of Supplies to take action in this regard since the matter is under the Department of Civil Supplies, but when no action was taken, he approached the District Magistrate, Barpeta to initiate against the petitioner U/s 133 CrPC. Accordingly, a case being No. 27/2006 U/s 133 CrPC was registered. The petitioner contested the case and denied the allegations of the respondent No. 1. The petitioner contended in his written statement that the mill in question was established in his own land, which was not in a residential area, but is in a purely commercial area abutting NH-31 where heavy vehicles ply day and night thereby causing noise in larger volume than that of the noise produced by the sound of his oil mill.",s 133,Section,0.6822
67,"The facts giving rise to this petition may be noticed at the outset. The petitioner is operating a mustard oil mill near the house of the respondent No. 1. According to the respondent No. 1, this oil mill is located in a residential area and started its operation from 10 AM till late night causing inconvenience to him and other inhabitants of the area. This prompted the respondent No. 1 to file a petition before the Executive Magistrate, who, on 25-11-2005, forwarded it to the Officer-in-Charge, Sarbhog Police Station for conducting an inquiry and report, but no action was taken by the police. The respondent No. 1, therefore, informed the Additional Deputy Superintendent of Supplies to take action in this regard since the matter is under the Department of Civil Supplies, but when no action was taken, he approached the District Magistrate, Barpeta to initiate against the petitioner U/s 133 CrPC. Accordingly, a case being No. 27/2006 U/s 133 CrPC was registered. The petitioner contested the case and denied the allegations of the respondent No. 1. The petitioner contended in his written statement that the mill in question was established in his own land, which was not in a residential area, but is in a purely commercial area abutting NH-31 where heavy vehicles ply day and night thereby causing noise in larger volume than that of the noise produced by the sound of his oil mill.",CrPC,Law,0.9416
67,"The facts giving rise to this petition may be noticed at the outset. The petitioner is operating a mustard oil mill near the house of the respondent No. 1. According to the respondent No. 1, this oil mill is located in a residential area and started its operation from 10 AM till late night causing inconvenience to him and other inhabitants of the area. This prompted the respondent No. 1 to file a petition before the Executive Magistrate, who, on 25-11-2005, forwarded it to the Officer-in-Charge, Sarbhog Police Station for conducting an inquiry and report, but no action was taken by the police. The respondent No. 1, therefore, informed the Additional Deputy Superintendent of Supplies to take action in this regard since the matter is under the Department of Civil Supplies, but when no action was taken, he approached the District Magistrate, Barpeta to initiate against the petitioner U/s 133 CrPC. Accordingly, a case being No. 27/2006 U/s 133 CrPC was registered. The petitioner contested the case and denied the allegations of the respondent No. 1. The petitioner contended in his written statement that the mill in question was established in his own land, which was not in a residential area, but is in a purely commercial area abutting NH-31 where heavy vehicles ply day and night thereby causing noise in larger volume than that of the noise produced by the sound of his oil mill.",petitioner,Person,0.9762
67,"The facts giving rise to this petition may be noticed at the outset. The petitioner is operating a mustard oil mill near the house of the respondent No. 1. According to the respondent No. 1, this oil mill is located in a residential area and started its operation from 10 AM till late night causing inconvenience to him and other inhabitants of the area. This prompted the respondent No. 1 to file a petition before the Executive Magistrate, who, on 25-11-2005, forwarded it to the Officer-in-Charge, Sarbhog Police Station for conducting an inquiry and report, but no action was taken by the police. The respondent No. 1, therefore, informed the Additional Deputy Superintendent of Supplies to take action in this regard since the matter is under the Department of Civil Supplies, but when no action was taken, he approached the District Magistrate, Barpeta to initiate against the petitioner U/s 133 CrPC. Accordingly, a case being No. 27/2006 U/s 133 CrPC was registered. The petitioner contested the case and denied the allegations of the respondent No. 1. The petitioner contended in his written statement that the mill in question was established in his own land, which was not in a residential area, but is in a purely commercial area abutting NH-31 where heavy vehicles ply day and night thereby causing noise in larger volume than that of the noise produced by the sound of his oil mill.",respondent No. 1,Person,0.9831
67,"The facts giving rise to this petition may be noticed at the outset. The petitioner is operating a mustard oil mill near the house of the respondent No. 1. According to the respondent No. 1, this oil mill is located in a residential area and started its operation from 10 AM till late night causing inconvenience to him and other inhabitants of the area. This prompted the respondent No. 1 to file a petition before the Executive Magistrate, who, on 25-11-2005, forwarded it to the Officer-in-Charge, Sarbhog Police Station for conducting an inquiry and report, but no action was taken by the police. The respondent No. 1, therefore, informed the Additional Deputy Superintendent of Supplies to take action in this regard since the matter is under the Department of Civil Supplies, but when no action was taken, he approached the District Magistrate, Barpeta to initiate against the petitioner U/s 133 CrPC. Accordingly, a case being No. 27/2006 U/s 133 CrPC was registered. The petitioner contested the case and denied the allegations of the respondent No. 1. The petitioner contended in his written statement that the mill in question was established in his own land, which was not in a residential area, but is in a purely commercial area abutting NH-31 where heavy vehicles ply day and night thereby causing noise in larger volume than that of the noise produced by the sound of his oil mill.",petitioner,Person,0.9712
67,"The facts giving rise to this petition may be noticed at the outset. The petitioner is operating a mustard oil mill near the house of the respondent No. 1. According to the respondent No. 1, this oil mill is located in a residential area and started its operation from 10 AM till late night causing inconvenience to him and other inhabitants of the area. This prompted the respondent No. 1 to file a petition before the Executive Magistrate, who, on 25-11-2005, forwarded it to the Officer-in-Charge, Sarbhog Police Station for conducting an inquiry and report, but no action was taken by the police. The respondent No. 1, therefore, informed the Additional Deputy Superintendent of Supplies to take action in this regard since the matter is under the Department of Civil Supplies, but when no action was taken, he approached the District Magistrate, Barpeta to initiate against the petitioner U/s 133 CrPC. Accordingly, a case being No. 27/2006 U/s 133 CrPC was registered. The petitioner contested the case and denied the allegations of the respondent No. 1. The petitioner contended in his written statement that the mill in question was established in his own land, which was not in a residential area, but is in a purely commercial area abutting NH-31 where heavy vehicles ply day and night thereby causing noise in larger volume than that of the noise produced by the sound of his oil mill.",written statement,Document,0.7798
68,"Apparently the mandate of sub-section 2 of Section 13 of P.F.A. Act had not been complied with. It is now well settled that Section 13 of P.F.A. Act is mandatory (reference may be made to case of State of Orissa v. Gauranga Sahu 2003 Cr.L.J. 3077 SC). The prayer of the petitioners to send the sample to the Central Food Laboratory could not be considered. The petitioners have lost their valuable rights to get the sample analysed by Central Food Laboratory. There cannot be further any direction to send the sample to Central Food Laboratory as the samples had been taken long back on 29.10.2010 and no preservative was added to it, as it is apparent from the public analysis report as well as the Memorandum. The expiry date of the samples was 1 month from the date of manufacture.",Section 13,Section,0.9603
68,"Apparently the mandate of sub-section 2 of Section 13 of P.F.A. Act had not been complied with. It is now well settled that Section 13 of P.F.A. Act is mandatory (reference may be made to case of State of Orissa v. Gauranga Sahu 2003 Cr.L.J. 3077 SC). The prayer of the petitioners to send the sample to the Central Food Laboratory could not be considered. The petitioners have lost their valuable rights to get the sample analysed by Central Food Laboratory. There cannot be further any direction to send the sample to Central Food Laboratory as the samples had been taken long back on 29.10.2010 and no preservative was added to it, as it is apparent from the public analysis report as well as the Memorandum. The expiry date of the samples was 1 month from the date of manufacture.",P.F.A. Act,Law,0.9106
68,"Apparently the mandate of sub-section 2 of Section 13 of P.F.A. Act had not been complied with. It is now well settled that Section 13 of P.F.A. Act is mandatory (reference may be made to case of State of Orissa v. Gauranga Sahu 2003 Cr.L.J. 3077 SC). The prayer of the petitioners to send the sample to the Central Food Laboratory could not be considered. The petitioners have lost their valuable rights to get the sample analysed by Central Food Laboratory. There cannot be further any direction to send the sample to Central Food Laboratory as the samples had been taken long back on 29.10.2010 and no preservative was added to it, as it is apparent from the public analysis report as well as the Memorandum. The expiry date of the samples was 1 month from the date of manufacture.",Section 13,Section,0.9637
68,"Apparently the mandate of sub-section 2 of Section 13 of P.F.A. Act had not been complied with. It is now well settled that Section 13 of P.F.A. Act is mandatory (reference may be made to case of State of Orissa v. Gauranga Sahu 2003 Cr.L.J. 3077 SC). The prayer of the petitioners to send the sample to the Central Food Laboratory could not be considered. The petitioners have lost their valuable rights to get the sample analysed by Central Food Laboratory. There cannot be further any direction to send the sample to Central Food Laboratory as the samples had been taken long back on 29.10.2010 and no preservative was added to it, as it is apparent from the public analysis report as well as the Memorandum. The expiry date of the samples was 1 month from the date of manufacture.",P.F.A. Act,Law,0.9161
68,"Apparently the mandate of sub-section 2 of Section 13 of P.F.A. Act had not been complied with. It is now well settled that Section 13 of P.F.A. Act is mandatory (reference may be made to case of State of Orissa v. Gauranga Sahu 2003 Cr.L.J. 3077 SC). The prayer of the petitioners to send the sample to the Central Food Laboratory could not be considered. The petitioners have lost their valuable rights to get the sample analysed by Central Food Laboratory. There cannot be further any direction to send the sample to Central Food Laboratory as the samples had been taken long back on 29.10.2010 and no preservative was added to it, as it is apparent from the public analysis report as well as the Memorandum. The expiry date of the samples was 1 month from the date of manufacture.",Gauranga Sahu,Person,0.7531
68,"Apparently the mandate of sub-section 2 of Section 13 of P.F.A. Act had not been complied with. It is now well settled that Section 13 of P.F.A. Act is mandatory (reference may be made to case of State of Orissa v. Gauranga Sahu 2003 Cr.L.J. 3077 SC). The prayer of the petitioners to send the sample to the Central Food Laboratory could not be considered. The petitioners have lost their valuable rights to get the sample analysed by Central Food Laboratory. There cannot be further any direction to send the sample to Central Food Laboratory as the samples had been taken long back on 29.10.2010 and no preservative was added to it, as it is apparent from the public analysis report as well as the Memorandum. The expiry date of the samples was 1 month from the date of manufacture.",2003 Cr.L.J. 3077 SC,Case Number,0.7104
68,"Apparently the mandate of sub-section 2 of Section 13 of P.F.A. Act had not been complied with. It is now well settled that Section 13 of P.F.A. Act is mandatory (reference may be made to case of State of Orissa v. Gauranga Sahu 2003 Cr.L.J. 3077 SC). The prayer of the petitioners to send the sample to the Central Food Laboratory could not be considered. The petitioners have lost their valuable rights to get the sample analysed by Central Food Laboratory. There cannot be further any direction to send the sample to Central Food Laboratory as the samples had been taken long back on 29.10.2010 and no preservative was added to it, as it is apparent from the public analysis report as well as the Memorandum. The expiry date of the samples was 1 month from the date of manufacture.",29.10.2010,Date,0.8375
68,"Apparently the mandate of sub-section 2 of Section 13 of P.F.A. Act had not been complied with. It is now well settled that Section 13 of P.F.A. Act is mandatory (reference may be made to case of State of Orissa v. Gauranga Sahu 2003 Cr.L.J. 3077 SC). The prayer of the petitioners to send the sample to the Central Food Laboratory could not be considered. The petitioners have lost their valuable rights to get the sample analysed by Central Food Laboratory. There cannot be further any direction to send the sample to Central Food Laboratory as the samples had been taken long back on 29.10.2010 and no preservative was added to it, as it is apparent from the public analysis report as well as the Memorandum. The expiry date of the samples was 1 month from the date of manufacture.",public analysis report,Document,0.7113
68,"Apparently the mandate of sub-section 2 of Section 13 of P.F.A. Act had not been complied with. It is now well settled that Section 13 of P.F.A. Act is mandatory (reference may be made to case of State of Orissa v. Gauranga Sahu 2003 Cr.L.J. 3077 SC). The prayer of the petitioners to send the sample to the Central Food Laboratory could not be considered. The petitioners have lost their valuable rights to get the sample analysed by Central Food Laboratory. There cannot be further any direction to send the sample to Central Food Laboratory as the samples had been taken long back on 29.10.2010 and no preservative was added to it, as it is apparent from the public analysis report as well as the Memorandum. The expiry date of the samples was 1 month from the date of manufacture.",Memorandum,Document,0.8989
69,"The appeal is directed against the judgment passed by the learned Assistant Sessions Judge, Morigaon in Session case No. 60/2009 convicting one Sri Babul Deka under Section 366/376 IPC and sentencing him to RI for 7 years and fine of Rs. 1,000/- in default, RI for another one month for each of those offences as well as the judgment dated 15.2.2011 passed by the learned Sessions Judge, Morigaon in Criminal Appeal No. 9/2011 maintaining the conviction recorded by the learned trial court as far as offence under section 376 IPC is concerned. Being agreed by the aforesaid judgments, Sri Babul Deka, herein after referred as accused person, has been preferred this criminal revision petition citing several infirmities in those judgments.",judgment,Document,0.8439
69,"The appeal is directed against the judgment passed by the learned Assistant Sessions Judge, Morigaon in Session case No. 60/2009 convicting one Sri Babul Deka under Section 366/376 IPC and sentencing him to RI for 7 years and fine of Rs. 1,000/- in default, RI for another one month for each of those offences as well as the judgment dated 15.2.2011 passed by the learned Sessions Judge, Morigaon in Criminal Appeal No. 9/2011 maintaining the conviction recorded by the learned trial court as far as offence under section 376 IPC is concerned. Being agreed by the aforesaid judgments, Sri Babul Deka, herein after referred as accused person, has been preferred this criminal revision petition citing several infirmities in those judgments.",Morigaon,Police Station,0.7466
69,"The appeal is directed against the judgment passed by the learned Assistant Sessions Judge, Morigaon in Session case No. 60/2009 convicting one Sri Babul Deka under Section 366/376 IPC and sentencing him to RI for 7 years and fine of Rs. 1,000/- in default, RI for another one month for each of those offences as well as the judgment dated 15.2.2011 passed by the learned Sessions Judge, Morigaon in Criminal Appeal No. 9/2011 maintaining the conviction recorded by the learned trial court as far as offence under section 376 IPC is concerned. Being agreed by the aforesaid judgments, Sri Babul Deka, herein after referred as accused person, has been preferred this criminal revision petition citing several infirmities in those judgments.",Session case No. 60/2009,Case Number,0.9549
69,"The appeal is directed against the judgment passed by the learned Assistant Sessions Judge, Morigaon in Session case No. 60/2009 convicting one Sri Babul Deka under Section 366/376 IPC and sentencing him to RI for 7 years and fine of Rs. 1,000/- in default, RI for another one month for each of those offences as well as the judgment dated 15.2.2011 passed by the learned Sessions Judge, Morigaon in Criminal Appeal No. 9/2011 maintaining the conviction recorded by the learned trial court as far as offence under section 376 IPC is concerned. Being agreed by the aforesaid judgments, Sri Babul Deka, herein after referred as accused person, has been preferred this criminal revision petition citing several infirmities in those judgments.",Sri Babul Deka,Person,0.9792
69,"The appeal is directed against the judgment passed by the learned Assistant Sessions Judge, Morigaon in Session case No. 60/2009 convicting one Sri Babul Deka under Section 366/376 IPC and sentencing him to RI for 7 years and fine of Rs. 1,000/- in default, RI for another one month for each of those offences as well as the judgment dated 15.2.2011 passed by the learned Sessions Judge, Morigaon in Criminal Appeal No. 9/2011 maintaining the conviction recorded by the learned trial court as far as offence under section 376 IPC is concerned. Being agreed by the aforesaid judgments, Sri Babul Deka, herein after referred as accused person, has been preferred this criminal revision petition citing several infirmities in those judgments.",Section 366/376 IPC,Section,0.7235
69,"The appeal is directed against the judgment passed by the learned Assistant Sessions Judge, Morigaon in Session case No. 60/2009 convicting one Sri Babul Deka under Section 366/376 IPC and sentencing him to RI for 7 years and fine of Rs. 1,000/- in default, RI for another one month for each of those offences as well as the judgment dated 15.2.2011 passed by the learned Sessions Judge, Morigaon in Criminal Appeal No. 9/2011 maintaining the conviction recorded by the learned trial court as far as offence under section 376 IPC is concerned. Being agreed by the aforesaid judgments, Sri Babul Deka, herein after referred as accused person, has been preferred this criminal revision petition citing several infirmities in those judgments.",judgment,Document,0.8655
69,"The appeal is directed against the judgment passed by the learned Assistant Sessions Judge, Morigaon in Session case No. 60/2009 convicting one Sri Babul Deka under Section 366/376 IPC and sentencing him to RI for 7 years and fine of Rs. 1,000/- in default, RI for another one month for each of those offences as well as the judgment dated 15.2.2011 passed by the learned Sessions Judge, Morigaon in Criminal Appeal No. 9/2011 maintaining the conviction recorded by the learned trial court as far as offence under section 376 IPC is concerned. Being agreed by the aforesaid judgments, Sri Babul Deka, herein after referred as accused person, has been preferred this criminal revision petition citing several infirmities in those judgments.",15.2.2011,Date,0.9413
69,"The appeal is directed against the judgment passed by the learned Assistant Sessions Judge, Morigaon in Session case No. 60/2009 convicting one Sri Babul Deka under Section 366/376 IPC and sentencing him to RI for 7 years and fine of Rs. 1,000/- in default, RI for another one month for each of those offences as well as the judgment dated 15.2.2011 passed by the learned Sessions Judge, Morigaon in Criminal Appeal No. 9/2011 maintaining the conviction recorded by the learned trial court as far as offence under section 376 IPC is concerned. Being agreed by the aforesaid judgments, Sri Babul Deka, herein after referred as accused person, has been preferred this criminal revision petition citing several infirmities in those judgments.",Morigaon,Police Station,0.6082
69,"The appeal is directed against the judgment passed by the learned Assistant Sessions Judge, Morigaon in Session case No. 60/2009 convicting one Sri Babul Deka under Section 366/376 IPC and sentencing him to RI for 7 years and fine of Rs. 1,000/- in default, RI for another one month for each of those offences as well as the judgment dated 15.2.2011 passed by the learned Sessions Judge, Morigaon in Criminal Appeal No. 9/2011 maintaining the conviction recorded by the learned trial court as far as offence under section 376 IPC is concerned. Being agreed by the aforesaid judgments, Sri Babul Deka, herein after referred as accused person, has been preferred this criminal revision petition citing several infirmities in those judgments.",Criminal Appeal No. 9/2011,Case Number,0.9041
69,"The appeal is directed against the judgment passed by the learned Assistant Sessions Judge, Morigaon in Session case No. 60/2009 convicting one Sri Babul Deka under Section 366/376 IPC and sentencing him to RI for 7 years and fine of Rs. 1,000/- in default, RI for another one month for each of those offences as well as the judgment dated 15.2.2011 passed by the learned Sessions Judge, Morigaon in Criminal Appeal No. 9/2011 maintaining the conviction recorded by the learned trial court as far as offence under section 376 IPC is concerned. Being agreed by the aforesaid judgments, Sri Babul Deka, herein after referred as accused person, has been preferred this criminal revision petition citing several infirmities in those judgments.",learned trial court,Court,0.8539
69,"The appeal is directed against the judgment passed by the learned Assistant Sessions Judge, Morigaon in Session case No. 60/2009 convicting one Sri Babul Deka under Section 366/376 IPC and sentencing him to RI for 7 years and fine of Rs. 1,000/- in default, RI for another one month for each of those offences as well as the judgment dated 15.2.2011 passed by the learned Sessions Judge, Morigaon in Criminal Appeal No. 9/2011 maintaining the conviction recorded by the learned trial court as far as offence under section 376 IPC is concerned. Being agreed by the aforesaid judgments, Sri Babul Deka, herein after referred as accused person, has been preferred this criminal revision petition citing several infirmities in those judgments.",IPC,Law,0.7269
69,"The appeal is directed against the judgment passed by the learned Assistant Sessions Judge, Morigaon in Session case No. 60/2009 convicting one Sri Babul Deka under Section 366/376 IPC and sentencing him to RI for 7 years and fine of Rs. 1,000/- in default, RI for another one month for each of those offences as well as the judgment dated 15.2.2011 passed by the learned Sessions Judge, Morigaon in Criminal Appeal No. 9/2011 maintaining the conviction recorded by the learned trial court as far as offence under section 376 IPC is concerned. Being agreed by the aforesaid judgments, Sri Babul Deka, herein after referred as accused person, has been preferred this criminal revision petition citing several infirmities in those judgments.",Sri Babul Deka,Person,0.9822
69,"The appeal is directed against the judgment passed by the learned Assistant Sessions Judge, Morigaon in Session case No. 60/2009 convicting one Sri Babul Deka under Section 366/376 IPC and sentencing him to RI for 7 years and fine of Rs. 1,000/- in default, RI for another one month for each of those offences as well as the judgment dated 15.2.2011 passed by the learned Sessions Judge, Morigaon in Criminal Appeal No. 9/2011 maintaining the conviction recorded by the learned trial court as far as offence under section 376 IPC is concerned. Being agreed by the aforesaid judgments, Sri Babul Deka, herein after referred as accused person, has been preferred this criminal revision petition citing several infirmities in those judgments.",criminal revision petition,Document,0.5155
70,"The validity of the judgment dated 22-11-2012 passed by the learned Additional Sessions Judge, Dhubri in Criminal Revision Petition No. 25(4)/2011 refusing to convert the criminal revision petition filed by the petitioner into a petition of appeal under Section 401(5) read with Section 399(2) of the Code of Criminal Procedure ('the Code' for short) is called into question in this criminal revision petition.",22-11-2012,Date,0.9429
70,"The validity of the judgment dated 22-11-2012 passed by the learned Additional Sessions Judge, Dhubri in Criminal Revision Petition No. 25(4)/2011 refusing to convert the criminal revision petition filed by the petitioner into a petition of appeal under Section 401(5) read with Section 399(2) of the Code of Criminal Procedure ('the Code' for short) is called into question in this criminal revision petition.","Additional Sessions Judge, Dhubri",Court,0.6906
70,"The validity of the judgment dated 22-11-2012 passed by the learned Additional Sessions Judge, Dhubri in Criminal Revision Petition No. 25(4)/2011 refusing to convert the criminal revision petition filed by the petitioner into a petition of appeal under Section 401(5) read with Section 399(2) of the Code of Criminal Procedure ('the Code' for short) is called into question in this criminal revision petition.",Criminal Revision Petition No. 25(4)/2011,Case Number,0.7987
70,"The validity of the judgment dated 22-11-2012 passed by the learned Additional Sessions Judge, Dhubri in Criminal Revision Petition No. 25(4)/2011 refusing to convert the criminal revision petition filed by the petitioner into a petition of appeal under Section 401(5) read with Section 399(2) of the Code of Criminal Procedure ('the Code' for short) is called into question in this criminal revision petition.",criminal revision petition,Document,0.9085
70,"The validity of the judgment dated 22-11-2012 passed by the learned Additional Sessions Judge, Dhubri in Criminal Revision Petition No. 25(4)/2011 refusing to convert the criminal revision petition filed by the petitioner into a petition of appeal under Section 401(5) read with Section 399(2) of the Code of Criminal Procedure ('the Code' for short) is called into question in this criminal revision petition.",petitioner,Person,0.8419
70,"The validity of the judgment dated 22-11-2012 passed by the learned Additional Sessions Judge, Dhubri in Criminal Revision Petition No. 25(4)/2011 refusing to convert the criminal revision petition filed by the petitioner into a petition of appeal under Section 401(5) read with Section 399(2) of the Code of Criminal Procedure ('the Code' for short) is called into question in this criminal revision petition.",Section 401(5),Section,0.9917
70,"The validity of the judgment dated 22-11-2012 passed by the learned Additional Sessions Judge, Dhubri in Criminal Revision Petition No. 25(4)/2011 refusing to convert the criminal revision petition filed by the petitioner into a petition of appeal under Section 401(5) read with Section 399(2) of the Code of Criminal Procedure ('the Code' for short) is called into question in this criminal revision petition.",Section 399(2),Section,0.9875
70,"The validity of the judgment dated 22-11-2012 passed by the learned Additional Sessions Judge, Dhubri in Criminal Revision Petition No. 25(4)/2011 refusing to convert the criminal revision petition filed by the petitioner into a petition of appeal under Section 401(5) read with Section 399(2) of the Code of Criminal Procedure ('the Code' for short) is called into question in this criminal revision petition.",Code of Criminal Procedure,Law,0.9471
70,"The validity of the judgment dated 22-11-2012 passed by the learned Additional Sessions Judge, Dhubri in Criminal Revision Petition No. 25(4)/2011 refusing to convert the criminal revision petition filed by the petitioner into a petition of appeal under Section 401(5) read with Section 399(2) of the Code of Criminal Procedure ('the Code' for short) is called into question in this criminal revision petition.",criminal revision petition,Document,0.9071
71,"The respondent No. 2 herein filed an application under Section 125 Cr.P.C. claiming herself as wife of the petitioner. She prayed for maintenance of Rs. 1200/- from her husband i.e. the petitioner. The learned Judicial Magistrate, 1st Class, Nagaon, in M.R. Case No. 366 of 2010, allowed the prayer of the respondent No. 2. Against the judgment passed by the learned Sessions Judge, Nagaon, the petitioner filed revision and the learned Sessions Judge vide the impugned order passed in C.R. No. 121 of 2011 modified the quantum of maintenance and directed the petitioner to pay Rs. 800/- per month towards the maintenance of respondent No. 2. Heard Mr. A. Rahman, learned counsel for the petitioner and Mr. A. Ahmed, learned counsel for respondent No. 2.",respondent No. 2,Person,0.5763
71,"The respondent No. 2 herein filed an application under Section 125 Cr.P.C. claiming herself as wife of the petitioner. She prayed for maintenance of Rs. 1200/- from her husband i.e. the petitioner. The learned Judicial Magistrate, 1st Class, Nagaon, in M.R. Case No. 366 of 2010, allowed the prayer of the respondent No. 2. Against the judgment passed by the learned Sessions Judge, Nagaon, the petitioner filed revision and the learned Sessions Judge vide the impugned order passed in C.R. No. 121 of 2011 modified the quantum of maintenance and directed the petitioner to pay Rs. 800/- per month towards the maintenance of respondent No. 2. Heard Mr. A. Rahman, learned counsel for the petitioner and Mr. A. Ahmed, learned counsel for respondent No. 2.",Section 125,Section,0.6619
71,"The respondent No. 2 herein filed an application under Section 125 Cr.P.C. claiming herself as wife of the petitioner. She prayed for maintenance of Rs. 1200/- from her husband i.e. the petitioner. The learned Judicial Magistrate, 1st Class, Nagaon, in M.R. Case No. 366 of 2010, allowed the prayer of the respondent No. 2. Against the judgment passed by the learned Sessions Judge, Nagaon, the petitioner filed revision and the learned Sessions Judge vide the impugned order passed in C.R. No. 121 of 2011 modified the quantum of maintenance and directed the petitioner to pay Rs. 800/- per month towards the maintenance of respondent No. 2. Heard Mr. A. Rahman, learned counsel for the petitioner and Mr. A. Ahmed, learned counsel for respondent No. 2.",Cr.P.C.,Law,0.5313
71,"The respondent No. 2 herein filed an application under Section 125 Cr.P.C. claiming herself as wife of the petitioner. She prayed for maintenance of Rs. 1200/- from her husband i.e. the petitioner. The learned Judicial Magistrate, 1st Class, Nagaon, in M.R. Case No. 366 of 2010, allowed the prayer of the respondent No. 2. Against the judgment passed by the learned Sessions Judge, Nagaon, the petitioner filed revision and the learned Sessions Judge vide the impugned order passed in C.R. No. 121 of 2011 modified the quantum of maintenance and directed the petitioner to pay Rs. 800/- per month towards the maintenance of respondent No. 2. Heard Mr. A. Rahman, learned counsel for the petitioner and Mr. A. Ahmed, learned counsel for respondent No. 2.",petitioner,Person,0.8644
71,"The respondent No. 2 herein filed an application under Section 125 Cr.P.C. claiming herself as wife of the petitioner. She prayed for maintenance of Rs. 1200/- from her husband i.e. the petitioner. The learned Judicial Magistrate, 1st Class, Nagaon, in M.R. Case No. 366 of 2010, allowed the prayer of the respondent No. 2. Against the judgment passed by the learned Sessions Judge, Nagaon, the petitioner filed revision and the learned Sessions Judge vide the impugned order passed in C.R. No. 121 of 2011 modified the quantum of maintenance and directed the petitioner to pay Rs. 800/- per month towards the maintenance of respondent No. 2. Heard Mr. A. Rahman, learned counsel for the petitioner and Mr. A. Ahmed, learned counsel for respondent No. 2.",petitioner,Person,0.8686
71,"The respondent No. 2 herein filed an application under Section 125 Cr.P.C. claiming herself as wife of the petitioner. She prayed for maintenance of Rs. 1200/- from her husband i.e. the petitioner. The learned Judicial Magistrate, 1st Class, Nagaon, in M.R. Case No. 366 of 2010, allowed the prayer of the respondent No. 2. Against the judgment passed by the learned Sessions Judge, Nagaon, the petitioner filed revision and the learned Sessions Judge vide the impugned order passed in C.R. No. 121 of 2011 modified the quantum of maintenance and directed the petitioner to pay Rs. 800/- per month towards the maintenance of respondent No. 2. Heard Mr. A. Rahman, learned counsel for the petitioner and Mr. A. Ahmed, learned counsel for respondent No. 2.",M.R. Case No. 366 of 2010,Case Number,0.9576
71,"The respondent No. 2 herein filed an application under Section 125 Cr.P.C. claiming herself as wife of the petitioner. She prayed for maintenance of Rs. 1200/- from her husband i.e. the petitioner. The learned Judicial Magistrate, 1st Class, Nagaon, in M.R. Case No. 366 of 2010, allowed the prayer of the respondent No. 2. Against the judgment passed by the learned Sessions Judge, Nagaon, the petitioner filed revision and the learned Sessions Judge vide the impugned order passed in C.R. No. 121 of 2011 modified the quantum of maintenance and directed the petitioner to pay Rs. 800/- per month towards the maintenance of respondent No. 2. Heard Mr. A. Rahman, learned counsel for the petitioner and Mr. A. Ahmed, learned counsel for respondent No. 2.",respondent No. 2,Person,0.6932
71,"The respondent No. 2 herein filed an application under Section 125 Cr.P.C. claiming herself as wife of the petitioner. She prayed for maintenance of Rs. 1200/- from her husband i.e. the petitioner. The learned Judicial Magistrate, 1st Class, Nagaon, in M.R. Case No. 366 of 2010, allowed the prayer of the respondent No. 2. Against the judgment passed by the learned Sessions Judge, Nagaon, the petitioner filed revision and the learned Sessions Judge vide the impugned order passed in C.R. No. 121 of 2011 modified the quantum of maintenance and directed the petitioner to pay Rs. 800/- per month towards the maintenance of respondent No. 2. Heard Mr. A. Rahman, learned counsel for the petitioner and Mr. A. Ahmed, learned counsel for respondent No. 2.",petitioner,Person,0.9089
71,"The respondent No. 2 herein filed an application under Section 125 Cr.P.C. claiming herself as wife of the petitioner. She prayed for maintenance of Rs. 1200/- from her husband i.e. the petitioner. The learned Judicial Magistrate, 1st Class, Nagaon, in M.R. Case No. 366 of 2010, allowed the prayer of the respondent No. 2. Against the judgment passed by the learned Sessions Judge, Nagaon, the petitioner filed revision and the learned Sessions Judge vide the impugned order passed in C.R. No. 121 of 2011 modified the quantum of maintenance and directed the petitioner to pay Rs. 800/- per month towards the maintenance of respondent No. 2. Heard Mr. A. Rahman, learned counsel for the petitioner and Mr. A. Ahmed, learned counsel for respondent No. 2.",C.R. No. 121 of 2011,Case Number,0.8528
71,"The respondent No. 2 herein filed an application under Section 125 Cr.P.C. claiming herself as wife of the petitioner. She prayed for maintenance of Rs. 1200/- from her husband i.e. the petitioner. The learned Judicial Magistrate, 1st Class, Nagaon, in M.R. Case No. 366 of 2010, allowed the prayer of the respondent No. 2. Against the judgment passed by the learned Sessions Judge, Nagaon, the petitioner filed revision and the learned Sessions Judge vide the impugned order passed in C.R. No. 121 of 2011 modified the quantum of maintenance and directed the petitioner to pay Rs. 800/- per month towards the maintenance of respondent No. 2. Heard Mr. A. Rahman, learned counsel for the petitioner and Mr. A. Ahmed, learned counsel for respondent No. 2.",petitioner,Person,0.8839
71,"The respondent No. 2 herein filed an application under Section 125 Cr.P.C. claiming herself as wife of the petitioner. She prayed for maintenance of Rs. 1200/- from her husband i.e. the petitioner. The learned Judicial Magistrate, 1st Class, Nagaon, in M.R. Case No. 366 of 2010, allowed the prayer of the respondent No. 2. Against the judgment passed by the learned Sessions Judge, Nagaon, the petitioner filed revision and the learned Sessions Judge vide the impugned order passed in C.R. No. 121 of 2011 modified the quantum of maintenance and directed the petitioner to pay Rs. 800/- per month towards the maintenance of respondent No. 2. Heard Mr. A. Rahman, learned counsel for the petitioner and Mr. A. Ahmed, learned counsel for respondent No. 2.",respondent No. 2,Person,0.6268
71,"The respondent No. 2 herein filed an application under Section 125 Cr.P.C. claiming herself as wife of the petitioner. She prayed for maintenance of Rs. 1200/- from her husband i.e. the petitioner. The learned Judicial Magistrate, 1st Class, Nagaon, in M.R. Case No. 366 of 2010, allowed the prayer of the respondent No. 2. Against the judgment passed by the learned Sessions Judge, Nagaon, the petitioner filed revision and the learned Sessions Judge vide the impugned order passed in C.R. No. 121 of 2011 modified the quantum of maintenance and directed the petitioner to pay Rs. 800/- per month towards the maintenance of respondent No. 2. Heard Mr. A. Rahman, learned counsel for the petitioner and Mr. A. Ahmed, learned counsel for respondent No. 2.",petitioner,Person,0.8944
71,"The respondent No. 2 herein filed an application under Section 125 Cr.P.C. claiming herself as wife of the petitioner. She prayed for maintenance of Rs. 1200/- from her husband i.e. the petitioner. The learned Judicial Magistrate, 1st Class, Nagaon, in M.R. Case No. 366 of 2010, allowed the prayer of the respondent No. 2. Against the judgment passed by the learned Sessions Judge, Nagaon, the petitioner filed revision and the learned Sessions Judge vide the impugned order passed in C.R. No. 121 of 2011 modified the quantum of maintenance and directed the petitioner to pay Rs. 800/- per month towards the maintenance of respondent No. 2. Heard Mr. A. Rahman, learned counsel for the petitioner and Mr. A. Ahmed, learned counsel for respondent No. 2.",respondent No. 2,Person,0.664
72,"A bare perusal of Section 83 will clearly show that an election petition shall contain a concise statement of the material facts on which the petitioner relies. Section 83 also provides that an election petition shall be signed by the election petitioner and verified in the manner laid down in the Code of Civil Procedure, 1908, (in short, 'the Code') for the verification of pleadings. Section 83 further provides that any Schedule or Annexure to the election petition shall also be signed by the election petitioner and verified in the same manner as the election petition.",Section 83,Section,0.9383
72,"A bare perusal of Section 83 will clearly show that an election petition shall contain a concise statement of the material facts on which the petitioner relies. Section 83 also provides that an election petition shall be signed by the election petitioner and verified in the manner laid down in the Code of Civil Procedure, 1908, (in short, 'the Code') for the verification of pleadings. Section 83 further provides that any Schedule or Annexure to the election petition shall also be signed by the election petitioner and verified in the same manner as the election petition.",election petition,Document,0.9807
72,"A bare perusal of Section 83 will clearly show that an election petition shall contain a concise statement of the material facts on which the petitioner relies. Section 83 also provides that an election petition shall be signed by the election petitioner and verified in the manner laid down in the Code of Civil Procedure, 1908, (in short, 'the Code') for the verification of pleadings. Section 83 further provides that any Schedule or Annexure to the election petition shall also be signed by the election petitioner and verified in the same manner as the election petition.",Section 83,Section,0.9367
72,"A bare perusal of Section 83 will clearly show that an election petition shall contain a concise statement of the material facts on which the petitioner relies. Section 83 also provides that an election petition shall be signed by the election petitioner and verified in the manner laid down in the Code of Civil Procedure, 1908, (in short, 'the Code') for the verification of pleadings. Section 83 further provides that any Schedule or Annexure to the election petition shall also be signed by the election petitioner and verified in the same manner as the election petition.",election petition,Document,0.9805
72,"A bare perusal of Section 83 will clearly show that an election petition shall contain a concise statement of the material facts on which the petitioner relies. Section 83 also provides that an election petition shall be signed by the election petitioner and verified in the manner laid down in the Code of Civil Procedure, 1908, (in short, 'the Code') for the verification of pleadings. Section 83 further provides that any Schedule or Annexure to the election petition shall also be signed by the election petitioner and verified in the same manner as the election petition.",election petitioner,Person,0.962
72,"A bare perusal of Section 83 will clearly show that an election petition shall contain a concise statement of the material facts on which the petitioner relies. Section 83 also provides that an election petition shall be signed by the election petitioner and verified in the manner laid down in the Code of Civil Procedure, 1908, (in short, 'the Code') for the verification of pleadings. Section 83 further provides that any Schedule or Annexure to the election petition shall also be signed by the election petitioner and verified in the same manner as the election petition.","Code of Civil Procedure, 1908",Law,0.6323
72,"A bare perusal of Section 83 will clearly show that an election petition shall contain a concise statement of the material facts on which the petitioner relies. Section 83 also provides that an election petition shall be signed by the election petitioner and verified in the manner laid down in the Code of Civil Procedure, 1908, (in short, 'the Code') for the verification of pleadings. Section 83 further provides that any Schedule or Annexure to the election petition shall also be signed by the election petitioner and verified in the same manner as the election petition.",Section 83,Section,0.9217
72,"A bare perusal of Section 83 will clearly show that an election petition shall contain a concise statement of the material facts on which the petitioner relies. Section 83 also provides that an election petition shall be signed by the election petitioner and verified in the manner laid down in the Code of Civil Procedure, 1908, (in short, 'the Code') for the verification of pleadings. Section 83 further provides that any Schedule or Annexure to the election petition shall also be signed by the election petitioner and verified in the same manner as the election petition.",election petition,Document,0.9824
72,"A bare perusal of Section 83 will clearly show that an election petition shall contain a concise statement of the material facts on which the petitioner relies. Section 83 also provides that an election petition shall be signed by the election petitioner and verified in the manner laid down in the Code of Civil Procedure, 1908, (in short, 'the Code') for the verification of pleadings. Section 83 further provides that any Schedule or Annexure to the election petition shall also be signed by the election petitioner and verified in the same manner as the election petition.",election petitioner,Person,0.9672
72,"A bare perusal of Section 83 will clearly show that an election petition shall contain a concise statement of the material facts on which the petitioner relies. Section 83 also provides that an election petition shall be signed by the election petitioner and verified in the manner laid down in the Code of Civil Procedure, 1908, (in short, 'the Code') for the verification of pleadings. Section 83 further provides that any Schedule or Annexure to the election petition shall also be signed by the election petitioner and verified in the same manner as the election petition.",election petition,Document,0.9805
73,"4 WP(C) No. 3475, 3485, 3542, 3756 of 2008 Page 4 of 6 the said notification of 30.12.1993 must be held to be applicable for the Madrassa employees and accordingly it is argued that the benefit of upgradation to the graduate scale should be allowed to continue. 4.4 The petitioner alleges discrimination, since intermediate teachers of Senior Madrassa in Silchar circle who were upgraded to the graduate scale through the order dated 18.12.2004 by the Inspector of Schools, Cachar have not been downgraded like the petitioners. 4.5 The learned Counsel for the petitioner refers to the recommendation at paragraph 3.2.20 (b) of the Assam Pay Commission Report, 2008 to project that once the employee acquires higher qualification, the department should place him in a suitable position where adequate utilization of the increased expertise can be made.",30.12.1993,Date,0.7719
73,"4 WP(C) No. 3475, 3485, 3542, 3756 of 2008 Page 4 of 6 the said notification of 30.12.1993 must be held to be applicable for the Madrassa employees and accordingly it is argued that the benefit of upgradation to the graduate scale should be allowed to continue. 4.4 The petitioner alleges discrimination, since intermediate teachers of Senior Madrassa in Silchar circle who were upgraded to the graduate scale through the order dated 18.12.2004 by the Inspector of Schools, Cachar have not been downgraded like the petitioners. 4.5 The learned Counsel for the petitioner refers to the recommendation at paragraph 3.2.20 (b) of the Assam Pay Commission Report, 2008 to project that once the employee acquires higher qualification, the department should place him in a suitable position where adequate utilization of the increased expertise can be made.",petitioner,Person,0.7291
73,"4 WP(C) No. 3475, 3485, 3542, 3756 of 2008 Page 4 of 6 the said notification of 30.12.1993 must be held to be applicable for the Madrassa employees and accordingly it is argued that the benefit of upgradation to the graduate scale should be allowed to continue. 4.4 The petitioner alleges discrimination, since intermediate teachers of Senior Madrassa in Silchar circle who were upgraded to the graduate scale through the order dated 18.12.2004 by the Inspector of Schools, Cachar have not been downgraded like the petitioners. 4.5 The learned Counsel for the petitioner refers to the recommendation at paragraph 3.2.20 (b) of the Assam Pay Commission Report, 2008 to project that once the employee acquires higher qualification, the department should place him in a suitable position where adequate utilization of the increased expertise can be made.",18.12.2004,Date,0.6689
73,"4 WP(C) No. 3475, 3485, 3542, 3756 of 2008 Page 4 of 6 the said notification of 30.12.1993 must be held to be applicable for the Madrassa employees and accordingly it is argued that the benefit of upgradation to the graduate scale should be allowed to continue. 4.4 The petitioner alleges discrimination, since intermediate teachers of Senior Madrassa in Silchar circle who were upgraded to the graduate scale through the order dated 18.12.2004 by the Inspector of Schools, Cachar have not been downgraded like the petitioners. 4.5 The learned Counsel for the petitioner refers to the recommendation at paragraph 3.2.20 (b) of the Assam Pay Commission Report, 2008 to project that once the employee acquires higher qualification, the department should place him in a suitable position where adequate utilization of the increased expertise can be made.","Inspector of Schools, Cachar",Person,0.7212
73,"4 WP(C) No. 3475, 3485, 3542, 3756 of 2008 Page 4 of 6 the said notification of 30.12.1993 must be held to be applicable for the Madrassa employees and accordingly it is argued that the benefit of upgradation to the graduate scale should be allowed to continue. 4.4 The petitioner alleges discrimination, since intermediate teachers of Senior Madrassa in Silchar circle who were upgraded to the graduate scale through the order dated 18.12.2004 by the Inspector of Schools, Cachar have not been downgraded like the petitioners. 4.5 The learned Counsel for the petitioner refers to the recommendation at paragraph 3.2.20 (b) of the Assam Pay Commission Report, 2008 to project that once the employee acquires higher qualification, the department should place him in a suitable position where adequate utilization of the increased expertise can be made.",petitioner,Person,0.682
73,"4 WP(C) No. 3475, 3485, 3542, 3756 of 2008 Page 4 of 6 the said notification of 30.12.1993 must be held to be applicable for the Madrassa employees and accordingly it is argued that the benefit of upgradation to the graduate scale should be allowed to continue. 4.4 The petitioner alleges discrimination, since intermediate teachers of Senior Madrassa in Silchar circle who were upgraded to the graduate scale through the order dated 18.12.2004 by the Inspector of Schools, Cachar have not been downgraded like the petitioners. 4.5 The learned Counsel for the petitioner refers to the recommendation at paragraph 3.2.20 (b) of the Assam Pay Commission Report, 2008 to project that once the employee acquires higher qualification, the department should place him in a suitable position where adequate utilization of the increased expertise can be made.","Assam Pay Commission Report, 2008",Document,0.8122
74,"The present respondents as plaintiffs instituted the said suit for declaration of right, title and interest and also for recovery of khas possession by evicting the defendants from the land measuring 3 kathas 12 lechas, more fully described in schedule to the plaint and also for cancellation of the mutation and for issuance of the precept to the revenue authority to correct the record of rights pursuant to the decree that may be passed, contending inter alia that the suit land originally belonged to Afazuddin, on whose death it devolved on the plaintiff Nos.1 to 8 and the husband of the plaintiff No.9 being the legal heirs. It has also been contended that the defendant Nos.1 and 2 suddenly on 25.05.2002 dispossessed the plaintiffs from the land, on the strength of the mutation of their names in the revenue record, though they did not have any right over the suit land and hence are trespassers.",schedule to the plaint,Document,0.8142
74,"The present respondents as plaintiffs instituted the said suit for declaration of right, title and interest and also for recovery of khas possession by evicting the defendants from the land measuring 3 kathas 12 lechas, more fully described in schedule to the plaint and also for cancellation of the mutation and for issuance of the precept to the revenue authority to correct the record of rights pursuant to the decree that may be passed, contending inter alia that the suit land originally belonged to Afazuddin, on whose death it devolved on the plaintiff Nos.1 to 8 and the husband of the plaintiff No.9 being the legal heirs. It has also been contended that the defendant Nos.1 and 2 suddenly on 25.05.2002 dispossessed the plaintiffs from the land, on the strength of the mutation of their names in the revenue record, though they did not have any right over the suit land and hence are trespassers.",Afazuddin,Person,0.928
74,"The present respondents as plaintiffs instituted the said suit for declaration of right, title and interest and also for recovery of khas possession by evicting the defendants from the land measuring 3 kathas 12 lechas, more fully described in schedule to the plaint and also for cancellation of the mutation and for issuance of the precept to the revenue authority to correct the record of rights pursuant to the decree that may be passed, contending inter alia that the suit land originally belonged to Afazuddin, on whose death it devolved on the plaintiff Nos.1 to 8 and the husband of the plaintiff No.9 being the legal heirs. It has also been contended that the defendant Nos.1 and 2 suddenly on 25.05.2002 dispossessed the plaintiffs from the land, on the strength of the mutation of their names in the revenue record, though they did not have any right over the suit land and hence are trespassers.",plaintiff Nos.1 to 8,Person,0.7861
74,"The present respondents as plaintiffs instituted the said suit for declaration of right, title and interest and also for recovery of khas possession by evicting the defendants from the land measuring 3 kathas 12 lechas, more fully described in schedule to the plaint and also for cancellation of the mutation and for issuance of the precept to the revenue authority to correct the record of rights pursuant to the decree that may be passed, contending inter alia that the suit land originally belonged to Afazuddin, on whose death it devolved on the plaintiff Nos.1 to 8 and the husband of the plaintiff No.9 being the legal heirs. It has also been contended that the defendant Nos.1 and 2 suddenly on 25.05.2002 dispossessed the plaintiffs from the land, on the strength of the mutation of their names in the revenue record, though they did not have any right over the suit land and hence are trespassers.",plaintiff No.9,Person,0.5775
74,"The present respondents as plaintiffs instituted the said suit for declaration of right, title and interest and also for recovery of khas possession by evicting the defendants from the land measuring 3 kathas 12 lechas, more fully described in schedule to the plaint and also for cancellation of the mutation and for issuance of the precept to the revenue authority to correct the record of rights pursuant to the decree that may be passed, contending inter alia that the suit land originally belonged to Afazuddin, on whose death it devolved on the plaintiff Nos.1 to 8 and the husband of the plaintiff No.9 being the legal heirs. It has also been contended that the defendant Nos.1 and 2 suddenly on 25.05.2002 dispossessed the plaintiffs from the land, on the strength of the mutation of their names in the revenue record, though they did not have any right over the suit land and hence are trespassers.",defendant Nos.1 and 2,Person,0.6428
74,"The present respondents as plaintiffs instituted the said suit for declaration of right, title and interest and also for recovery of khas possession by evicting the defendants from the land measuring 3 kathas 12 lechas, more fully described in schedule to the plaint and also for cancellation of the mutation and for issuance of the precept to the revenue authority to correct the record of rights pursuant to the decree that may be passed, contending inter alia that the suit land originally belonged to Afazuddin, on whose death it devolved on the plaintiff Nos.1 to 8 and the husband of the plaintiff No.9 being the legal heirs. It has also been contended that the defendant Nos.1 and 2 suddenly on 25.05.2002 dispossessed the plaintiffs from the land, on the strength of the mutation of their names in the revenue record, though they did not have any right over the suit land and hence are trespassers.",25.05.2002,Date,0.9254
75,"The pleaded case of the plaintiffs is that land measuring 3 bighas 3 kathas 16 lechas covered by annual Dag No. 391 (1 bigha 2 kathas) and periodic Dag No. 211 (2 bighas 1 katha 16 lechas) of village Bonbahar originally belonged to the plaintiffs and the proforma defendant Badiurzaman. Plaintiffs No. 1 & 2, namely, Bahadur Ali and Samsul Haque and the original proforma defendant, namely, Late Badiurzaman were brothers. They jointly owned the land in question under Patta No. 15 of Mouza Betbari in village Bonbahar. But on 22.01.1998, defendant No. 1 (Omed Ali) and defendant No. 2 (Somed Ali) sought to create obstruction to them in enjoyment of their fishery situated over the suit land claiming that they had obtained a mutation with respect to the said land and also asked the plaintiffs to vacate the same. Faced with such threat of dispossession, the plaintiffs made enquiry with the settlement office as to the records of rights only to discover that on 12.8.1981 three mutation orders had been passed by the Revenue Officer and thereby 4 kathas of land belonging to the plaintiffs under Dag No. 211 of the said patta was wrongly recorded in the name of the defendant No. 3 whereas 2 kathas 10 lechas of land of the same dag was recorded in the name of Somed Ali.",Badiurzaman,Person,0.578
75,"The pleaded case of the plaintiffs is that land measuring 3 bighas 3 kathas 16 lechas covered by annual Dag No. 391 (1 bigha 2 kathas) and periodic Dag No. 211 (2 bighas 1 katha 16 lechas) of village Bonbahar originally belonged to the plaintiffs and the proforma defendant Badiurzaman. Plaintiffs No. 1 & 2, namely, Bahadur Ali and Samsul Haque and the original proforma defendant, namely, Late Badiurzaman were brothers. They jointly owned the land in question under Patta No. 15 of Mouza Betbari in village Bonbahar. But on 22.01.1998, defendant No. 1 (Omed Ali) and defendant No. 2 (Somed Ali) sought to create obstruction to them in enjoyment of their fishery situated over the suit land claiming that they had obtained a mutation with respect to the said land and also asked the plaintiffs to vacate the same. Faced with such threat of dispossession, the plaintiffs made enquiry with the settlement office as to the records of rights only to discover that on 12.8.1981 three mutation orders had been passed by the Revenue Officer and thereby 4 kathas of land belonging to the plaintiffs under Dag No. 211 of the said patta was wrongly recorded in the name of the defendant No. 3 whereas 2 kathas 10 lechas of land of the same dag was recorded in the name of Somed Ali.",Bahadur Ali,Person,0.8955
75,"The pleaded case of the plaintiffs is that land measuring 3 bighas 3 kathas 16 lechas covered by annual Dag No. 391 (1 bigha 2 kathas) and periodic Dag No. 211 (2 bighas 1 katha 16 lechas) of village Bonbahar originally belonged to the plaintiffs and the proforma defendant Badiurzaman. Plaintiffs No. 1 & 2, namely, Bahadur Ali and Samsul Haque and the original proforma defendant, namely, Late Badiurzaman were brothers. They jointly owned the land in question under Patta No. 15 of Mouza Betbari in village Bonbahar. But on 22.01.1998, defendant No. 1 (Omed Ali) and defendant No. 2 (Somed Ali) sought to create obstruction to them in enjoyment of their fishery situated over the suit land claiming that they had obtained a mutation with respect to the said land and also asked the plaintiffs to vacate the same. Faced with such threat of dispossession, the plaintiffs made enquiry with the settlement office as to the records of rights only to discover that on 12.8.1981 three mutation orders had been passed by the Revenue Officer and thereby 4 kathas of land belonging to the plaintiffs under Dag No. 211 of the said patta was wrongly recorded in the name of the defendant No. 3 whereas 2 kathas 10 lechas of land of the same dag was recorded in the name of Somed Ali.",Samsul Haque,Person,0.916
75,"The pleaded case of the plaintiffs is that land measuring 3 bighas 3 kathas 16 lechas covered by annual Dag No. 391 (1 bigha 2 kathas) and periodic Dag No. 211 (2 bighas 1 katha 16 lechas) of village Bonbahar originally belonged to the plaintiffs and the proforma defendant Badiurzaman. Plaintiffs No. 1 & 2, namely, Bahadur Ali and Samsul Haque and the original proforma defendant, namely, Late Badiurzaman were brothers. They jointly owned the land in question under Patta No. 15 of Mouza Betbari in village Bonbahar. But on 22.01.1998, defendant No. 1 (Omed Ali) and defendant No. 2 (Somed Ali) sought to create obstruction to them in enjoyment of their fishery situated over the suit land claiming that they had obtained a mutation with respect to the said land and also asked the plaintiffs to vacate the same. Faced with such threat of dispossession, the plaintiffs made enquiry with the settlement office as to the records of rights only to discover that on 12.8.1981 three mutation orders had been passed by the Revenue Officer and thereby 4 kathas of land belonging to the plaintiffs under Dag No. 211 of the said patta was wrongly recorded in the name of the defendant No. 3 whereas 2 kathas 10 lechas of land of the same dag was recorded in the name of Somed Ali.",Late Badiurzaman,Person,0.8495
75,"The pleaded case of the plaintiffs is that land measuring 3 bighas 3 kathas 16 lechas covered by annual Dag No. 391 (1 bigha 2 kathas) and periodic Dag No. 211 (2 bighas 1 katha 16 lechas) of village Bonbahar originally belonged to the plaintiffs and the proforma defendant Badiurzaman. Plaintiffs No. 1 & 2, namely, Bahadur Ali and Samsul Haque and the original proforma defendant, namely, Late Badiurzaman were brothers. They jointly owned the land in question under Patta No. 15 of Mouza Betbari in village Bonbahar. But on 22.01.1998, defendant No. 1 (Omed Ali) and defendant No. 2 (Somed Ali) sought to create obstruction to them in enjoyment of their fishery situated over the suit land claiming that they had obtained a mutation with respect to the said land and also asked the plaintiffs to vacate the same. Faced with such threat of dispossession, the plaintiffs made enquiry with the settlement office as to the records of rights only to discover that on 12.8.1981 three mutation orders had been passed by the Revenue Officer and thereby 4 kathas of land belonging to the plaintiffs under Dag No. 211 of the said patta was wrongly recorded in the name of the defendant No. 3 whereas 2 kathas 10 lechas of land of the same dag was recorded in the name of Somed Ali.",Patta No. 15,Document,0.7532
75,"The pleaded case of the plaintiffs is that land measuring 3 bighas 3 kathas 16 lechas covered by annual Dag No. 391 (1 bigha 2 kathas) and periodic Dag No. 211 (2 bighas 1 katha 16 lechas) of village Bonbahar originally belonged to the plaintiffs and the proforma defendant Badiurzaman. Plaintiffs No. 1 & 2, namely, Bahadur Ali and Samsul Haque and the original proforma defendant, namely, Late Badiurzaman were brothers. They jointly owned the land in question under Patta No. 15 of Mouza Betbari in village Bonbahar. But on 22.01.1998, defendant No. 1 (Omed Ali) and defendant No. 2 (Somed Ali) sought to create obstruction to them in enjoyment of their fishery situated over the suit land claiming that they had obtained a mutation with respect to the said land and also asked the plaintiffs to vacate the same. Faced with such threat of dispossession, the plaintiffs made enquiry with the settlement office as to the records of rights only to discover that on 12.8.1981 three mutation orders had been passed by the Revenue Officer and thereby 4 kathas of land belonging to the plaintiffs under Dag No. 211 of the said patta was wrongly recorded in the name of the defendant No. 3 whereas 2 kathas 10 lechas of land of the same dag was recorded in the name of Somed Ali.",22.01.1998,Date,0.5452
75,"The pleaded case of the plaintiffs is that land measuring 3 bighas 3 kathas 16 lechas covered by annual Dag No. 391 (1 bigha 2 kathas) and periodic Dag No. 211 (2 bighas 1 katha 16 lechas) of village Bonbahar originally belonged to the plaintiffs and the proforma defendant Badiurzaman. Plaintiffs No. 1 & 2, namely, Bahadur Ali and Samsul Haque and the original proforma defendant, namely, Late Badiurzaman were brothers. They jointly owned the land in question under Patta No. 15 of Mouza Betbari in village Bonbahar. But on 22.01.1998, defendant No. 1 (Omed Ali) and defendant No. 2 (Somed Ali) sought to create obstruction to them in enjoyment of their fishery situated over the suit land claiming that they had obtained a mutation with respect to the said land and also asked the plaintiffs to vacate the same. Faced with such threat of dispossession, the plaintiffs made enquiry with the settlement office as to the records of rights only to discover that on 12.8.1981 three mutation orders had been passed by the Revenue Officer and thereby 4 kathas of land belonging to the plaintiffs under Dag No. 211 of the said patta was wrongly recorded in the name of the defendant No. 3 whereas 2 kathas 10 lechas of land of the same dag was recorded in the name of Somed Ali.",Omed Ali,Person,0.8806
75,"The pleaded case of the plaintiffs is that land measuring 3 bighas 3 kathas 16 lechas covered by annual Dag No. 391 (1 bigha 2 kathas) and periodic Dag No. 211 (2 bighas 1 katha 16 lechas) of village Bonbahar originally belonged to the plaintiffs and the proforma defendant Badiurzaman. Plaintiffs No. 1 & 2, namely, Bahadur Ali and Samsul Haque and the original proforma defendant, namely, Late Badiurzaman were brothers. They jointly owned the land in question under Patta No. 15 of Mouza Betbari in village Bonbahar. But on 22.01.1998, defendant No. 1 (Omed Ali) and defendant No. 2 (Somed Ali) sought to create obstruction to them in enjoyment of their fishery situated over the suit land claiming that they had obtained a mutation with respect to the said land and also asked the plaintiffs to vacate the same. Faced with such threat of dispossession, the plaintiffs made enquiry with the settlement office as to the records of rights only to discover that on 12.8.1981 three mutation orders had been passed by the Revenue Officer and thereby 4 kathas of land belonging to the plaintiffs under Dag No. 211 of the said patta was wrongly recorded in the name of the defendant No. 3 whereas 2 kathas 10 lechas of land of the same dag was recorded in the name of Somed Ali.",Somed Ali,Person,0.943
75,"The pleaded case of the plaintiffs is that land measuring 3 bighas 3 kathas 16 lechas covered by annual Dag No. 391 (1 bigha 2 kathas) and periodic Dag No. 211 (2 bighas 1 katha 16 lechas) of village Bonbahar originally belonged to the plaintiffs and the proforma defendant Badiurzaman. Plaintiffs No. 1 & 2, namely, Bahadur Ali and Samsul Haque and the original proforma defendant, namely, Late Badiurzaman were brothers. They jointly owned the land in question under Patta No. 15 of Mouza Betbari in village Bonbahar. But on 22.01.1998, defendant No. 1 (Omed Ali) and defendant No. 2 (Somed Ali) sought to create obstruction to them in enjoyment of their fishery situated over the suit land claiming that they had obtained a mutation with respect to the said land and also asked the plaintiffs to vacate the same. Faced with such threat of dispossession, the plaintiffs made enquiry with the settlement office as to the records of rights only to discover that on 12.8.1981 three mutation orders had been passed by the Revenue Officer and thereby 4 kathas of land belonging to the plaintiffs under Dag No. 211 of the said patta was wrongly recorded in the name of the defendant No. 3 whereas 2 kathas 10 lechas of land of the same dag was recorded in the name of Somed Ali.",12.8.1981,Date,0.7026
75,"The pleaded case of the plaintiffs is that land measuring 3 bighas 3 kathas 16 lechas covered by annual Dag No. 391 (1 bigha 2 kathas) and periodic Dag No. 211 (2 bighas 1 katha 16 lechas) of village Bonbahar originally belonged to the plaintiffs and the proforma defendant Badiurzaman. Plaintiffs No. 1 & 2, namely, Bahadur Ali and Samsul Haque and the original proforma defendant, namely, Late Badiurzaman were brothers. They jointly owned the land in question under Patta No. 15 of Mouza Betbari in village Bonbahar. But on 22.01.1998, defendant No. 1 (Omed Ali) and defendant No. 2 (Somed Ali) sought to create obstruction to them in enjoyment of their fishery situated over the suit land claiming that they had obtained a mutation with respect to the said land and also asked the plaintiffs to vacate the same. Faced with such threat of dispossession, the plaintiffs made enquiry with the settlement office as to the records of rights only to discover that on 12.8.1981 three mutation orders had been passed by the Revenue Officer and thereby 4 kathas of land belonging to the plaintiffs under Dag No. 211 of the said patta was wrongly recorded in the name of the defendant No. 3 whereas 2 kathas 10 lechas of land of the same dag was recorded in the name of Somed Ali.",Revenue Officer,Person,0.8131
75,"The pleaded case of the plaintiffs is that land measuring 3 bighas 3 kathas 16 lechas covered by annual Dag No. 391 (1 bigha 2 kathas) and periodic Dag No. 211 (2 bighas 1 katha 16 lechas) of village Bonbahar originally belonged to the plaintiffs and the proforma defendant Badiurzaman. Plaintiffs No. 1 & 2, namely, Bahadur Ali and Samsul Haque and the original proforma defendant, namely, Late Badiurzaman were brothers. They jointly owned the land in question under Patta No. 15 of Mouza Betbari in village Bonbahar. But on 22.01.1998, defendant No. 1 (Omed Ali) and defendant No. 2 (Somed Ali) sought to create obstruction to them in enjoyment of their fishery situated over the suit land claiming that they had obtained a mutation with respect to the said land and also asked the plaintiffs to vacate the same. Faced with such threat of dispossession, the plaintiffs made enquiry with the settlement office as to the records of rights only to discover that on 12.8.1981 three mutation orders had been passed by the Revenue Officer and thereby 4 kathas of land belonging to the plaintiffs under Dag No. 211 of the said patta was wrongly recorded in the name of the defendant No. 3 whereas 2 kathas 10 lechas of land of the same dag was recorded in the name of Somed Ali.",Somed Ali,Person,0.9597
76,"This second appeal is preferred by plaintiff challenging judgment and decree dated 31.08.2001 passed by Civil Judge (Senior Division), Nagaon in Title Appeal No. 21/2001 dismissing the appeal and upholding the judgment and decree dated 24.04.2001 passed by the Civil Judge (Junior Division), No. 1 Nagaon in Title Suit No. 74/1994. By the said judgment the learned trial Court had dismissed the suit of the plaintiff. I have heard Mr. G.P. Bhowmik, learned counsel for the appellant. None appears for the respondent although name of learned counsel for the respondent has been shown in the Cause List. While admitting the second appeal on 20.12.2002, this court framed two substantial qa_set of law. They are as follows: Whether the registered sale deed No. 1084/1987 dated 02.11.1987 executed by the defendant / respondent in favour of plaintiff / appellant amounts to a deed of mortgage by conditional sale? Whether the unregistered 'Ekranama' (deed of agreement) Ext.- 'X' executed between the parties after absolute sale of the suit land conferred any right for redemption in favour of defendant/ respondent?",plaintiff,Person,0.6638
76,"This second appeal is preferred by plaintiff challenging judgment and decree dated 31.08.2001 passed by Civil Judge (Senior Division), Nagaon in Title Appeal No. 21/2001 dismissing the appeal and upholding the judgment and decree dated 24.04.2001 passed by the Civil Judge (Junior Division), No. 1 Nagaon in Title Suit No. 74/1994. By the said judgment the learned trial Court had dismissed the suit of the plaintiff. I have heard Mr. G.P. Bhowmik, learned counsel for the appellant. None appears for the respondent although name of learned counsel for the respondent has been shown in the Cause List. While admitting the second appeal on 20.12.2002, this court framed two substantial qa_set of law. They are as follows: Whether the registered sale deed No. 1084/1987 dated 02.11.1987 executed by the defendant / respondent in favour of plaintiff / appellant amounts to a deed of mortgage by conditional sale? Whether the unregistered 'Ekranama' (deed of agreement) Ext.- 'X' executed between the parties after absolute sale of the suit land conferred any right for redemption in favour of defendant/ respondent?",31.08.2001,Date,0.7843
76,"This second appeal is preferred by plaintiff challenging judgment and decree dated 31.08.2001 passed by Civil Judge (Senior Division), Nagaon in Title Appeal No. 21/2001 dismissing the appeal and upholding the judgment and decree dated 24.04.2001 passed by the Civil Judge (Junior Division), No. 1 Nagaon in Title Suit No. 74/1994. By the said judgment the learned trial Court had dismissed the suit of the plaintiff. I have heard Mr. G.P. Bhowmik, learned counsel for the appellant. None appears for the respondent although name of learned counsel for the respondent has been shown in the Cause List. While admitting the second appeal on 20.12.2002, this court framed two substantial qa_set of law. They are as follows: Whether the registered sale deed No. 1084/1987 dated 02.11.1987 executed by the defendant / respondent in favour of plaintiff / appellant amounts to a deed of mortgage by conditional sale? Whether the unregistered 'Ekranama' (deed of agreement) Ext.- 'X' executed between the parties after absolute sale of the suit land conferred any right for redemption in favour of defendant/ respondent?","Civil Judge (Senior Division), Nagaon",Court,0.9227
76,"This second appeal is preferred by plaintiff challenging judgment and decree dated 31.08.2001 passed by Civil Judge (Senior Division), Nagaon in Title Appeal No. 21/2001 dismissing the appeal and upholding the judgment and decree dated 24.04.2001 passed by the Civil Judge (Junior Division), No. 1 Nagaon in Title Suit No. 74/1994. By the said judgment the learned trial Court had dismissed the suit of the plaintiff. I have heard Mr. G.P. Bhowmik, learned counsel for the appellant. None appears for the respondent although name of learned counsel for the respondent has been shown in the Cause List. While admitting the second appeal on 20.12.2002, this court framed two substantial qa_set of law. They are as follows: Whether the registered sale deed No. 1084/1987 dated 02.11.1987 executed by the defendant / respondent in favour of plaintiff / appellant amounts to a deed of mortgage by conditional sale? Whether the unregistered 'Ekranama' (deed of agreement) Ext.- 'X' executed between the parties after absolute sale of the suit land conferred any right for redemption in favour of defendant/ respondent?",Title Appeal No. 21/2001,Case Number,0.9503
76,"This second appeal is preferred by plaintiff challenging judgment and decree dated 31.08.2001 passed by Civil Judge (Senior Division), Nagaon in Title Appeal No. 21/2001 dismissing the appeal and upholding the judgment and decree dated 24.04.2001 passed by the Civil Judge (Junior Division), No. 1 Nagaon in Title Suit No. 74/1994. By the said judgment the learned trial Court had dismissed the suit of the plaintiff. I have heard Mr. G.P. Bhowmik, learned counsel for the appellant. None appears for the respondent although name of learned counsel for the respondent has been shown in the Cause List. While admitting the second appeal on 20.12.2002, this court framed two substantial qa_set of law. They are as follows: Whether the registered sale deed No. 1084/1987 dated 02.11.1987 executed by the defendant / respondent in favour of plaintiff / appellant amounts to a deed of mortgage by conditional sale? Whether the unregistered 'Ekranama' (deed of agreement) Ext.- 'X' executed between the parties after absolute sale of the suit land conferred any right for redemption in favour of defendant/ respondent?",24.04.2001,Date,0.7001
76,"This second appeal is preferred by plaintiff challenging judgment and decree dated 31.08.2001 passed by Civil Judge (Senior Division), Nagaon in Title Appeal No. 21/2001 dismissing the appeal and upholding the judgment and decree dated 24.04.2001 passed by the Civil Judge (Junior Division), No. 1 Nagaon in Title Suit No. 74/1994. By the said judgment the learned trial Court had dismissed the suit of the plaintiff. I have heard Mr. G.P. Bhowmik, learned counsel for the appellant. None appears for the respondent although name of learned counsel for the respondent has been shown in the Cause List. While admitting the second appeal on 20.12.2002, this court framed two substantial qa_set of law. They are as follows: Whether the registered sale deed No. 1084/1987 dated 02.11.1987 executed by the defendant / respondent in favour of plaintiff / appellant amounts to a deed of mortgage by conditional sale? Whether the unregistered 'Ekranama' (deed of agreement) Ext.- 'X' executed between the parties after absolute sale of the suit land conferred any right for redemption in favour of defendant/ respondent?","Civil Judge (Junior Division), No. 1 Nagaon",Court,0.8957
76,"This second appeal is preferred by plaintiff challenging judgment and decree dated 31.08.2001 passed by Civil Judge (Senior Division), Nagaon in Title Appeal No. 21/2001 dismissing the appeal and upholding the judgment and decree dated 24.04.2001 passed by the Civil Judge (Junior Division), No. 1 Nagaon in Title Suit No. 74/1994. By the said judgment the learned trial Court had dismissed the suit of the plaintiff. I have heard Mr. G.P. Bhowmik, learned counsel for the appellant. None appears for the respondent although name of learned counsel for the respondent has been shown in the Cause List. While admitting the second appeal on 20.12.2002, this court framed two substantial qa_set of law. They are as follows: Whether the registered sale deed No. 1084/1987 dated 02.11.1987 executed by the defendant / respondent in favour of plaintiff / appellant amounts to a deed of mortgage by conditional sale? Whether the unregistered 'Ekranama' (deed of agreement) Ext.- 'X' executed between the parties after absolute sale of the suit land conferred any right for redemption in favour of defendant/ respondent?",Title Suit No. 74/1994,Case Number,0.919
76,"This second appeal is preferred by plaintiff challenging judgment and decree dated 31.08.2001 passed by Civil Judge (Senior Division), Nagaon in Title Appeal No. 21/2001 dismissing the appeal and upholding the judgment and decree dated 24.04.2001 passed by the Civil Judge (Junior Division), No. 1 Nagaon in Title Suit No. 74/1994. By the said judgment the learned trial Court had dismissed the suit of the plaintiff. I have heard Mr. G.P. Bhowmik, learned counsel for the appellant. None appears for the respondent although name of learned counsel for the respondent has been shown in the Cause List. While admitting the second appeal on 20.12.2002, this court framed two substantial qa_set of law. They are as follows: Whether the registered sale deed No. 1084/1987 dated 02.11.1987 executed by the defendant / respondent in favour of plaintiff / appellant amounts to a deed of mortgage by conditional sale? Whether the unregistered 'Ekranama' (deed of agreement) Ext.- 'X' executed between the parties after absolute sale of the suit land conferred any right for redemption in favour of defendant/ respondent?",learned trial Court,Court,0.628
76,"This second appeal is preferred by plaintiff challenging judgment and decree dated 31.08.2001 passed by Civil Judge (Senior Division), Nagaon in Title Appeal No. 21/2001 dismissing the appeal and upholding the judgment and decree dated 24.04.2001 passed by the Civil Judge (Junior Division), No. 1 Nagaon in Title Suit No. 74/1994. By the said judgment the learned trial Court had dismissed the suit of the plaintiff. I have heard Mr. G.P. Bhowmik, learned counsel for the appellant. None appears for the respondent although name of learned counsel for the respondent has been shown in the Cause List. While admitting the second appeal on 20.12.2002, this court framed two substantial qa_set of law. They are as follows: Whether the registered sale deed No. 1084/1987 dated 02.11.1987 executed by the defendant / respondent in favour of plaintiff / appellant amounts to a deed of mortgage by conditional sale? Whether the unregistered 'Ekranama' (deed of agreement) Ext.- 'X' executed between the parties after absolute sale of the suit land conferred any right for redemption in favour of defendant/ respondent?",plaintiff,Person,0.6978
76,"This second appeal is preferred by plaintiff challenging judgment and decree dated 31.08.2001 passed by Civil Judge (Senior Division), Nagaon in Title Appeal No. 21/2001 dismissing the appeal and upholding the judgment and decree dated 24.04.2001 passed by the Civil Judge (Junior Division), No. 1 Nagaon in Title Suit No. 74/1994. By the said judgment the learned trial Court had dismissed the suit of the plaintiff. I have heard Mr. G.P. Bhowmik, learned counsel for the appellant. None appears for the respondent although name of learned counsel for the respondent has been shown in the Cause List. While admitting the second appeal on 20.12.2002, this court framed two substantial qa_set of law. They are as follows: Whether the registered sale deed No. 1084/1987 dated 02.11.1987 executed by the defendant / respondent in favour of plaintiff / appellant amounts to a deed of mortgage by conditional sale? Whether the unregistered 'Ekranama' (deed of agreement) Ext.- 'X' executed between the parties after absolute sale of the suit land conferred any right for redemption in favour of defendant/ respondent?",20.12.2002,Date,0.5475
76,"This second appeal is preferred by plaintiff challenging judgment and decree dated 31.08.2001 passed by Civil Judge (Senior Division), Nagaon in Title Appeal No. 21/2001 dismissing the appeal and upholding the judgment and decree dated 24.04.2001 passed by the Civil Judge (Junior Division), No. 1 Nagaon in Title Suit No. 74/1994. By the said judgment the learned trial Court had dismissed the suit of the plaintiff. I have heard Mr. G.P. Bhowmik, learned counsel for the appellant. None appears for the respondent although name of learned counsel for the respondent has been shown in the Cause List. While admitting the second appeal on 20.12.2002, this court framed two substantial qa_set of law. They are as follows: Whether the registered sale deed No. 1084/1987 dated 02.11.1987 executed by the defendant / respondent in favour of plaintiff / appellant amounts to a deed of mortgage by conditional sale? Whether the unregistered 'Ekranama' (deed of agreement) Ext.- 'X' executed between the parties after absolute sale of the suit land conferred any right for redemption in favour of defendant/ respondent?",02.11.1987,Date,0.7859
76,"This second appeal is preferred by plaintiff challenging judgment and decree dated 31.08.2001 passed by Civil Judge (Senior Division), Nagaon in Title Appeal No. 21/2001 dismissing the appeal and upholding the judgment and decree dated 24.04.2001 passed by the Civil Judge (Junior Division), No. 1 Nagaon in Title Suit No. 74/1994. By the said judgment the learned trial Court had dismissed the suit of the plaintiff. I have heard Mr. G.P. Bhowmik, learned counsel for the appellant. None appears for the respondent although name of learned counsel for the respondent has been shown in the Cause List. While admitting the second appeal on 20.12.2002, this court framed two substantial qa_set of law. They are as follows: Whether the registered sale deed No. 1084/1987 dated 02.11.1987 executed by the defendant / respondent in favour of plaintiff / appellant amounts to a deed of mortgage by conditional sale? Whether the unregistered 'Ekranama' (deed of agreement) Ext.- 'X' executed between the parties after absolute sale of the suit land conferred any right for redemption in favour of defendant/ respondent?",plaintiff,Person,0.6218
77,"The defendant Nos. 1 to 5, contested the suit by filing written statement. The stand taken by the defendants in their written statement is that the plaintiff never held or possessed the suit land as tenant or otherwise, that he is not entitled to acquire any right of tenancy over the suit land, that the so-called Khatian was illegal and fraudulent and that the plaintiff managed to procure the same 'surreptitiously by influencing the land records staffs'. The defendants further stated that their predecessors never had any knowledge of getting such Khatian by the plaintiff and there was no field survey for the purpose. However, having come to know about the Khatian for the first time during the pendency of proceeding under Section 145 Cr.P.C. they filed a revision case before the Government vide RRT No. 235 of 1995 and the same was pending. On these facts, the defendants prayed that the suit of the plaintiff be dismissed with cost.",written statement,Document,0.7679
77,"The defendant Nos. 1 to 5, contested the suit by filing written statement. The stand taken by the defendants in their written statement is that the plaintiff never held or possessed the suit land as tenant or otherwise, that he is not entitled to acquire any right of tenancy over the suit land, that the so-called Khatian was illegal and fraudulent and that the plaintiff managed to procure the same 'surreptitiously by influencing the land records staffs'. The defendants further stated that their predecessors never had any knowledge of getting such Khatian by the plaintiff and there was no field survey for the purpose. However, having come to know about the Khatian for the first time during the pendency of proceeding under Section 145 Cr.P.C. they filed a revision case before the Government vide RRT No. 235 of 1995 and the same was pending. On these facts, the defendants prayed that the suit of the plaintiff be dismissed with cost.",written statement,Document,0.8061
77,"The defendant Nos. 1 to 5, contested the suit by filing written statement. The stand taken by the defendants in their written statement is that the plaintiff never held or possessed the suit land as tenant or otherwise, that he is not entitled to acquire any right of tenancy over the suit land, that the so-called Khatian was illegal and fraudulent and that the plaintiff managed to procure the same 'surreptitiously by influencing the land records staffs'. The defendants further stated that their predecessors never had any knowledge of getting such Khatian by the plaintiff and there was no field survey for the purpose. However, having come to know about the Khatian for the first time during the pendency of proceeding under Section 145 Cr.P.C. they filed a revision case before the Government vide RRT No. 235 of 1995 and the same was pending. On these facts, the defendants prayed that the suit of the plaintiff be dismissed with cost.",plaintiff,Person,0.9354
77,"The defendant Nos. 1 to 5, contested the suit by filing written statement. The stand taken by the defendants in their written statement is that the plaintiff never held or possessed the suit land as tenant or otherwise, that he is not entitled to acquire any right of tenancy over the suit land, that the so-called Khatian was illegal and fraudulent and that the plaintiff managed to procure the same 'surreptitiously by influencing the land records staffs'. The defendants further stated that their predecessors never had any knowledge of getting such Khatian by the plaintiff and there was no field survey for the purpose. However, having come to know about the Khatian for the first time during the pendency of proceeding under Section 145 Cr.P.C. they filed a revision case before the Government vide RRT No. 235 of 1995 and the same was pending. On these facts, the defendants prayed that the suit of the plaintiff be dismissed with cost.",plaintiff,Person,0.9574
77,"The defendant Nos. 1 to 5, contested the suit by filing written statement. The stand taken by the defendants in their written statement is that the plaintiff never held or possessed the suit land as tenant or otherwise, that he is not entitled to acquire any right of tenancy over the suit land, that the so-called Khatian was illegal and fraudulent and that the plaintiff managed to procure the same 'surreptitiously by influencing the land records staffs'. The defendants further stated that their predecessors never had any knowledge of getting such Khatian by the plaintiff and there was no field survey for the purpose. However, having come to know about the Khatian for the first time during the pendency of proceeding under Section 145 Cr.P.C. they filed a revision case before the Government vide RRT No. 235 of 1995 and the same was pending. On these facts, the defendants prayed that the suit of the plaintiff be dismissed with cost.",defendants,Person,0.6179
77,"The defendant Nos. 1 to 5, contested the suit by filing written statement. The stand taken by the defendants in their written statement is that the plaintiff never held or possessed the suit land as tenant or otherwise, that he is not entitled to acquire any right of tenancy over the suit land, that the so-called Khatian was illegal and fraudulent and that the plaintiff managed to procure the same 'surreptitiously by influencing the land records staffs'. The defendants further stated that their predecessors never had any knowledge of getting such Khatian by the plaintiff and there was no field survey for the purpose. However, having come to know about the Khatian for the first time during the pendency of proceeding under Section 145 Cr.P.C. they filed a revision case before the Government vide RRT No. 235 of 1995 and the same was pending. On these facts, the defendants prayed that the suit of the plaintiff be dismissed with cost.",plaintiff,Person,0.9566
77,"The defendant Nos. 1 to 5, contested the suit by filing written statement. The stand taken by the defendants in their written statement is that the plaintiff never held or possessed the suit land as tenant or otherwise, that he is not entitled to acquire any right of tenancy over the suit land, that the so-called Khatian was illegal and fraudulent and that the plaintiff managed to procure the same 'surreptitiously by influencing the land records staffs'. The defendants further stated that their predecessors never had any knowledge of getting such Khatian by the plaintiff and there was no field survey for the purpose. However, having come to know about the Khatian for the first time during the pendency of proceeding under Section 145 Cr.P.C. they filed a revision case before the Government vide RRT No. 235 of 1995 and the same was pending. On these facts, the defendants prayed that the suit of the plaintiff be dismissed with cost.",Section 145 Cr.P.C.,Section,0.8453
77,"The defendant Nos. 1 to 5, contested the suit by filing written statement. The stand taken by the defendants in their written statement is that the plaintiff never held or possessed the suit land as tenant or otherwise, that he is not entitled to acquire any right of tenancy over the suit land, that the so-called Khatian was illegal and fraudulent and that the plaintiff managed to procure the same 'surreptitiously by influencing the land records staffs'. The defendants further stated that their predecessors never had any knowledge of getting such Khatian by the plaintiff and there was no field survey for the purpose. However, having come to know about the Khatian for the first time during the pendency of proceeding under Section 145 Cr.P.C. they filed a revision case before the Government vide RRT No. 235 of 1995 and the same was pending. On these facts, the defendants prayed that the suit of the plaintiff be dismissed with cost.",RRT No. 235 of 1995,Case Number,0.9782
77,"The defendant Nos. 1 to 5, contested the suit by filing written statement. The stand taken by the defendants in their written statement is that the plaintiff never held or possessed the suit land as tenant or otherwise, that he is not entitled to acquire any right of tenancy over the suit land, that the so-called Khatian was illegal and fraudulent and that the plaintiff managed to procure the same 'surreptitiously by influencing the land records staffs'. The defendants further stated that their predecessors never had any knowledge of getting such Khatian by the plaintiff and there was no field survey for the purpose. However, having come to know about the Khatian for the first time during the pendency of proceeding under Section 145 Cr.P.C. they filed a revision case before the Government vide RRT No. 235 of 1995 and the same was pending. On these facts, the defendants prayed that the suit of the plaintiff be dismissed with cost.",defendants,Person,0.6481
77,"The defendant Nos. 1 to 5, contested the suit by filing written statement. The stand taken by the defendants in their written statement is that the plaintiff never held or possessed the suit land as tenant or otherwise, that he is not entitled to acquire any right of tenancy over the suit land, that the so-called Khatian was illegal and fraudulent and that the plaintiff managed to procure the same 'surreptitiously by influencing the land records staffs'. The defendants further stated that their predecessors never had any knowledge of getting such Khatian by the plaintiff and there was no field survey for the purpose. However, having come to know about the Khatian for the first time during the pendency of proceeding under Section 145 Cr.P.C. they filed a revision case before the Government vide RRT No. 235 of 1995 and the same was pending. On these facts, the defendants prayed that the suit of the plaintiff be dismissed with cost.",plaintiff,Person,0.9626
78,"The defendant Nos.1, 4 and 11 as well as 22 and 23 contested the suit by filing two sets of written statements. The defendant Nos.1, 4 and 11 in their written statement have pleaded that the suit land along with other land originally belonged to Mohammad Hussain and after his death the said land devolved on three sons, namely, Taher, Wahid and Amijur. It is the pleaded case of the said defendants that Amijur sold his share of land measuring 2 kathas 2 lechas in favour of the defendant No.1, for which, however, no sale deed has been executed. They have also claimed that the defendant No.1 has acquired the right over the property by adverse possession having occupied the suit land for more than 12 years openly and denouncing the title of the rightful owner since the year 1962. According to them, they came into possession of the said land on being put by Amijur. The defendant Nos.22 and 23 in their joint written statement have claimed that land measuring 1 katha 14 lechas was sold to them by the plaintiff by a registered deed of sale No.4140/92.",defendant Nos.1,Person,0.7121
78,"The defendant Nos.1, 4 and 11 as well as 22 and 23 contested the suit by filing two sets of written statements. The defendant Nos.1, 4 and 11 in their written statement have pleaded that the suit land along with other land originally belonged to Mohammad Hussain and after his death the said land devolved on three sons, namely, Taher, Wahid and Amijur. It is the pleaded case of the said defendants that Amijur sold his share of land measuring 2 kathas 2 lechas in favour of the defendant No.1, for which, however, no sale deed has been executed. They have also claimed that the defendant No.1 has acquired the right over the property by adverse possession having occupied the suit land for more than 12 years openly and denouncing the title of the rightful owner since the year 1962. According to them, they came into possession of the said land on being put by Amijur. The defendant Nos.22 and 23 in their joint written statement have claimed that land measuring 1 katha 14 lechas was sold to them by the plaintiff by a registered deed of sale No.4140/92.",defendant Nos.1,Person,0.6906
78,"The defendant Nos.1, 4 and 11 as well as 22 and 23 contested the suit by filing two sets of written statements. The defendant Nos.1, 4 and 11 in their written statement have pleaded that the suit land along with other land originally belonged to Mohammad Hussain and after his death the said land devolved on three sons, namely, Taher, Wahid and Amijur. It is the pleaded case of the said defendants that Amijur sold his share of land measuring 2 kathas 2 lechas in favour of the defendant No.1, for which, however, no sale deed has been executed. They have also claimed that the defendant No.1 has acquired the right over the property by adverse possession having occupied the suit land for more than 12 years openly and denouncing the title of the rightful owner since the year 1962. According to them, they came into possession of the said land on being put by Amijur. The defendant Nos.22 and 23 in their joint written statement have claimed that land measuring 1 katha 14 lechas was sold to them by the plaintiff by a registered deed of sale No.4140/92.",Mohammad Hussain,Person,0.8861
78,"The defendant Nos.1, 4 and 11 as well as 22 and 23 contested the suit by filing two sets of written statements. The defendant Nos.1, 4 and 11 in their written statement have pleaded that the suit land along with other land originally belonged to Mohammad Hussain and after his death the said land devolved on three sons, namely, Taher, Wahid and Amijur. It is the pleaded case of the said defendants that Amijur sold his share of land measuring 2 kathas 2 lechas in favour of the defendant No.1, for which, however, no sale deed has been executed. They have also claimed that the defendant No.1 has acquired the right over the property by adverse possession having occupied the suit land for more than 12 years openly and denouncing the title of the rightful owner since the year 1962. According to them, they came into possession of the said land on being put by Amijur. The defendant Nos.22 and 23 in their joint written statement have claimed that land measuring 1 katha 14 lechas was sold to them by the plaintiff by a registered deed of sale No.4140/92.",Taher,Person,0.9193
78,"The defendant Nos.1, 4 and 11 as well as 22 and 23 contested the suit by filing two sets of written statements. The defendant Nos.1, 4 and 11 in their written statement have pleaded that the suit land along with other land originally belonged to Mohammad Hussain and after his death the said land devolved on three sons, namely, Taher, Wahid and Amijur. It is the pleaded case of the said defendants that Amijur sold his share of land measuring 2 kathas 2 lechas in favour of the defendant No.1, for which, however, no sale deed has been executed. They have also claimed that the defendant No.1 has acquired the right over the property by adverse possession having occupied the suit land for more than 12 years openly and denouncing the title of the rightful owner since the year 1962. According to them, they came into possession of the said land on being put by Amijur. The defendant Nos.22 and 23 in their joint written statement have claimed that land measuring 1 katha 14 lechas was sold to them by the plaintiff by a registered deed of sale No.4140/92.",Wahid,Person,0.8853
78,"The defendant Nos.1, 4 and 11 as well as 22 and 23 contested the suit by filing two sets of written statements. The defendant Nos.1, 4 and 11 in their written statement have pleaded that the suit land along with other land originally belonged to Mohammad Hussain and after his death the said land devolved on three sons, namely, Taher, Wahid and Amijur. It is the pleaded case of the said defendants that Amijur sold his share of land measuring 2 kathas 2 lechas in favour of the defendant No.1, for which, however, no sale deed has been executed. They have also claimed that the defendant No.1 has acquired the right over the property by adverse possession having occupied the suit land for more than 12 years openly and denouncing the title of the rightful owner since the year 1962. According to them, they came into possession of the said land on being put by Amijur. The defendant Nos.22 and 23 in their joint written statement have claimed that land measuring 1 katha 14 lechas was sold to them by the plaintiff by a registered deed of sale No.4140/92.",Amijur,Person,0.9604
78,"The defendant Nos.1, 4 and 11 as well as 22 and 23 contested the suit by filing two sets of written statements. The defendant Nos.1, 4 and 11 in their written statement have pleaded that the suit land along with other land originally belonged to Mohammad Hussain and after his death the said land devolved on three sons, namely, Taher, Wahid and Amijur. It is the pleaded case of the said defendants that Amijur sold his share of land measuring 2 kathas 2 lechas in favour of the defendant No.1, for which, however, no sale deed has been executed. They have also claimed that the defendant No.1 has acquired the right over the property by adverse possession having occupied the suit land for more than 12 years openly and denouncing the title of the rightful owner since the year 1962. According to them, they came into possession of the said land on being put by Amijur. The defendant Nos.22 and 23 in their joint written statement have claimed that land measuring 1 katha 14 lechas was sold to them by the plaintiff by a registered deed of sale No.4140/92.",Amijur,Person,0.9785
78,"The defendant Nos.1, 4 and 11 as well as 22 and 23 contested the suit by filing two sets of written statements. The defendant Nos.1, 4 and 11 in their written statement have pleaded that the suit land along with other land originally belonged to Mohammad Hussain and after his death the said land devolved on three sons, namely, Taher, Wahid and Amijur. It is the pleaded case of the said defendants that Amijur sold his share of land measuring 2 kathas 2 lechas in favour of the defendant No.1, for which, however, no sale deed has been executed. They have also claimed that the defendant No.1 has acquired the right over the property by adverse possession having occupied the suit land for more than 12 years openly and denouncing the title of the rightful owner since the year 1962. According to them, they came into possession of the said land on being put by Amijur. The defendant Nos.22 and 23 in their joint written statement have claimed that land measuring 1 katha 14 lechas was sold to them by the plaintiff by a registered deed of sale No.4140/92.",defendant No.1,Person,0.7714
78,"The defendant Nos.1, 4 and 11 as well as 22 and 23 contested the suit by filing two sets of written statements. The defendant Nos.1, 4 and 11 in their written statement have pleaded that the suit land along with other land originally belonged to Mohammad Hussain and after his death the said land devolved on three sons, namely, Taher, Wahid and Amijur. It is the pleaded case of the said defendants that Amijur sold his share of land measuring 2 kathas 2 lechas in favour of the defendant No.1, for which, however, no sale deed has been executed. They have also claimed that the defendant No.1 has acquired the right over the property by adverse possession having occupied the suit land for more than 12 years openly and denouncing the title of the rightful owner since the year 1962. According to them, they came into possession of the said land on being put by Amijur. The defendant Nos.22 and 23 in their joint written statement have claimed that land measuring 1 katha 14 lechas was sold to them by the plaintiff by a registered deed of sale No.4140/92.",defendant No.1,Person,0.8384
78,"The defendant Nos.1, 4 and 11 as well as 22 and 23 contested the suit by filing two sets of written statements. The defendant Nos.1, 4 and 11 in their written statement have pleaded that the suit land along with other land originally belonged to Mohammad Hussain and after his death the said land devolved on three sons, namely, Taher, Wahid and Amijur. It is the pleaded case of the said defendants that Amijur sold his share of land measuring 2 kathas 2 lechas in favour of the defendant No.1, for which, however, no sale deed has been executed. They have also claimed that the defendant No.1 has acquired the right over the property by adverse possession having occupied the suit land for more than 12 years openly and denouncing the title of the rightful owner since the year 1962. According to them, they came into possession of the said land on being put by Amijur. The defendant Nos.22 and 23 in their joint written statement have claimed that land measuring 1 katha 14 lechas was sold to them by the plaintiff by a registered deed of sale No.4140/92.",Amijur,Person,0.9729
78,"The defendant Nos.1, 4 and 11 as well as 22 and 23 contested the suit by filing two sets of written statements. The defendant Nos.1, 4 and 11 in their written statement have pleaded that the suit land along with other land originally belonged to Mohammad Hussain and after his death the said land devolved on three sons, namely, Taher, Wahid and Amijur. It is the pleaded case of the said defendants that Amijur sold his share of land measuring 2 kathas 2 lechas in favour of the defendant No.1, for which, however, no sale deed has been executed. They have also claimed that the defendant No.1 has acquired the right over the property by adverse possession having occupied the suit land for more than 12 years openly and denouncing the title of the rightful owner since the year 1962. According to them, they came into possession of the said land on being put by Amijur. The defendant Nos.22 and 23 in their joint written statement have claimed that land measuring 1 katha 14 lechas was sold to them by the plaintiff by a registered deed of sale No.4140/92.",plaintiff,Person,0.6225
78,"The defendant Nos.1, 4 and 11 as well as 22 and 23 contested the suit by filing two sets of written statements. The defendant Nos.1, 4 and 11 in their written statement have pleaded that the suit land along with other land originally belonged to Mohammad Hussain and after his death the said land devolved on three sons, namely, Taher, Wahid and Amijur. It is the pleaded case of the said defendants that Amijur sold his share of land measuring 2 kathas 2 lechas in favour of the defendant No.1, for which, however, no sale deed has been executed. They have also claimed that the defendant No.1 has acquired the right over the property by adverse possession having occupied the suit land for more than 12 years openly and denouncing the title of the rightful owner since the year 1962. According to them, they came into possession of the said land on being put by Amijur. The defendant Nos.22 and 23 in their joint written statement have claimed that land measuring 1 katha 14 lechas was sold to them by the plaintiff by a registered deed of sale No.4140/92.",registered deed of sale No.4140/92,Document,0.6316
79,"The pleaded case in the plaint is that the respondent/plaintiff is a limited liability company registered under the Indian Companies Act, 1956, and it has a number of tea estates in Assam and it owns and manages, amongst others, Dehing Tea Estate at Margherita. The plaintiff is the absolute owner of the suit premises described in the schedule and the same was allotted as an incidence of employment to a permanent worker named Smti Nandi Gore, wife of one Rajesh Gore, who is the elder brother of the defendant. In the month of December, 1981, the defendant, who is not a worker of Dehing Tea Estate, forcibly dispossessed her and started occupying the same unauthorisedly and thus, he had become a trespasser. Despite being asked several times to vacate the suit premises, the defendant did not do so. Though the defendant being a trespasser was otherwise not entitled to a notice, a legal notice dated 09.10.1985 was served on the defendant asking him to quit, vacate and deliver up vacant possession of the suit premises immediately on expiry of 31st October, 1985. As defendant did not vacate the suit premises, the suit was filed praying for, amongst others, a decree for khas possession of the suit premises by evicting the defendant with all his belongings and dependants, if any, from the suit premises described in the schedule.",plaintiff,Person,0.6764
79,"The pleaded case in the plaint is that the respondent/plaintiff is a limited liability company registered under the Indian Companies Act, 1956, and it has a number of tea estates in Assam and it owns and manages, amongst others, Dehing Tea Estate at Margherita. The plaintiff is the absolute owner of the suit premises described in the schedule and the same was allotted as an incidence of employment to a permanent worker named Smti Nandi Gore, wife of one Rajesh Gore, who is the elder brother of the defendant. In the month of December, 1981, the defendant, who is not a worker of Dehing Tea Estate, forcibly dispossessed her and started occupying the same unauthorisedly and thus, he had become a trespasser. Despite being asked several times to vacate the suit premises, the defendant did not do so. Though the defendant being a trespasser was otherwise not entitled to a notice, a legal notice dated 09.10.1985 was served on the defendant asking him to quit, vacate and deliver up vacant possession of the suit premises immediately on expiry of 31st October, 1985. As defendant did not vacate the suit premises, the suit was filed praying for, amongst others, a decree for khas possession of the suit premises by evicting the defendant with all his belongings and dependants, if any, from the suit premises described in the schedule.","Indian Companies Act, 1956",Law,0.9591
79,"The pleaded case in the plaint is that the respondent/plaintiff is a limited liability company registered under the Indian Companies Act, 1956, and it has a number of tea estates in Assam and it owns and manages, amongst others, Dehing Tea Estate at Margherita. The plaintiff is the absolute owner of the suit premises described in the schedule and the same was allotted as an incidence of employment to a permanent worker named Smti Nandi Gore, wife of one Rajesh Gore, who is the elder brother of the defendant. In the month of December, 1981, the defendant, who is not a worker of Dehing Tea Estate, forcibly dispossessed her and started occupying the same unauthorisedly and thus, he had become a trespasser. Despite being asked several times to vacate the suit premises, the defendant did not do so. Though the defendant being a trespasser was otherwise not entitled to a notice, a legal notice dated 09.10.1985 was served on the defendant asking him to quit, vacate and deliver up vacant possession of the suit premises immediately on expiry of 31st October, 1985. As defendant did not vacate the suit premises, the suit was filed praying for, amongst others, a decree for khas possession of the suit premises by evicting the defendant with all his belongings and dependants, if any, from the suit premises described in the schedule.",plaintiff,Person,0.5295
79,"The pleaded case in the plaint is that the respondent/plaintiff is a limited liability company registered under the Indian Companies Act, 1956, and it has a number of tea estates in Assam and it owns and manages, amongst others, Dehing Tea Estate at Margherita. The plaintiff is the absolute owner of the suit premises described in the schedule and the same was allotted as an incidence of employment to a permanent worker named Smti Nandi Gore, wife of one Rajesh Gore, who is the elder brother of the defendant. In the month of December, 1981, the defendant, who is not a worker of Dehing Tea Estate, forcibly dispossessed her and started occupying the same unauthorisedly and thus, he had become a trespasser. Despite being asked several times to vacate the suit premises, the defendant did not do so. Though the defendant being a trespasser was otherwise not entitled to a notice, a legal notice dated 09.10.1985 was served on the defendant asking him to quit, vacate and deliver up vacant possession of the suit premises immediately on expiry of 31st October, 1985. As defendant did not vacate the suit premises, the suit was filed praying for, amongst others, a decree for khas possession of the suit premises by evicting the defendant with all his belongings and dependants, if any, from the suit premises described in the schedule.",schedule,Document,0.624
79,"The pleaded case in the plaint is that the respondent/plaintiff is a limited liability company registered under the Indian Companies Act, 1956, and it has a number of tea estates in Assam and it owns and manages, amongst others, Dehing Tea Estate at Margherita. The plaintiff is the absolute owner of the suit premises described in the schedule and the same was allotted as an incidence of employment to a permanent worker named Smti Nandi Gore, wife of one Rajesh Gore, who is the elder brother of the defendant. In the month of December, 1981, the defendant, who is not a worker of Dehing Tea Estate, forcibly dispossessed her and started occupying the same unauthorisedly and thus, he had become a trespasser. Despite being asked several times to vacate the suit premises, the defendant did not do so. Though the defendant being a trespasser was otherwise not entitled to a notice, a legal notice dated 09.10.1985 was served on the defendant asking him to quit, vacate and deliver up vacant possession of the suit premises immediately on expiry of 31st October, 1985. As defendant did not vacate the suit premises, the suit was filed praying for, amongst others, a decree for khas possession of the suit premises by evicting the defendant with all his belongings and dependants, if any, from the suit premises described in the schedule.",Smti Nandi Gore,Person,0.8086
79,"The pleaded case in the plaint is that the respondent/plaintiff is a limited liability company registered under the Indian Companies Act, 1956, and it has a number of tea estates in Assam and it owns and manages, amongst others, Dehing Tea Estate at Margherita. The plaintiff is the absolute owner of the suit premises described in the schedule and the same was allotted as an incidence of employment to a permanent worker named Smti Nandi Gore, wife of one Rajesh Gore, who is the elder brother of the defendant. In the month of December, 1981, the defendant, who is not a worker of Dehing Tea Estate, forcibly dispossessed her and started occupying the same unauthorisedly and thus, he had become a trespasser. Despite being asked several times to vacate the suit premises, the defendant did not do so. Though the defendant being a trespasser was otherwise not entitled to a notice, a legal notice dated 09.10.1985 was served on the defendant asking him to quit, vacate and deliver up vacant possession of the suit premises immediately on expiry of 31st October, 1985. As defendant did not vacate the suit premises, the suit was filed praying for, amongst others, a decree for khas possession of the suit premises by evicting the defendant with all his belongings and dependants, if any, from the suit premises described in the schedule.",Rajesh Gore,Person,0.7883
79,"The pleaded case in the plaint is that the respondent/plaintiff is a limited liability company registered under the Indian Companies Act, 1956, and it has a number of tea estates in Assam and it owns and manages, amongst others, Dehing Tea Estate at Margherita. The plaintiff is the absolute owner of the suit premises described in the schedule and the same was allotted as an incidence of employment to a permanent worker named Smti Nandi Gore, wife of one Rajesh Gore, who is the elder brother of the defendant. In the month of December, 1981, the defendant, who is not a worker of Dehing Tea Estate, forcibly dispossessed her and started occupying the same unauthorisedly and thus, he had become a trespasser. Despite being asked several times to vacate the suit premises, the defendant did not do so. Though the defendant being a trespasser was otherwise not entitled to a notice, a legal notice dated 09.10.1985 was served on the defendant asking him to quit, vacate and deliver up vacant possession of the suit premises immediately on expiry of 31st October, 1985. As defendant did not vacate the suit premises, the suit was filed praying for, amongst others, a decree for khas possession of the suit premises by evicting the defendant with all his belongings and dependants, if any, from the suit premises described in the schedule.",defendant,Person,0.9208
79,"The pleaded case in the plaint is that the respondent/plaintiff is a limited liability company registered under the Indian Companies Act, 1956, and it has a number of tea estates in Assam and it owns and manages, amongst others, Dehing Tea Estate at Margherita. The plaintiff is the absolute owner of the suit premises described in the schedule and the same was allotted as an incidence of employment to a permanent worker named Smti Nandi Gore, wife of one Rajesh Gore, who is the elder brother of the defendant. In the month of December, 1981, the defendant, who is not a worker of Dehing Tea Estate, forcibly dispossessed her and started occupying the same unauthorisedly and thus, he had become a trespasser. Despite being asked several times to vacate the suit premises, the defendant did not do so. Though the defendant being a trespasser was otherwise not entitled to a notice, a legal notice dated 09.10.1985 was served on the defendant asking him to quit, vacate and deliver up vacant possession of the suit premises immediately on expiry of 31st October, 1985. As defendant did not vacate the suit premises, the suit was filed praying for, amongst others, a decree for khas possession of the suit premises by evicting the defendant with all his belongings and dependants, if any, from the suit premises described in the schedule.","December, 1981",Date,0.6604
79,"The pleaded case in the plaint is that the respondent/plaintiff is a limited liability company registered under the Indian Companies Act, 1956, and it has a number of tea estates in Assam and it owns and manages, amongst others, Dehing Tea Estate at Margherita. The plaintiff is the absolute owner of the suit premises described in the schedule and the same was allotted as an incidence of employment to a permanent worker named Smti Nandi Gore, wife of one Rajesh Gore, who is the elder brother of the defendant. In the month of December, 1981, the defendant, who is not a worker of Dehing Tea Estate, forcibly dispossessed her and started occupying the same unauthorisedly and thus, he had become a trespasser. Despite being asked several times to vacate the suit premises, the defendant did not do so. Though the defendant being a trespasser was otherwise not entitled to a notice, a legal notice dated 09.10.1985 was served on the defendant asking him to quit, vacate and deliver up vacant possession of the suit premises immediately on expiry of 31st October, 1985. As defendant did not vacate the suit premises, the suit was filed praying for, amongst others, a decree for khas possession of the suit premises by evicting the defendant with all his belongings and dependants, if any, from the suit premises described in the schedule.",defendant,Person,0.9065
79,"The pleaded case in the plaint is that the respondent/plaintiff is a limited liability company registered under the Indian Companies Act, 1956, and it has a number of tea estates in Assam and it owns and manages, amongst others, Dehing Tea Estate at Margherita. The plaintiff is the absolute owner of the suit premises described in the schedule and the same was allotted as an incidence of employment to a permanent worker named Smti Nandi Gore, wife of one Rajesh Gore, who is the elder brother of the defendant. In the month of December, 1981, the defendant, who is not a worker of Dehing Tea Estate, forcibly dispossessed her and started occupying the same unauthorisedly and thus, he had become a trespasser. Despite being asked several times to vacate the suit premises, the defendant did not do so. Though the defendant being a trespasser was otherwise not entitled to a notice, a legal notice dated 09.10.1985 was served on the defendant asking him to quit, vacate and deliver up vacant possession of the suit premises immediately on expiry of 31st October, 1985. As defendant did not vacate the suit premises, the suit was filed praying for, amongst others, a decree for khas possession of the suit premises by evicting the defendant with all his belongings and dependants, if any, from the suit premises described in the schedule.",defendant,Person,0.9256
79,"The pleaded case in the plaint is that the respondent/plaintiff is a limited liability company registered under the Indian Companies Act, 1956, and it has a number of tea estates in Assam and it owns and manages, amongst others, Dehing Tea Estate at Margherita. The plaintiff is the absolute owner of the suit premises described in the schedule and the same was allotted as an incidence of employment to a permanent worker named Smti Nandi Gore, wife of one Rajesh Gore, who is the elder brother of the defendant. In the month of December, 1981, the defendant, who is not a worker of Dehing Tea Estate, forcibly dispossessed her and started occupying the same unauthorisedly and thus, he had become a trespasser. Despite being asked several times to vacate the suit premises, the defendant did not do so. Though the defendant being a trespasser was otherwise not entitled to a notice, a legal notice dated 09.10.1985 was served on the defendant asking him to quit, vacate and deliver up vacant possession of the suit premises immediately on expiry of 31st October, 1985. As defendant did not vacate the suit premises, the suit was filed praying for, amongst others, a decree for khas possession of the suit premises by evicting the defendant with all his belongings and dependants, if any, from the suit premises described in the schedule.",defendant,Person,0.9545
79,"The pleaded case in the plaint is that the respondent/plaintiff is a limited liability company registered under the Indian Companies Act, 1956, and it has a number of tea estates in Assam and it owns and manages, amongst others, Dehing Tea Estate at Margherita. The plaintiff is the absolute owner of the suit premises described in the schedule and the same was allotted as an incidence of employment to a permanent worker named Smti Nandi Gore, wife of one Rajesh Gore, who is the elder brother of the defendant. In the month of December, 1981, the defendant, who is not a worker of Dehing Tea Estate, forcibly dispossessed her and started occupying the same unauthorisedly and thus, he had become a trespasser. Despite being asked several times to vacate the suit premises, the defendant did not do so. Though the defendant being a trespasser was otherwise not entitled to a notice, a legal notice dated 09.10.1985 was served on the defendant asking him to quit, vacate and deliver up vacant possession of the suit premises immediately on expiry of 31st October, 1985. As defendant did not vacate the suit premises, the suit was filed praying for, amongst others, a decree for khas possession of the suit premises by evicting the defendant with all his belongings and dependants, if any, from the suit premises described in the schedule.",legal notice,Document,0.6422
79,"The pleaded case in the plaint is that the respondent/plaintiff is a limited liability company registered under the Indian Companies Act, 1956, and it has a number of tea estates in Assam and it owns and manages, amongst others, Dehing Tea Estate at Margherita. The plaintiff is the absolute owner of the suit premises described in the schedule and the same was allotted as an incidence of employment to a permanent worker named Smti Nandi Gore, wife of one Rajesh Gore, who is the elder brother of the defendant. In the month of December, 1981, the defendant, who is not a worker of Dehing Tea Estate, forcibly dispossessed her and started occupying the same unauthorisedly and thus, he had become a trespasser. Despite being asked several times to vacate the suit premises, the defendant did not do so. Though the defendant being a trespasser was otherwise not entitled to a notice, a legal notice dated 09.10.1985 was served on the defendant asking him to quit, vacate and deliver up vacant possession of the suit premises immediately on expiry of 31st October, 1985. As defendant did not vacate the suit premises, the suit was filed praying for, amongst others, a decree for khas possession of the suit premises by evicting the defendant with all his belongings and dependants, if any, from the suit premises described in the schedule.",09.10.1985,Date,0.5827
79,"The pleaded case in the plaint is that the respondent/plaintiff is a limited liability company registered under the Indian Companies Act, 1956, and it has a number of tea estates in Assam and it owns and manages, amongst others, Dehing Tea Estate at Margherita. The plaintiff is the absolute owner of the suit premises described in the schedule and the same was allotted as an incidence of employment to a permanent worker named Smti Nandi Gore, wife of one Rajesh Gore, who is the elder brother of the defendant. In the month of December, 1981, the defendant, who is not a worker of Dehing Tea Estate, forcibly dispossessed her and started occupying the same unauthorisedly and thus, he had become a trespasser. Despite being asked several times to vacate the suit premises, the defendant did not do so. Though the defendant being a trespasser was otherwise not entitled to a notice, a legal notice dated 09.10.1985 was served on the defendant asking him to quit, vacate and deliver up vacant possession of the suit premises immediately on expiry of 31st October, 1985. As defendant did not vacate the suit premises, the suit was filed praying for, amongst others, a decree for khas possession of the suit premises by evicting the defendant with all his belongings and dependants, if any, from the suit premises described in the schedule.",defendant,Person,0.9438
79,"The pleaded case in the plaint is that the respondent/plaintiff is a limited liability company registered under the Indian Companies Act, 1956, and it has a number of tea estates in Assam and it owns and manages, amongst others, Dehing Tea Estate at Margherita. The plaintiff is the absolute owner of the suit premises described in the schedule and the same was allotted as an incidence of employment to a permanent worker named Smti Nandi Gore, wife of one Rajesh Gore, who is the elder brother of the defendant. In the month of December, 1981, the defendant, who is not a worker of Dehing Tea Estate, forcibly dispossessed her and started occupying the same unauthorisedly and thus, he had become a trespasser. Despite being asked several times to vacate the suit premises, the defendant did not do so. Though the defendant being a trespasser was otherwise not entitled to a notice, a legal notice dated 09.10.1985 was served on the defendant asking him to quit, vacate and deliver up vacant possession of the suit premises immediately on expiry of 31st October, 1985. As defendant did not vacate the suit premises, the suit was filed praying for, amongst others, a decree for khas possession of the suit premises by evicting the defendant with all his belongings and dependants, if any, from the suit premises described in the schedule.","31st October, 1985",Date,0.5055
79,"The pleaded case in the plaint is that the respondent/plaintiff is a limited liability company registered under the Indian Companies Act, 1956, and it has a number of tea estates in Assam and it owns and manages, amongst others, Dehing Tea Estate at Margherita. The plaintiff is the absolute owner of the suit premises described in the schedule and the same was allotted as an incidence of employment to a permanent worker named Smti Nandi Gore, wife of one Rajesh Gore, who is the elder brother of the defendant. In the month of December, 1981, the defendant, who is not a worker of Dehing Tea Estate, forcibly dispossessed her and started occupying the same unauthorisedly and thus, he had become a trespasser. Despite being asked several times to vacate the suit premises, the defendant did not do so. Though the defendant being a trespasser was otherwise not entitled to a notice, a legal notice dated 09.10.1985 was served on the defendant asking him to quit, vacate and deliver up vacant possession of the suit premises immediately on expiry of 31st October, 1985. As defendant did not vacate the suit premises, the suit was filed praying for, amongst others, a decree for khas possession of the suit premises by evicting the defendant with all his belongings and dependants, if any, from the suit premises described in the schedule.",defendant,Person,0.9373
79,"The pleaded case in the plaint is that the respondent/plaintiff is a limited liability company registered under the Indian Companies Act, 1956, and it has a number of tea estates in Assam and it owns and manages, amongst others, Dehing Tea Estate at Margherita. The plaintiff is the absolute owner of the suit premises described in the schedule and the same was allotted as an incidence of employment to a permanent worker named Smti Nandi Gore, wife of one Rajesh Gore, who is the elder brother of the defendant. In the month of December, 1981, the defendant, who is not a worker of Dehing Tea Estate, forcibly dispossessed her and started occupying the same unauthorisedly and thus, he had become a trespasser. Despite being asked several times to vacate the suit premises, the defendant did not do so. Though the defendant being a trespasser was otherwise not entitled to a notice, a legal notice dated 09.10.1985 was served on the defendant asking him to quit, vacate and deliver up vacant possession of the suit premises immediately on expiry of 31st October, 1985. As defendant did not vacate the suit premises, the suit was filed praying for, amongst others, a decree for khas possession of the suit premises by evicting the defendant with all his belongings and dependants, if any, from the suit premises described in the schedule.",defendant,Person,0.9497
79,"The pleaded case in the plaint is that the respondent/plaintiff is a limited liability company registered under the Indian Companies Act, 1956, and it has a number of tea estates in Assam and it owns and manages, amongst others, Dehing Tea Estate at Margherita. The plaintiff is the absolute owner of the suit premises described in the schedule and the same was allotted as an incidence of employment to a permanent worker named Smti Nandi Gore, wife of one Rajesh Gore, who is the elder brother of the defendant. In the month of December, 1981, the defendant, who is not a worker of Dehing Tea Estate, forcibly dispossessed her and started occupying the same unauthorisedly and thus, he had become a trespasser. Despite being asked several times to vacate the suit premises, the defendant did not do so. Though the defendant being a trespasser was otherwise not entitled to a notice, a legal notice dated 09.10.1985 was served on the defendant asking him to quit, vacate and deliver up vacant possession of the suit premises immediately on expiry of 31st October, 1985. As defendant did not vacate the suit premises, the suit was filed praying for, amongst others, a decree for khas possession of the suit premises by evicting the defendant with all his belongings and dependants, if any, from the suit premises described in the schedule.",schedule,Document,0.7319
80,"The appellant as plaintiff instituted the aforesaid suit for declaration of right, title and interest in respect of the land measuring 6 bighas 3 kathas 10 lechas in Dag No.85 of annual patta No.19, more fully described in schedule to the plaint, and also for recovery of khas possession by evicting the defendants therefrom, contending inter alia that he is the owner of the land measuring 11 bighas 3 kathas 12 lechas covered by Dag Nos.85 and 86 of annual patta No.19, out of which though his possession in respect of 5 bighas of land in Dag No.86 is not disturbed, the defendants dispossessed the plaintiff from the land measuring 6 bighas 3 kathas 10 lechas in Dag No.85 of annual patta No.19, which is the suit land, which necessitated filing of the suit as aforesaid.",The appellant,Person,0.5464
80,"The appellant as plaintiff instituted the aforesaid suit for declaration of right, title and interest in respect of the land measuring 6 bighas 3 kathas 10 lechas in Dag No.85 of annual patta No.19, more fully described in schedule to the plaint, and also for recovery of khas possession by evicting the defendants therefrom, contending inter alia that he is the owner of the land measuring 11 bighas 3 kathas 12 lechas covered by Dag Nos.85 and 86 of annual patta No.19, out of which though his possession in respect of 5 bighas of land in Dag No.86 is not disturbed, the defendants dispossessed the plaintiff from the land measuring 6 bighas 3 kathas 10 lechas in Dag No.85 of annual patta No.19, which is the suit land, which necessitated filing of the suit as aforesaid.",plaintiff,Person,0.953
80,"The appellant as plaintiff instituted the aforesaid suit for declaration of right, title and interest in respect of the land measuring 6 bighas 3 kathas 10 lechas in Dag No.85 of annual patta No.19, more fully described in schedule to the plaint, and also for recovery of khas possession by evicting the defendants therefrom, contending inter alia that he is the owner of the land measuring 11 bighas 3 kathas 12 lechas covered by Dag Nos.85 and 86 of annual patta No.19, out of which though his possession in respect of 5 bighas of land in Dag No.86 is not disturbed, the defendants dispossessed the plaintiff from the land measuring 6 bighas 3 kathas 10 lechas in Dag No.85 of annual patta No.19, which is the suit land, which necessitated filing of the suit as aforesaid.",annual patta No.19,Document,0.9847
80,"The appellant as plaintiff instituted the aforesaid suit for declaration of right, title and interest in respect of the land measuring 6 bighas 3 kathas 10 lechas in Dag No.85 of annual patta No.19, more fully described in schedule to the plaint, and also for recovery of khas possession by evicting the defendants therefrom, contending inter alia that he is the owner of the land measuring 11 bighas 3 kathas 12 lechas covered by Dag Nos.85 and 86 of annual patta No.19, out of which though his possession in respect of 5 bighas of land in Dag No.86 is not disturbed, the defendants dispossessed the plaintiff from the land measuring 6 bighas 3 kathas 10 lechas in Dag No.85 of annual patta No.19, which is the suit land, which necessitated filing of the suit as aforesaid.",schedule to the plaint,Document,0.7723
80,"The appellant as plaintiff instituted the aforesaid suit for declaration of right, title and interest in respect of the land measuring 6 bighas 3 kathas 10 lechas in Dag No.85 of annual patta No.19, more fully described in schedule to the plaint, and also for recovery of khas possession by evicting the defendants therefrom, contending inter alia that he is the owner of the land measuring 11 bighas 3 kathas 12 lechas covered by Dag Nos.85 and 86 of annual patta No.19, out of which though his possession in respect of 5 bighas of land in Dag No.86 is not disturbed, the defendants dispossessed the plaintiff from the land measuring 6 bighas 3 kathas 10 lechas in Dag No.85 of annual patta No.19, which is the suit land, which necessitated filing of the suit as aforesaid.",defendants,Person,0.7745
80,"The appellant as plaintiff instituted the aforesaid suit for declaration of right, title and interest in respect of the land measuring 6 bighas 3 kathas 10 lechas in Dag No.85 of annual patta No.19, more fully described in schedule to the plaint, and also for recovery of khas possession by evicting the defendants therefrom, contending inter alia that he is the owner of the land measuring 11 bighas 3 kathas 12 lechas covered by Dag Nos.85 and 86 of annual patta No.19, out of which though his possession in respect of 5 bighas of land in Dag No.86 is not disturbed, the defendants dispossessed the plaintiff from the land measuring 6 bighas 3 kathas 10 lechas in Dag No.85 of annual patta No.19, which is the suit land, which necessitated filing of the suit as aforesaid.",annual patta No.19,Document,0.9855
80,"The appellant as plaintiff instituted the aforesaid suit for declaration of right, title and interest in respect of the land measuring 6 bighas 3 kathas 10 lechas in Dag No.85 of annual patta No.19, more fully described in schedule to the plaint, and also for recovery of khas possession by evicting the defendants therefrom, contending inter alia that he is the owner of the land measuring 11 bighas 3 kathas 12 lechas covered by Dag Nos.85 and 86 of annual patta No.19, out of which though his possession in respect of 5 bighas of land in Dag No.86 is not disturbed, the defendants dispossessed the plaintiff from the land measuring 6 bighas 3 kathas 10 lechas in Dag No.85 of annual patta No.19, which is the suit land, which necessitated filing of the suit as aforesaid.",defendants,Person,0.7821
80,"The appellant as plaintiff instituted the aforesaid suit for declaration of right, title and interest in respect of the land measuring 6 bighas 3 kathas 10 lechas in Dag No.85 of annual patta No.19, more fully described in schedule to the plaint, and also for recovery of khas possession by evicting the defendants therefrom, contending inter alia that he is the owner of the land measuring 11 bighas 3 kathas 12 lechas covered by Dag Nos.85 and 86 of annual patta No.19, out of which though his possession in respect of 5 bighas of land in Dag No.86 is not disturbed, the defendants dispossessed the plaintiff from the land measuring 6 bighas 3 kathas 10 lechas in Dag No.85 of annual patta No.19, which is the suit land, which necessitated filing of the suit as aforesaid.",plaintiff,Person,0.9529
80,"The appellant as plaintiff instituted the aforesaid suit for declaration of right, title and interest in respect of the land measuring 6 bighas 3 kathas 10 lechas in Dag No.85 of annual patta No.19, more fully described in schedule to the plaint, and also for recovery of khas possession by evicting the defendants therefrom, contending inter alia that he is the owner of the land measuring 11 bighas 3 kathas 12 lechas covered by Dag Nos.85 and 86 of annual patta No.19, out of which though his possession in respect of 5 bighas of land in Dag No.86 is not disturbed, the defendants dispossessed the plaintiff from the land measuring 6 bighas 3 kathas 10 lechas in Dag No.85 of annual patta No.19, which is the suit land, which necessitated filing of the suit as aforesaid.",Dag No.85,Document,0.5846
80,"The appellant as plaintiff instituted the aforesaid suit for declaration of right, title and interest in respect of the land measuring 6 bighas 3 kathas 10 lechas in Dag No.85 of annual patta No.19, more fully described in schedule to the plaint, and also for recovery of khas possession by evicting the defendants therefrom, contending inter alia that he is the owner of the land measuring 11 bighas 3 kathas 12 lechas covered by Dag Nos.85 and 86 of annual patta No.19, out of which though his possession in respect of 5 bighas of land in Dag No.86 is not disturbed, the defendants dispossessed the plaintiff from the land measuring 6 bighas 3 kathas 10 lechas in Dag No.85 of annual patta No.19, which is the suit land, which necessitated filing of the suit as aforesaid.",annual patta No.19,Document,0.9894
81,"On 15.06.2012 (Annexure–8 of the writ petition), the respondent no. 2 issued a notice inviting candidates only from Category–I from serial no. 1 to 34 for allotment of MBBS seats and inviting applications from them indicating their preference of colleges as per seats made available to the State during the last year. On 18.06.2012 (Annexure–9 of the writ petition), a list was published in the web site of the Directorate of Higher and Technical Education indicating number of seats already received/yet to be received in the different colleges in the country from the Government of India and the regional institutions. In the said list, it was mentioned that GOI seats are shared with all Categories as per reservation policy of the State Government and the regional seats are reserved for Category–I. Thereafter, another list (Annexure–10 of the writ petition) was published showing allotment of PCB group seats as per the minutes of the meeting held on 02.07.2012 which shows that 34 MBBS seats were allotted to 34 Category–I candidates.",15.06.2012,Date,0.8806
81,"On 15.06.2012 (Annexure–8 of the writ petition), the respondent no. 2 issued a notice inviting candidates only from Category–I from serial no. 1 to 34 for allotment of MBBS seats and inviting applications from them indicating their preference of colleges as per seats made available to the State during the last year. On 18.06.2012 (Annexure–9 of the writ petition), a list was published in the web site of the Directorate of Higher and Technical Education indicating number of seats already received/yet to be received in the different colleges in the country from the Government of India and the regional institutions. In the said list, it was mentioned that GOI seats are shared with all Categories as per reservation policy of the State Government and the regional seats are reserved for Category–I. Thereafter, another list (Annexure–10 of the writ petition) was published showing allotment of PCB group seats as per the minutes of the meeting held on 02.07.2012 which shows that 34 MBBS seats were allotted to 34 Category–I candidates.",Annexure–8,Document,0.9123
81,"On 15.06.2012 (Annexure–8 of the writ petition), the respondent no. 2 issued a notice inviting candidates only from Category–I from serial no. 1 to 34 for allotment of MBBS seats and inviting applications from them indicating their preference of colleges as per seats made available to the State during the last year. On 18.06.2012 (Annexure–9 of the writ petition), a list was published in the web site of the Directorate of Higher and Technical Education indicating number of seats already received/yet to be received in the different colleges in the country from the Government of India and the regional institutions. In the said list, it was mentioned that GOI seats are shared with all Categories as per reservation policy of the State Government and the regional seats are reserved for Category–I. Thereafter, another list (Annexure–10 of the writ petition) was published showing allotment of PCB group seats as per the minutes of the meeting held on 02.07.2012 which shows that 34 MBBS seats were allotted to 34 Category–I candidates.",writ petition,Document,0.6756
81,"On 15.06.2012 (Annexure–8 of the writ petition), the respondent no. 2 issued a notice inviting candidates only from Category–I from serial no. 1 to 34 for allotment of MBBS seats and inviting applications from them indicating their preference of colleges as per seats made available to the State during the last year. On 18.06.2012 (Annexure–9 of the writ petition), a list was published in the web site of the Directorate of Higher and Technical Education indicating number of seats already received/yet to be received in the different colleges in the country from the Government of India and the regional institutions. In the said list, it was mentioned that GOI seats are shared with all Categories as per reservation policy of the State Government and the regional seats are reserved for Category–I. Thereafter, another list (Annexure–10 of the writ petition) was published showing allotment of PCB group seats as per the minutes of the meeting held on 02.07.2012 which shows that 34 MBBS seats were allotted to 34 Category–I candidates.",respondent no. 2,Person,0.9178
81,"On 15.06.2012 (Annexure–8 of the writ petition), the respondent no. 2 issued a notice inviting candidates only from Category–I from serial no. 1 to 34 for allotment of MBBS seats and inviting applications from them indicating their preference of colleges as per seats made available to the State during the last year. On 18.06.2012 (Annexure–9 of the writ petition), a list was published in the web site of the Directorate of Higher and Technical Education indicating number of seats already received/yet to be received in the different colleges in the country from the Government of India and the regional institutions. In the said list, it was mentioned that GOI seats are shared with all Categories as per reservation policy of the State Government and the regional seats are reserved for Category–I. Thereafter, another list (Annexure–10 of the writ petition) was published showing allotment of PCB group seats as per the minutes of the meeting held on 02.07.2012 which shows that 34 MBBS seats were allotted to 34 Category–I candidates.",18.06.2012,Date,0.845
81,"On 15.06.2012 (Annexure–8 of the writ petition), the respondent no. 2 issued a notice inviting candidates only from Category–I from serial no. 1 to 34 for allotment of MBBS seats and inviting applications from them indicating their preference of colleges as per seats made available to the State during the last year. On 18.06.2012 (Annexure–9 of the writ petition), a list was published in the web site of the Directorate of Higher and Technical Education indicating number of seats already received/yet to be received in the different colleges in the country from the Government of India and the regional institutions. In the said list, it was mentioned that GOI seats are shared with all Categories as per reservation policy of the State Government and the regional seats are reserved for Category–I. Thereafter, another list (Annexure–10 of the writ petition) was published showing allotment of PCB group seats as per the minutes of the meeting held on 02.07.2012 which shows that 34 MBBS seats were allotted to 34 Category–I candidates.",Annexure–9 of the writ petition,Document,0.9249
81,"On 15.06.2012 (Annexure–8 of the writ petition), the respondent no. 2 issued a notice inviting candidates only from Category–I from serial no. 1 to 34 for allotment of MBBS seats and inviting applications from them indicating their preference of colleges as per seats made available to the State during the last year. On 18.06.2012 (Annexure–9 of the writ petition), a list was published in the web site of the Directorate of Higher and Technical Education indicating number of seats already received/yet to be received in the different colleges in the country from the Government of India and the regional institutions. In the said list, it was mentioned that GOI seats are shared with all Categories as per reservation policy of the State Government and the regional seats are reserved for Category–I. Thereafter, another list (Annexure–10 of the writ petition) was published showing allotment of PCB group seats as per the minutes of the meeting held on 02.07.2012 which shows that 34 MBBS seats were allotted to 34 Category–I candidates.",Annexure–10 of the writ petition,Document,0.9254
81,"On 15.06.2012 (Annexure–8 of the writ petition), the respondent no. 2 issued a notice inviting candidates only from Category–I from serial no. 1 to 34 for allotment of MBBS seats and inviting applications from them indicating their preference of colleges as per seats made available to the State during the last year. On 18.06.2012 (Annexure–9 of the writ petition), a list was published in the web site of the Directorate of Higher and Technical Education indicating number of seats already received/yet to be received in the different colleges in the country from the Government of India and the regional institutions. In the said list, it was mentioned that GOI seats are shared with all Categories as per reservation policy of the State Government and the regional seats are reserved for Category–I. Thereafter, another list (Annexure–10 of the writ petition) was published showing allotment of PCB group seats as per the minutes of the meeting held on 02.07.2012 which shows that 34 MBBS seats were allotted to 34 Category–I candidates.",02.07.2012,Date,0.6549
82,"In this writ petition, the petitioner is challenging the legality of the order dated 28-6-2005 issued by the Zonal Manager (E)/Disciplinary Authority, FCI, Guwahati (respondent No. 3) imposing penalty for recovery of `42,767/- from the pay of the petitioner and the order dated 28.06.2005 issued by the Managing Director, FCI, New Delhi rejecting the appeal filed by him. The facts giving rise to the filing of this writ petition are that when the petitioner was functioning as Asstt. Manager (Cont.), FCI, R.O., Guwahati, the Food Corporation of India (for short 'Corporation') on 14-10-1996 floated NIT for appointment of regular Transport Contractor on point to point basis for 2 years from New Bongaigaon/Bongaigaon Railway siding to four godowns including one ASWC godown, Bongaigaon as the fourth godown. Altogether, 7 persons had submitted their tenders. According to the petitioner, after opening the tenders on 08.11.1996, the dealing assistant in the Contract Section, FCI, R.O., Guwahati made calculations of the rates quoted by different tenders and had shown that one Sri Hemandrajit Thakuria had quoted the lowest average rates for the said four godowns.",writ petition,Document,0.5218
82,"In this writ petition, the petitioner is challenging the legality of the order dated 28-6-2005 issued by the Zonal Manager (E)/Disciplinary Authority, FCI, Guwahati (respondent No. 3) imposing penalty for recovery of `42,767/- from the pay of the petitioner and the order dated 28.06.2005 issued by the Managing Director, FCI, New Delhi rejecting the appeal filed by him. The facts giving rise to the filing of this writ petition are that when the petitioner was functioning as Asstt. Manager (Cont.), FCI, R.O., Guwahati, the Food Corporation of India (for short 'Corporation') on 14-10-1996 floated NIT for appointment of regular Transport Contractor on point to point basis for 2 years from New Bongaigaon/Bongaigaon Railway siding to four godowns including one ASWC godown, Bongaigaon as the fourth godown. Altogether, 7 persons had submitted their tenders. According to the petitioner, after opening the tenders on 08.11.1996, the dealing assistant in the Contract Section, FCI, R.O., Guwahati made calculations of the rates quoted by different tenders and had shown that one Sri Hemandrajit Thakuria had quoted the lowest average rates for the said four godowns.",petitioner,Person,0.8951
82,"In this writ petition, the petitioner is challenging the legality of the order dated 28-6-2005 issued by the Zonal Manager (E)/Disciplinary Authority, FCI, Guwahati (respondent No. 3) imposing penalty for recovery of `42,767/- from the pay of the petitioner and the order dated 28.06.2005 issued by the Managing Director, FCI, New Delhi rejecting the appeal filed by him. The facts giving rise to the filing of this writ petition are that when the petitioner was functioning as Asstt. Manager (Cont.), FCI, R.O., Guwahati, the Food Corporation of India (for short 'Corporation') on 14-10-1996 floated NIT for appointment of regular Transport Contractor on point to point basis for 2 years from New Bongaigaon/Bongaigaon Railway siding to four godowns including one ASWC godown, Bongaigaon as the fourth godown. Altogether, 7 persons had submitted their tenders. According to the petitioner, after opening the tenders on 08.11.1996, the dealing assistant in the Contract Section, FCI, R.O., Guwahati made calculations of the rates quoted by different tenders and had shown that one Sri Hemandrajit Thakuria had quoted the lowest average rates for the said four godowns.",28-6-2005,Date,0.5315
82,"In this writ petition, the petitioner is challenging the legality of the order dated 28-6-2005 issued by the Zonal Manager (E)/Disciplinary Authority, FCI, Guwahati (respondent No. 3) imposing penalty for recovery of `42,767/- from the pay of the petitioner and the order dated 28.06.2005 issued by the Managing Director, FCI, New Delhi rejecting the appeal filed by him. The facts giving rise to the filing of this writ petition are that when the petitioner was functioning as Asstt. Manager (Cont.), FCI, R.O., Guwahati, the Food Corporation of India (for short 'Corporation') on 14-10-1996 floated NIT for appointment of regular Transport Contractor on point to point basis for 2 years from New Bongaigaon/Bongaigaon Railway siding to four godowns including one ASWC godown, Bongaigaon as the fourth godown. Altogether, 7 persons had submitted their tenders. According to the petitioner, after opening the tenders on 08.11.1996, the dealing assistant in the Contract Section, FCI, R.O., Guwahati made calculations of the rates quoted by different tenders and had shown that one Sri Hemandrajit Thakuria had quoted the lowest average rates for the said four godowns.",respondent No. 3,Person,0.8364
82,"In this writ petition, the petitioner is challenging the legality of the order dated 28-6-2005 issued by the Zonal Manager (E)/Disciplinary Authority, FCI, Guwahati (respondent No. 3) imposing penalty for recovery of `42,767/- from the pay of the petitioner and the order dated 28.06.2005 issued by the Managing Director, FCI, New Delhi rejecting the appeal filed by him. The facts giving rise to the filing of this writ petition are that when the petitioner was functioning as Asstt. Manager (Cont.), FCI, R.O., Guwahati, the Food Corporation of India (for short 'Corporation') on 14-10-1996 floated NIT for appointment of regular Transport Contractor on point to point basis for 2 years from New Bongaigaon/Bongaigaon Railway siding to four godowns including one ASWC godown, Bongaigaon as the fourth godown. Altogether, 7 persons had submitted their tenders. According to the petitioner, after opening the tenders on 08.11.1996, the dealing assistant in the Contract Section, FCI, R.O., Guwahati made calculations of the rates quoted by different tenders and had shown that one Sri Hemandrajit Thakuria had quoted the lowest average rates for the said four godowns.",petitioner,Person,0.9113
82,"In this writ petition, the petitioner is challenging the legality of the order dated 28-6-2005 issued by the Zonal Manager (E)/Disciplinary Authority, FCI, Guwahati (respondent No. 3) imposing penalty for recovery of `42,767/- from the pay of the petitioner and the order dated 28.06.2005 issued by the Managing Director, FCI, New Delhi rejecting the appeal filed by him. The facts giving rise to the filing of this writ petition are that when the petitioner was functioning as Asstt. Manager (Cont.), FCI, R.O., Guwahati, the Food Corporation of India (for short 'Corporation') on 14-10-1996 floated NIT for appointment of regular Transport Contractor on point to point basis for 2 years from New Bongaigaon/Bongaigaon Railway siding to four godowns including one ASWC godown, Bongaigaon as the fourth godown. Altogether, 7 persons had submitted their tenders. According to the petitioner, after opening the tenders on 08.11.1996, the dealing assistant in the Contract Section, FCI, R.O., Guwahati made calculations of the rates quoted by different tenders and had shown that one Sri Hemandrajit Thakuria had quoted the lowest average rates for the said four godowns.",writ petition,Document,0.6105
82,"In this writ petition, the petitioner is challenging the legality of the order dated 28-6-2005 issued by the Zonal Manager (E)/Disciplinary Authority, FCI, Guwahati (respondent No. 3) imposing penalty for recovery of `42,767/- from the pay of the petitioner and the order dated 28.06.2005 issued by the Managing Director, FCI, New Delhi rejecting the appeal filed by him. The facts giving rise to the filing of this writ petition are that when the petitioner was functioning as Asstt. Manager (Cont.), FCI, R.O., Guwahati, the Food Corporation of India (for short 'Corporation') on 14-10-1996 floated NIT for appointment of regular Transport Contractor on point to point basis for 2 years from New Bongaigaon/Bongaigaon Railway siding to four godowns including one ASWC godown, Bongaigaon as the fourth godown. Altogether, 7 persons had submitted their tenders. According to the petitioner, after opening the tenders on 08.11.1996, the dealing assistant in the Contract Section, FCI, R.O., Guwahati made calculations of the rates quoted by different tenders and had shown that one Sri Hemandrajit Thakuria had quoted the lowest average rates for the said four godowns.",petitioner,Person,0.9013
82,"In this writ petition, the petitioner is challenging the legality of the order dated 28-6-2005 issued by the Zonal Manager (E)/Disciplinary Authority, FCI, Guwahati (respondent No. 3) imposing penalty for recovery of `42,767/- from the pay of the petitioner and the order dated 28.06.2005 issued by the Managing Director, FCI, New Delhi rejecting the appeal filed by him. The facts giving rise to the filing of this writ petition are that when the petitioner was functioning as Asstt. Manager (Cont.), FCI, R.O., Guwahati, the Food Corporation of India (for short 'Corporation') on 14-10-1996 floated NIT for appointment of regular Transport Contractor on point to point basis for 2 years from New Bongaigaon/Bongaigaon Railway siding to four godowns including one ASWC godown, Bongaigaon as the fourth godown. Altogether, 7 persons had submitted their tenders. According to the petitioner, after opening the tenders on 08.11.1996, the dealing assistant in the Contract Section, FCI, R.O., Guwahati made calculations of the rates quoted by different tenders and had shown that one Sri Hemandrajit Thakuria had quoted the lowest average rates for the said four godowns.",14-10-1996,Date,0.6721
82,"In this writ petition, the petitioner is challenging the legality of the order dated 28-6-2005 issued by the Zonal Manager (E)/Disciplinary Authority, FCI, Guwahati (respondent No. 3) imposing penalty for recovery of `42,767/- from the pay of the petitioner and the order dated 28.06.2005 issued by the Managing Director, FCI, New Delhi rejecting the appeal filed by him. The facts giving rise to the filing of this writ petition are that when the petitioner was functioning as Asstt. Manager (Cont.), FCI, R.O., Guwahati, the Food Corporation of India (for short 'Corporation') on 14-10-1996 floated NIT for appointment of regular Transport Contractor on point to point basis for 2 years from New Bongaigaon/Bongaigaon Railway siding to four godowns including one ASWC godown, Bongaigaon as the fourth godown. Altogether, 7 persons had submitted their tenders. According to the petitioner, after opening the tenders on 08.11.1996, the dealing assistant in the Contract Section, FCI, R.O., Guwahati made calculations of the rates quoted by different tenders and had shown that one Sri Hemandrajit Thakuria had quoted the lowest average rates for the said four godowns.",tenders,Document,0.5481
82,"In this writ petition, the petitioner is challenging the legality of the order dated 28-6-2005 issued by the Zonal Manager (E)/Disciplinary Authority, FCI, Guwahati (respondent No. 3) imposing penalty for recovery of `42,767/- from the pay of the petitioner and the order dated 28.06.2005 issued by the Managing Director, FCI, New Delhi rejecting the appeal filed by him. The facts giving rise to the filing of this writ petition are that when the petitioner was functioning as Asstt. Manager (Cont.), FCI, R.O., Guwahati, the Food Corporation of India (for short 'Corporation') on 14-10-1996 floated NIT for appointment of regular Transport Contractor on point to point basis for 2 years from New Bongaigaon/Bongaigaon Railway siding to four godowns including one ASWC godown, Bongaigaon as the fourth godown. Altogether, 7 persons had submitted their tenders. According to the petitioner, after opening the tenders on 08.11.1996, the dealing assistant in the Contract Section, FCI, R.O., Guwahati made calculations of the rates quoted by different tenders and had shown that one Sri Hemandrajit Thakuria had quoted the lowest average rates for the said four godowns.",petitioner,Person,0.9085
82,"In this writ petition, the petitioner is challenging the legality of the order dated 28-6-2005 issued by the Zonal Manager (E)/Disciplinary Authority, FCI, Guwahati (respondent No. 3) imposing penalty for recovery of `42,767/- from the pay of the petitioner and the order dated 28.06.2005 issued by the Managing Director, FCI, New Delhi rejecting the appeal filed by him. The facts giving rise to the filing of this writ petition are that when the petitioner was functioning as Asstt. Manager (Cont.), FCI, R.O., Guwahati, the Food Corporation of India (for short 'Corporation') on 14-10-1996 floated NIT for appointment of regular Transport Contractor on point to point basis for 2 years from New Bongaigaon/Bongaigaon Railway siding to four godowns including one ASWC godown, Bongaigaon as the fourth godown. Altogether, 7 persons had submitted their tenders. According to the petitioner, after opening the tenders on 08.11.1996, the dealing assistant in the Contract Section, FCI, R.O., Guwahati made calculations of the rates quoted by different tenders and had shown that one Sri Hemandrajit Thakuria had quoted the lowest average rates for the said four godowns.",tenders,Document,0.5909
82,"In this writ petition, the petitioner is challenging the legality of the order dated 28-6-2005 issued by the Zonal Manager (E)/Disciplinary Authority, FCI, Guwahati (respondent No. 3) imposing penalty for recovery of `42,767/- from the pay of the petitioner and the order dated 28.06.2005 issued by the Managing Director, FCI, New Delhi rejecting the appeal filed by him. The facts giving rise to the filing of this writ petition are that when the petitioner was functioning as Asstt. Manager (Cont.), FCI, R.O., Guwahati, the Food Corporation of India (for short 'Corporation') on 14-10-1996 floated NIT for appointment of regular Transport Contractor on point to point basis for 2 years from New Bongaigaon/Bongaigaon Railway siding to four godowns including one ASWC godown, Bongaigaon as the fourth godown. Altogether, 7 persons had submitted their tenders. According to the petitioner, after opening the tenders on 08.11.1996, the dealing assistant in the Contract Section, FCI, R.O., Guwahati made calculations of the rates quoted by different tenders and had shown that one Sri Hemandrajit Thakuria had quoted the lowest average rates for the said four godowns.",08.11.1996,Date,0.6769
82,"In this writ petition, the petitioner is challenging the legality of the order dated 28-6-2005 issued by the Zonal Manager (E)/Disciplinary Authority, FCI, Guwahati (respondent No. 3) imposing penalty for recovery of `42,767/- from the pay of the petitioner and the order dated 28.06.2005 issued by the Managing Director, FCI, New Delhi rejecting the appeal filed by him. The facts giving rise to the filing of this writ petition are that when the petitioner was functioning as Asstt. Manager (Cont.), FCI, R.O., Guwahati, the Food Corporation of India (for short 'Corporation') on 14-10-1996 floated NIT for appointment of regular Transport Contractor on point to point basis for 2 years from New Bongaigaon/Bongaigaon Railway siding to four godowns including one ASWC godown, Bongaigaon as the fourth godown. Altogether, 7 persons had submitted their tenders. According to the petitioner, after opening the tenders on 08.11.1996, the dealing assistant in the Contract Section, FCI, R.O., Guwahati made calculations of the rates quoted by different tenders and had shown that one Sri Hemandrajit Thakuria had quoted the lowest average rates for the said four godowns.",tenders,Document,0.5946
82,"In this writ petition, the petitioner is challenging the legality of the order dated 28-6-2005 issued by the Zonal Manager (E)/Disciplinary Authority, FCI, Guwahati (respondent No. 3) imposing penalty for recovery of `42,767/- from the pay of the petitioner and the order dated 28.06.2005 issued by the Managing Director, FCI, New Delhi rejecting the appeal filed by him. The facts giving rise to the filing of this writ petition are that when the petitioner was functioning as Asstt. Manager (Cont.), FCI, R.O., Guwahati, the Food Corporation of India (for short 'Corporation') on 14-10-1996 floated NIT for appointment of regular Transport Contractor on point to point basis for 2 years from New Bongaigaon/Bongaigaon Railway siding to four godowns including one ASWC godown, Bongaigaon as the fourth godown. Altogether, 7 persons had submitted their tenders. According to the petitioner, after opening the tenders on 08.11.1996, the dealing assistant in the Contract Section, FCI, R.O., Guwahati made calculations of the rates quoted by different tenders and had shown that one Sri Hemandrajit Thakuria had quoted the lowest average rates for the said four godowns.",Sri Hemandrajit Thakuria,Person,0.671
83,"In this writ petition, the petitioner is aggrieved by the refusal of the State-respondents to consider her appointment as a Subject Teacher in Assamese at Dakshinpat H.S. School, Nagaon or at nearby school against 3% quota reserved for physically handicapped persons. According to the petitioner, she is an M.A. in Assamese and passed her final examination from Gauhati University in 2003 in II Class. She has additional Diploma certificate in Computer. She is also a physically handicapped person (Orthopadically handicapped) to the extent of 50% disability and claims that she is entitled to appointment to the post of Subject Teacher in Assamese at Dakshinpat Higher Secondary School. The Director of Secondary Education, Assam issued the advertisement dated 3.6.2007, which published in the daily 'Assam Tribune' inviting applications from the candidates against the existing post of 158 numbers of Subject Teacher in the provincialised Higher Secondary Schools, Assam. In that advertisement, a subject wise list was also published, wherein one post of Subject Teacher in Assamese at Dakshinpat Higher Secondary School was shown to be vacant.",petitioner,Person,0.7103
83,"In this writ petition, the petitioner is aggrieved by the refusal of the State-respondents to consider her appointment as a Subject Teacher in Assamese at Dakshinpat H.S. School, Nagaon or at nearby school against 3% quota reserved for physically handicapped persons. According to the petitioner, she is an M.A. in Assamese and passed her final examination from Gauhati University in 2003 in II Class. She has additional Diploma certificate in Computer. She is also a physically handicapped person (Orthopadically handicapped) to the extent of 50% disability and claims that she is entitled to appointment to the post of Subject Teacher in Assamese at Dakshinpat Higher Secondary School. The Director of Secondary Education, Assam issued the advertisement dated 3.6.2007, which published in the daily 'Assam Tribune' inviting applications from the candidates against the existing post of 158 numbers of Subject Teacher in the provincialised Higher Secondary Schools, Assam. In that advertisement, a subject wise list was also published, wherein one post of Subject Teacher in Assamese at Dakshinpat Higher Secondary School was shown to be vacant.",the petitioner,Person,0.6474
83,"In this writ petition, the petitioner is aggrieved by the refusal of the State-respondents to consider her appointment as a Subject Teacher in Assamese at Dakshinpat H.S. School, Nagaon or at nearby school against 3% quota reserved for physically handicapped persons. According to the petitioner, she is an M.A. in Assamese and passed her final examination from Gauhati University in 2003 in II Class. She has additional Diploma certificate in Computer. She is also a physically handicapped person (Orthopadically handicapped) to the extent of 50% disability and claims that she is entitled to appointment to the post of Subject Teacher in Assamese at Dakshinpat Higher Secondary School. The Director of Secondary Education, Assam issued the advertisement dated 3.6.2007, which published in the daily 'Assam Tribune' inviting applications from the candidates against the existing post of 158 numbers of Subject Teacher in the provincialised Higher Secondary Schools, Assam. In that advertisement, a subject wise list was also published, wherein one post of Subject Teacher in Assamese at Dakshinpat Higher Secondary School was shown to be vacant.",she,Person,0.5404
83,"In this writ petition, the petitioner is aggrieved by the refusal of the State-respondents to consider her appointment as a Subject Teacher in Assamese at Dakshinpat H.S. School, Nagaon or at nearby school against 3% quota reserved for physically handicapped persons. According to the petitioner, she is an M.A. in Assamese and passed her final examination from Gauhati University in 2003 in II Class. She has additional Diploma certificate in Computer. She is also a physically handicapped person (Orthopadically handicapped) to the extent of 50% disability and claims that she is entitled to appointment to the post of Subject Teacher in Assamese at Dakshinpat Higher Secondary School. The Director of Secondary Education, Assam issued the advertisement dated 3.6.2007, which published in the daily 'Assam Tribune' inviting applications from the candidates against the existing post of 158 numbers of Subject Teacher in the provincialised Higher Secondary Schools, Assam. In that advertisement, a subject wise list was also published, wherein one post of Subject Teacher in Assamese at Dakshinpat Higher Secondary School was shown to be vacant.",2003,Date,0.6394
83,"In this writ petition, the petitioner is aggrieved by the refusal of the State-respondents to consider her appointment as a Subject Teacher in Assamese at Dakshinpat H.S. School, Nagaon or at nearby school against 3% quota reserved for physically handicapped persons. According to the petitioner, she is an M.A. in Assamese and passed her final examination from Gauhati University in 2003 in II Class. She has additional Diploma certificate in Computer. She is also a physically handicapped person (Orthopadically handicapped) to the extent of 50% disability and claims that she is entitled to appointment to the post of Subject Teacher in Assamese at Dakshinpat Higher Secondary School. The Director of Secondary Education, Assam issued the advertisement dated 3.6.2007, which published in the daily 'Assam Tribune' inviting applications from the candidates against the existing post of 158 numbers of Subject Teacher in the provincialised Higher Secondary Schools, Assam. In that advertisement, a subject wise list was also published, wherein one post of Subject Teacher in Assamese at Dakshinpat Higher Secondary School was shown to be vacant.",she,Person,0.5278
83,"In this writ petition, the petitioner is aggrieved by the refusal of the State-respondents to consider her appointment as a Subject Teacher in Assamese at Dakshinpat H.S. School, Nagaon or at nearby school against 3% quota reserved for physically handicapped persons. According to the petitioner, she is an M.A. in Assamese and passed her final examination from Gauhati University in 2003 in II Class. She has additional Diploma certificate in Computer. She is also a physically handicapped person (Orthopadically handicapped) to the extent of 50% disability and claims that she is entitled to appointment to the post of Subject Teacher in Assamese at Dakshinpat Higher Secondary School. The Director of Secondary Education, Assam issued the advertisement dated 3.6.2007, which published in the daily 'Assam Tribune' inviting applications from the candidates against the existing post of 158 numbers of Subject Teacher in the provincialised Higher Secondary Schools, Assam. In that advertisement, a subject wise list was also published, wherein one post of Subject Teacher in Assamese at Dakshinpat Higher Secondary School was shown to be vacant.",advertisement,Document,0.8005
83,"In this writ petition, the petitioner is aggrieved by the refusal of the State-respondents to consider her appointment as a Subject Teacher in Assamese at Dakshinpat H.S. School, Nagaon or at nearby school against 3% quota reserved for physically handicapped persons. According to the petitioner, she is an M.A. in Assamese and passed her final examination from Gauhati University in 2003 in II Class. She has additional Diploma certificate in Computer. She is also a physically handicapped person (Orthopadically handicapped) to the extent of 50% disability and claims that she is entitled to appointment to the post of Subject Teacher in Assamese at Dakshinpat Higher Secondary School. The Director of Secondary Education, Assam issued the advertisement dated 3.6.2007, which published in the daily 'Assam Tribune' inviting applications from the candidates against the existing post of 158 numbers of Subject Teacher in the provincialised Higher Secondary Schools, Assam. In that advertisement, a subject wise list was also published, wherein one post of Subject Teacher in Assamese at Dakshinpat Higher Secondary School was shown to be vacant.",3.6.2007,Date,0.7043
83,"In this writ petition, the petitioner is aggrieved by the refusal of the State-respondents to consider her appointment as a Subject Teacher in Assamese at Dakshinpat H.S. School, Nagaon or at nearby school against 3% quota reserved for physically handicapped persons. According to the petitioner, she is an M.A. in Assamese and passed her final examination from Gauhati University in 2003 in II Class. She has additional Diploma certificate in Computer. She is also a physically handicapped person (Orthopadically handicapped) to the extent of 50% disability and claims that she is entitled to appointment to the post of Subject Teacher in Assamese at Dakshinpat Higher Secondary School. The Director of Secondary Education, Assam issued the advertisement dated 3.6.2007, which published in the daily 'Assam Tribune' inviting applications from the candidates against the existing post of 158 numbers of Subject Teacher in the provincialised Higher Secondary Schools, Assam. In that advertisement, a subject wise list was also published, wherein one post of Subject Teacher in Assamese at Dakshinpat Higher Secondary School was shown to be vacant.",advertisement,Document,0.831
83,"In this writ petition, the petitioner is aggrieved by the refusal of the State-respondents to consider her appointment as a Subject Teacher in Assamese at Dakshinpat H.S. School, Nagaon or at nearby school against 3% quota reserved for physically handicapped persons. According to the petitioner, she is an M.A. in Assamese and passed her final examination from Gauhati University in 2003 in II Class. She has additional Diploma certificate in Computer. She is also a physically handicapped person (Orthopadically handicapped) to the extent of 50% disability and claims that she is entitled to appointment to the post of Subject Teacher in Assamese at Dakshinpat Higher Secondary School. The Director of Secondary Education, Assam issued the advertisement dated 3.6.2007, which published in the daily 'Assam Tribune' inviting applications from the candidates against the existing post of 158 numbers of Subject Teacher in the provincialised Higher Secondary Schools, Assam. In that advertisement, a subject wise list was also published, wherein one post of Subject Teacher in Assamese at Dakshinpat Higher Secondary School was shown to be vacant.",subject wise list,Document,0.6401
84,"It is against this order, the assessee had felt aggrieved and filed this writ petition under Article 226/227 of the Constitution of India. Heard Mr. GK Joshi, learned senior counsel for the petitioner and the learned Standing Counsel for the Income Tax Department. Learned senior counsel for the petitioner, placing reliance on the law laid down in 122 ITR 610 (Guj), 132 ITR 619 (All), 150 ITR 105 (Ker), 211 ITR 925 (Guj), 251 ITR 873 (Guj), 262 ITR 638 (Cal), 262 ITR 633 (Cal), 77 ITR 6 (SC), 210 ITR 799 (Guj), 276 ITR 165 (Guj), 339 ITR 310 (Guj), 258 ITR 401 (Del), 267 ITR 289 (Ker), 349 ITR 404 (Bom), contended that the Commissioner erred in rejecting the petitioner’s revision as not maintainable. It was his submission that applying the principle laid down in the decisions cited at the bar, the revision filed by the petitioner under section 264 should have been held maintainable and, therefore, it should have been entertained for deciding the same on its merits. In reply, learned counsel for the respondent (revenue) supported the impugned order and prayed for its upholding. Having heard the learned counsel for the parties and upon perusal of the record of the case, we find force in the submissions of learned counsel for the petitioner and hence, are inclined to allow the writ petition, in part, as indicated infra.",Mr. GK Joshi,Person,0.6138
84,"It is against this order, the assessee had felt aggrieved and filed this writ petition under Article 226/227 of the Constitution of India. Heard Mr. GK Joshi, learned senior counsel for the petitioner and the learned Standing Counsel for the Income Tax Department. Learned senior counsel for the petitioner, placing reliance on the law laid down in 122 ITR 610 (Guj), 132 ITR 619 (All), 150 ITR 105 (Ker), 211 ITR 925 (Guj), 251 ITR 873 (Guj), 262 ITR 638 (Cal), 262 ITR 633 (Cal), 77 ITR 6 (SC), 210 ITR 799 (Guj), 276 ITR 165 (Guj), 339 ITR 310 (Guj), 258 ITR 401 (Del), 267 ITR 289 (Ker), 349 ITR 404 (Bom), contended that the Commissioner erred in rejecting the petitioner’s revision as not maintainable. It was his submission that applying the principle laid down in the decisions cited at the bar, the revision filed by the petitioner under section 264 should have been held maintainable and, therefore, it should have been entertained for deciding the same on its merits. In reply, learned counsel for the respondent (revenue) supported the impugned order and prayed for its upholding. Having heard the learned counsel for the parties and upon perusal of the record of the case, we find force in the submissions of learned counsel for the petitioner and hence, are inclined to allow the writ petition, in part, as indicated infra.",Learned senior counsel for the petitioner,Person,0.6131
84,"It is against this order, the assessee had felt aggrieved and filed this writ petition under Article 226/227 of the Constitution of India. Heard Mr. GK Joshi, learned senior counsel for the petitioner and the learned Standing Counsel for the Income Tax Department. Learned senior counsel for the petitioner, placing reliance on the law laid down in 122 ITR 610 (Guj), 132 ITR 619 (All), 150 ITR 105 (Ker), 211 ITR 925 (Guj), 251 ITR 873 (Guj), 262 ITR 638 (Cal), 262 ITR 633 (Cal), 77 ITR 6 (SC), 210 ITR 799 (Guj), 276 ITR 165 (Guj), 339 ITR 310 (Guj), 258 ITR 401 (Del), 267 ITR 289 (Ker), 349 ITR 404 (Bom), contended that the Commissioner erred in rejecting the petitioner’s revision as not maintainable. It was his submission that applying the principle laid down in the decisions cited at the bar, the revision filed by the petitioner under section 264 should have been held maintainable and, therefore, it should have been entertained for deciding the same on its merits. In reply, learned counsel for the respondent (revenue) supported the impugned order and prayed for its upholding. Having heard the learned counsel for the parties and upon perusal of the record of the case, we find force in the submissions of learned counsel for the petitioner and hence, are inclined to allow the writ petition, in part, as indicated infra.",Commissioner,Person,0.6173
84,"It is against this order, the assessee had felt aggrieved and filed this writ petition under Article 226/227 of the Constitution of India. Heard Mr. GK Joshi, learned senior counsel for the petitioner and the learned Standing Counsel for the Income Tax Department. Learned senior counsel for the petitioner, placing reliance on the law laid down in 122 ITR 610 (Guj), 132 ITR 619 (All), 150 ITR 105 (Ker), 211 ITR 925 (Guj), 251 ITR 873 (Guj), 262 ITR 638 (Cal), 262 ITR 633 (Cal), 77 ITR 6 (SC), 210 ITR 799 (Guj), 276 ITR 165 (Guj), 339 ITR 310 (Guj), 258 ITR 401 (Del), 267 ITR 289 (Ker), 349 ITR 404 (Bom), contended that the Commissioner erred in rejecting the petitioner’s revision as not maintainable. It was his submission that applying the principle laid down in the decisions cited at the bar, the revision filed by the petitioner under section 264 should have been held maintainable and, therefore, it should have been entertained for deciding the same on its merits. In reply, learned counsel for the respondent (revenue) supported the impugned order and prayed for its upholding. Having heard the learned counsel for the parties and upon perusal of the record of the case, we find force in the submissions of learned counsel for the petitioner and hence, are inclined to allow the writ petition, in part, as indicated infra.",section 264,Section,0.8201
85,"Mr. A. Alom, learned counsel appearing for the petitioner, assailing impugned action of the respondent No.7, submits that the respondent No.7 in denying the salary of the petitioner has acted arbitrarily and without authority of law. Even if the petitioner could be charged with unauthorized absence from office, argued the learned counsel, no penalty of the like nature imposed herein can be lawfully imposed upon the petitioner without holding an enquiry. Learned counsel for the petitioner therefore, submits that the impugned action of the respondent No.7 has no legs to stand upon and is liable to be interfered with by this Court. Mr. Nur Mohammad learned Government Advocate appearing for the respondents, however, supports the impugned action and submits that no interference is called for.",Mr. A. Alom,Person,0.7672
85,"Mr. A. Alom, learned counsel appearing for the petitioner, assailing impugned action of the respondent No.7, submits that the respondent No.7 in denying the salary of the petitioner has acted arbitrarily and without authority of law. Even if the petitioner could be charged with unauthorized absence from office, argued the learned counsel, no penalty of the like nature imposed herein can be lawfully imposed upon the petitioner without holding an enquiry. Learned counsel for the petitioner therefore, submits that the impugned action of the respondent No.7 has no legs to stand upon and is liable to be interfered with by this Court. Mr. Nur Mohammad learned Government Advocate appearing for the respondents, however, supports the impugned action and submits that no interference is called for.",petitioner,Person,0.9682
85,"Mr. A. Alom, learned counsel appearing for the petitioner, assailing impugned action of the respondent No.7, submits that the respondent No.7 in denying the salary of the petitioner has acted arbitrarily and without authority of law. Even if the petitioner could be charged with unauthorized absence from office, argued the learned counsel, no penalty of the like nature imposed herein can be lawfully imposed upon the petitioner without holding an enquiry. Learned counsel for the petitioner therefore, submits that the impugned action of the respondent No.7 has no legs to stand upon and is liable to be interfered with by this Court. Mr. Nur Mohammad learned Government Advocate appearing for the respondents, however, supports the impugned action and submits that no interference is called for.",respondent No.7,Person,0.912
85,"Mr. A. Alom, learned counsel appearing for the petitioner, assailing impugned action of the respondent No.7, submits that the respondent No.7 in denying the salary of the petitioner has acted arbitrarily and without authority of law. Even if the petitioner could be charged with unauthorized absence from office, argued the learned counsel, no penalty of the like nature imposed herein can be lawfully imposed upon the petitioner without holding an enquiry. Learned counsel for the petitioner therefore, submits that the impugned action of the respondent No.7 has no legs to stand upon and is liable to be interfered with by this Court. Mr. Nur Mohammad learned Government Advocate appearing for the respondents, however, supports the impugned action and submits that no interference is called for.",respondent No.7,Person,0.9571
85,"Mr. A. Alom, learned counsel appearing for the petitioner, assailing impugned action of the respondent No.7, submits that the respondent No.7 in denying the salary of the petitioner has acted arbitrarily and without authority of law. Even if the petitioner could be charged with unauthorized absence from office, argued the learned counsel, no penalty of the like nature imposed herein can be lawfully imposed upon the petitioner without holding an enquiry. Learned counsel for the petitioner therefore, submits that the impugned action of the respondent No.7 has no legs to stand upon and is liable to be interfered with by this Court. Mr. Nur Mohammad learned Government Advocate appearing for the respondents, however, supports the impugned action and submits that no interference is called for.",petitioner,Person,0.9715
85,"Mr. A. Alom, learned counsel appearing for the petitioner, assailing impugned action of the respondent No.7, submits that the respondent No.7 in denying the salary of the petitioner has acted arbitrarily and without authority of law. Even if the petitioner could be charged with unauthorized absence from office, argued the learned counsel, no penalty of the like nature imposed herein can be lawfully imposed upon the petitioner without holding an enquiry. Learned counsel for the petitioner therefore, submits that the impugned action of the respondent No.7 has no legs to stand upon and is liable to be interfered with by this Court. Mr. Nur Mohammad learned Government Advocate appearing for the respondents, however, supports the impugned action and submits that no interference is called for.",petitioner,Person,0.9747
85,"Mr. A. Alom, learned counsel appearing for the petitioner, assailing impugned action of the respondent No.7, submits that the respondent No.7 in denying the salary of the petitioner has acted arbitrarily and without authority of law. Even if the petitioner could be charged with unauthorized absence from office, argued the learned counsel, no penalty of the like nature imposed herein can be lawfully imposed upon the petitioner without holding an enquiry. Learned counsel for the petitioner therefore, submits that the impugned action of the respondent No.7 has no legs to stand upon and is liable to be interfered with by this Court. Mr. Nur Mohammad learned Government Advocate appearing for the respondents, however, supports the impugned action and submits that no interference is called for.",petitioner,Person,0.9771
85,"Mr. A. Alom, learned counsel appearing for the petitioner, assailing impugned action of the respondent No.7, submits that the respondent No.7 in denying the salary of the petitioner has acted arbitrarily and without authority of law. Even if the petitioner could be charged with unauthorized absence from office, argued the learned counsel, no penalty of the like nature imposed herein can be lawfully imposed upon the petitioner without holding an enquiry. Learned counsel for the petitioner therefore, submits that the impugned action of the respondent No.7 has no legs to stand upon and is liable to be interfered with by this Court. Mr. Nur Mohammad learned Government Advocate appearing for the respondents, however, supports the impugned action and submits that no interference is called for.",petitioner,Person,0.9596
85,"Mr. A. Alom, learned counsel appearing for the petitioner, assailing impugned action of the respondent No.7, submits that the respondent No.7 in denying the salary of the petitioner has acted arbitrarily and without authority of law. Even if the petitioner could be charged with unauthorized absence from office, argued the learned counsel, no penalty of the like nature imposed herein can be lawfully imposed upon the petitioner without holding an enquiry. Learned counsel for the petitioner therefore, submits that the impugned action of the respondent No.7 has no legs to stand upon and is liable to be interfered with by this Court. Mr. Nur Mohammad learned Government Advocate appearing for the respondents, however, supports the impugned action and submits that no interference is called for.",respondent No.7,Person,0.9492
85,"Mr. A. Alom, learned counsel appearing for the petitioner, assailing impugned action of the respondent No.7, submits that the respondent No.7 in denying the salary of the petitioner has acted arbitrarily and without authority of law. Even if the petitioner could be charged with unauthorized absence from office, argued the learned counsel, no penalty of the like nature imposed herein can be lawfully imposed upon the petitioner without holding an enquiry. Learned counsel for the petitioner therefore, submits that the impugned action of the respondent No.7 has no legs to stand upon and is liable to be interfered with by this Court. Mr. Nur Mohammad learned Government Advocate appearing for the respondents, however, supports the impugned action and submits that no interference is called for.",Mr. Nur Mohammad,Person,0.6256
86,"Heard Mr. S.K. Goswami, learned Counsel for the petitioners and Dr. B. Ahmed, learned Standing Counsel, Irrigation Department. Also heard Mr. J. Chutia, learned Counsel appearing for the respondent Nos.4, 5 and 6. By way of this petition under article 226 of the Constitution of India, petitioners seek quashing of promotion of respondent Nos. 4, 5 and 6 to the post of Assistant Executive Engineer (Mechanical) in the Irrigation Department, Government of Assam as well as the inter-se-seniority position of the petitioners vis-à-vis the respondent Nos. 4, 5 and 6. Further prayer made is to restore the seniority position of the petitioners above respondent Nos. 4, 5 and 6.",Mr. S.K. Goswami,Person,0.8925
86,"Heard Mr. S.K. Goswami, learned Counsel for the petitioners and Dr. B. Ahmed, learned Standing Counsel, Irrigation Department. Also heard Mr. J. Chutia, learned Counsel appearing for the respondent Nos.4, 5 and 6. By way of this petition under article 226 of the Constitution of India, petitioners seek quashing of promotion of respondent Nos. 4, 5 and 6 to the post of Assistant Executive Engineer (Mechanical) in the Irrigation Department, Government of Assam as well as the inter-se-seniority position of the petitioners vis-à-vis the respondent Nos. 4, 5 and 6. Further prayer made is to restore the seniority position of the petitioners above respondent Nos. 4, 5 and 6.",petitioners,Person,0.9213
86,"Heard Mr. S.K. Goswami, learned Counsel for the petitioners and Dr. B. Ahmed, learned Standing Counsel, Irrigation Department. Also heard Mr. J. Chutia, learned Counsel appearing for the respondent Nos.4, 5 and 6. By way of this petition under article 226 of the Constitution of India, petitioners seek quashing of promotion of respondent Nos. 4, 5 and 6 to the post of Assistant Executive Engineer (Mechanical) in the Irrigation Department, Government of Assam as well as the inter-se-seniority position of the petitioners vis-à-vis the respondent Nos. 4, 5 and 6. Further prayer made is to restore the seniority position of the petitioners above respondent Nos. 4, 5 and 6.",Dr. B. Ahmed,Person,0.9297
86,"Heard Mr. S.K. Goswami, learned Counsel for the petitioners and Dr. B. Ahmed, learned Standing Counsel, Irrigation Department. Also heard Mr. J. Chutia, learned Counsel appearing for the respondent Nos.4, 5 and 6. By way of this petition under article 226 of the Constitution of India, petitioners seek quashing of promotion of respondent Nos. 4, 5 and 6 to the post of Assistant Executive Engineer (Mechanical) in the Irrigation Department, Government of Assam as well as the inter-se-seniority position of the petitioners vis-à-vis the respondent Nos. 4, 5 and 6. Further prayer made is to restore the seniority position of the petitioners above respondent Nos. 4, 5 and 6.",Mr. J. Chutia,Person,0.8203
86,"Heard Mr. S.K. Goswami, learned Counsel for the petitioners and Dr. B. Ahmed, learned Standing Counsel, Irrigation Department. Also heard Mr. J. Chutia, learned Counsel appearing for the respondent Nos.4, 5 and 6. By way of this petition under article 226 of the Constitution of India, petitioners seek quashing of promotion of respondent Nos. 4, 5 and 6 to the post of Assistant Executive Engineer (Mechanical) in the Irrigation Department, Government of Assam as well as the inter-se-seniority position of the petitioners vis-à-vis the respondent Nos. 4, 5 and 6. Further prayer made is to restore the seniority position of the petitioners above respondent Nos. 4, 5 and 6.","respondent Nos.4, 5 and 6",Person,0.5039
86,"Heard Mr. S.K. Goswami, learned Counsel for the petitioners and Dr. B. Ahmed, learned Standing Counsel, Irrigation Department. Also heard Mr. J. Chutia, learned Counsel appearing for the respondent Nos.4, 5 and 6. By way of this petition under article 226 of the Constitution of India, petitioners seek quashing of promotion of respondent Nos. 4, 5 and 6 to the post of Assistant Executive Engineer (Mechanical) in the Irrigation Department, Government of Assam as well as the inter-se-seniority position of the petitioners vis-à-vis the respondent Nos. 4, 5 and 6. Further prayer made is to restore the seniority position of the petitioners above respondent Nos. 4, 5 and 6.",article 226,Law,0.6259
86,"Heard Mr. S.K. Goswami, learned Counsel for the petitioners and Dr. B. Ahmed, learned Standing Counsel, Irrigation Department. Also heard Mr. J. Chutia, learned Counsel appearing for the respondent Nos.4, 5 and 6. By way of this petition under article 226 of the Constitution of India, petitioners seek quashing of promotion of respondent Nos. 4, 5 and 6 to the post of Assistant Executive Engineer (Mechanical) in the Irrigation Department, Government of Assam as well as the inter-se-seniority position of the petitioners vis-à-vis the respondent Nos. 4, 5 and 6. Further prayer made is to restore the seniority position of the petitioners above respondent Nos. 4, 5 and 6.",Constitution of India,Law,0.7794
86,"Heard Mr. S.K. Goswami, learned Counsel for the petitioners and Dr. B. Ahmed, learned Standing Counsel, Irrigation Department. Also heard Mr. J. Chutia, learned Counsel appearing for the respondent Nos.4, 5 and 6. By way of this petition under article 226 of the Constitution of India, petitioners seek quashing of promotion of respondent Nos. 4, 5 and 6 to the post of Assistant Executive Engineer (Mechanical) in the Irrigation Department, Government of Assam as well as the inter-se-seniority position of the petitioners vis-à-vis the respondent Nos. 4, 5 and 6. Further prayer made is to restore the seniority position of the petitioners above respondent Nos. 4, 5 and 6.",petitioners,Person,0.9254
86,"Heard Mr. S.K. Goswami, learned Counsel for the petitioners and Dr. B. Ahmed, learned Standing Counsel, Irrigation Department. Also heard Mr. J. Chutia, learned Counsel appearing for the respondent Nos.4, 5 and 6. By way of this petition under article 226 of the Constitution of India, petitioners seek quashing of promotion of respondent Nos. 4, 5 and 6 to the post of Assistant Executive Engineer (Mechanical) in the Irrigation Department, Government of Assam as well as the inter-se-seniority position of the petitioners vis-à-vis the respondent Nos. 4, 5 and 6. Further prayer made is to restore the seniority position of the petitioners above respondent Nos. 4, 5 and 6.",Assistant Executive Engineer (Mechanical),Person,0.7355
86,"Heard Mr. S.K. Goswami, learned Counsel for the petitioners and Dr. B. Ahmed, learned Standing Counsel, Irrigation Department. Also heard Mr. J. Chutia, learned Counsel appearing for the respondent Nos.4, 5 and 6. By way of this petition under article 226 of the Constitution of India, petitioners seek quashing of promotion of respondent Nos. 4, 5 and 6 to the post of Assistant Executive Engineer (Mechanical) in the Irrigation Department, Government of Assam as well as the inter-se-seniority position of the petitioners vis-à-vis the respondent Nos. 4, 5 and 6. Further prayer made is to restore the seniority position of the petitioners above respondent Nos. 4, 5 and 6.",petitioners,Person,0.9375
86,"Heard Mr. S.K. Goswami, learned Counsel for the petitioners and Dr. B. Ahmed, learned Standing Counsel, Irrigation Department. Also heard Mr. J. Chutia, learned Counsel appearing for the respondent Nos.4, 5 and 6. By way of this petition under article 226 of the Constitution of India, petitioners seek quashing of promotion of respondent Nos. 4, 5 and 6 to the post of Assistant Executive Engineer (Mechanical) in the Irrigation Department, Government of Assam as well as the inter-se-seniority position of the petitioners vis-à-vis the respondent Nos. 4, 5 and 6. Further prayer made is to restore the seniority position of the petitioners above respondent Nos. 4, 5 and 6.",respondent Nos. 4,Person,0.5701
86,"Heard Mr. S.K. Goswami, learned Counsel for the petitioners and Dr. B. Ahmed, learned Standing Counsel, Irrigation Department. Also heard Mr. J. Chutia, learned Counsel appearing for the respondent Nos.4, 5 and 6. By way of this petition under article 226 of the Constitution of India, petitioners seek quashing of promotion of respondent Nos. 4, 5 and 6 to the post of Assistant Executive Engineer (Mechanical) in the Irrigation Department, Government of Assam as well as the inter-se-seniority position of the petitioners vis-à-vis the respondent Nos. 4, 5 and 6. Further prayer made is to restore the seniority position of the petitioners above respondent Nos. 4, 5 and 6.",petitioners,Person,0.9316
86,"Heard Mr. S.K. Goswami, learned Counsel for the petitioners and Dr. B. Ahmed, learned Standing Counsel, Irrigation Department. Also heard Mr. J. Chutia, learned Counsel appearing for the respondent Nos.4, 5 and 6. By way of this petition under article 226 of the Constitution of India, petitioners seek quashing of promotion of respondent Nos. 4, 5 and 6 to the post of Assistant Executive Engineer (Mechanical) in the Irrigation Department, Government of Assam as well as the inter-se-seniority position of the petitioners vis-à-vis the respondent Nos. 4, 5 and 6. Further prayer made is to restore the seniority position of the petitioners above respondent Nos. 4, 5 and 6.",respondent Nos. 4,Person,0.5
87,"Both Mr. N. Dhar, learned counsel appearing for the petitioner and Mr. M. Nath, learned counsel appearing for the respondents have been heard extensively. This application under Article 227 of the Constitution of India ought to have been registered as Civil Revision Petition(Article 227) and not as a Writ Petition. Necessary correction may be done by the Registry even at this belated stage. This application is directed against the order dated 30.9.2005 passed by the learned Civil Judge (Junior Division) No.1, Karimganj in Misc. Case No.180 of 2004 allowing the application filed by the respondents for amendment of their execution application. On carefully perusing the contents of the impugned order, I am of the view that the same does not suffer from any grave jurisdictional error calling for interference of this Court.",Mr. N. Dhar,Person,0.5724
87,"Both Mr. N. Dhar, learned counsel appearing for the petitioner and Mr. M. Nath, learned counsel appearing for the respondents have been heard extensively. This application under Article 227 of the Constitution of India ought to have been registered as Civil Revision Petition(Article 227) and not as a Writ Petition. Necessary correction may be done by the Registry even at this belated stage. This application is directed against the order dated 30.9.2005 passed by the learned Civil Judge (Junior Division) No.1, Karimganj in Misc. Case No.180 of 2004 allowing the application filed by the respondents for amendment of their execution application. On carefully perusing the contents of the impugned order, I am of the view that the same does not suffer from any grave jurisdictional error calling for interference of this Court.",Mr. M. Nath,Person,0.5442
87,"Both Mr. N. Dhar, learned counsel appearing for the petitioner and Mr. M. Nath, learned counsel appearing for the respondents have been heard extensively. This application under Article 227 of the Constitution of India ought to have been registered as Civil Revision Petition(Article 227) and not as a Writ Petition. Necessary correction may be done by the Registry even at this belated stage. This application is directed against the order dated 30.9.2005 passed by the learned Civil Judge (Junior Division) No.1, Karimganj in Misc. Case No.180 of 2004 allowing the application filed by the respondents for amendment of their execution application. On carefully perusing the contents of the impugned order, I am of the view that the same does not suffer from any grave jurisdictional error calling for interference of this Court.",Article 227,Law,0.9562
87,"Both Mr. N. Dhar, learned counsel appearing for the petitioner and Mr. M. Nath, learned counsel appearing for the respondents have been heard extensively. This application under Article 227 of the Constitution of India ought to have been registered as Civil Revision Petition(Article 227) and not as a Writ Petition. Necessary correction may be done by the Registry even at this belated stage. This application is directed against the order dated 30.9.2005 passed by the learned Civil Judge (Junior Division) No.1, Karimganj in Misc. Case No.180 of 2004 allowing the application filed by the respondents for amendment of their execution application. On carefully perusing the contents of the impugned order, I am of the view that the same does not suffer from any grave jurisdictional error calling for interference of this Court.",Constitution of India,Law,0.8159
87,"Both Mr. N. Dhar, learned counsel appearing for the petitioner and Mr. M. Nath, learned counsel appearing for the respondents have been heard extensively. This application under Article 227 of the Constitution of India ought to have been registered as Civil Revision Petition(Article 227) and not as a Writ Petition. Necessary correction may be done by the Registry even at this belated stage. This application is directed against the order dated 30.9.2005 passed by the learned Civil Judge (Junior Division) No.1, Karimganj in Misc. Case No.180 of 2004 allowing the application filed by the respondents for amendment of their execution application. On carefully perusing the contents of the impugned order, I am of the view that the same does not suffer from any grave jurisdictional error calling for interference of this Court.",Article 227,Law,0.948
87,"Both Mr. N. Dhar, learned counsel appearing for the petitioner and Mr. M. Nath, learned counsel appearing for the respondents have been heard extensively. This application under Article 227 of the Constitution of India ought to have been registered as Civil Revision Petition(Article 227) and not as a Writ Petition. Necessary correction may be done by the Registry even at this belated stage. This application is directed against the order dated 30.9.2005 passed by the learned Civil Judge (Junior Division) No.1, Karimganj in Misc. Case No.180 of 2004 allowing the application filed by the respondents for amendment of their execution application. On carefully perusing the contents of the impugned order, I am of the view that the same does not suffer from any grave jurisdictional error calling for interference of this Court.",30.9.2005,Date,0.9087
87,"Both Mr. N. Dhar, learned counsel appearing for the petitioner and Mr. M. Nath, learned counsel appearing for the respondents have been heard extensively. This application under Article 227 of the Constitution of India ought to have been registered as Civil Revision Petition(Article 227) and not as a Writ Petition. Necessary correction may be done by the Registry even at this belated stage. This application is directed against the order dated 30.9.2005 passed by the learned Civil Judge (Junior Division) No.1, Karimganj in Misc. Case No.180 of 2004 allowing the application filed by the respondents for amendment of their execution application. On carefully perusing the contents of the impugned order, I am of the view that the same does not suffer from any grave jurisdictional error calling for interference of this Court.",Misc. Case No.180 of 2004,Case Number,0.9735
88,"The petitioner M/s. D.B. Enterprise, represented by its proprietor, as claimed in the writ petition, is engaged in various kinds of supply works including supply of goods to various department of Govt. of Assam. Responding to the NIT dated 07/02/2013 inviting offers for supply of kitchen devices, more particularly, Stainless Steel plate and glass for Lower Primary and Upper Primary Schools under Mid-day meal scheme, the petitioner offered its bid. The process of tender was a 2 (two) bid system, technical bid followed by commercial bid. The bidders were required to supply the samples of the items mentioned in the NIT. The last date of submission of bid documents was 18/02/2013. The bids were to be opened on the same day and the date of opening of the commercial bid was to be intimated to the qualified bidders on the date of opening of technical bids.",NIT,Document,0.8604
88,"The petitioner M/s. D.B. Enterprise, represented by its proprietor, as claimed in the writ petition, is engaged in various kinds of supply works including supply of goods to various department of Govt. of Assam. Responding to the NIT dated 07/02/2013 inviting offers for supply of kitchen devices, more particularly, Stainless Steel plate and glass for Lower Primary and Upper Primary Schools under Mid-day meal scheme, the petitioner offered its bid. The process of tender was a 2 (two) bid system, technical bid followed by commercial bid. The bidders were required to supply the samples of the items mentioned in the NIT. The last date of submission of bid documents was 18/02/2013. The bids were to be opened on the same day and the date of opening of the commercial bid was to be intimated to the qualified bidders on the date of opening of technical bids.",07/02/2013,Date,0.8857
88,"The petitioner M/s. D.B. Enterprise, represented by its proprietor, as claimed in the writ petition, is engaged in various kinds of supply works including supply of goods to various department of Govt. of Assam. Responding to the NIT dated 07/02/2013 inviting offers for supply of kitchen devices, more particularly, Stainless Steel plate and glass for Lower Primary and Upper Primary Schools under Mid-day meal scheme, the petitioner offered its bid. The process of tender was a 2 (two) bid system, technical bid followed by commercial bid. The bidders were required to supply the samples of the items mentioned in the NIT. The last date of submission of bid documents was 18/02/2013. The bids were to be opened on the same day and the date of opening of the commercial bid was to be intimated to the qualified bidders on the date of opening of technical bids.",NIT,Document,0.8976
88,"The petitioner M/s. D.B. Enterprise, represented by its proprietor, as claimed in the writ petition, is engaged in various kinds of supply works including supply of goods to various department of Govt. of Assam. Responding to the NIT dated 07/02/2013 inviting offers for supply of kitchen devices, more particularly, Stainless Steel plate and glass for Lower Primary and Upper Primary Schools under Mid-day meal scheme, the petitioner offered its bid. The process of tender was a 2 (two) bid system, technical bid followed by commercial bid. The bidders were required to supply the samples of the items mentioned in the NIT. The last date of submission of bid documents was 18/02/2013. The bids were to be opened on the same day and the date of opening of the commercial bid was to be intimated to the qualified bidders on the date of opening of technical bids.",18/02/2013,Date,0.8857
89,"Case of the petitioner is that he is presently working as Inspector of Police in the Special Branch Head Quarter of Assam Police, Kahilipara, Guwahati. In the year 2008, his wife Swapna Chakraborty fell ill. Despite treatment at Guwahati, she did not recover. She was then taken to AMRI Hospital at Kolkata for treatment where her ailment was diagnosed as carcinoma of the cervix. She had to undergo hospitalization in the said hospital on a number of occasions for chemotherapy and surgery. After completion of treatment in December, 2008, she returned home at Guwahati.",Inspector of Police,Person,0.58
89,"Case of the petitioner is that he is presently working as Inspector of Police in the Special Branch Head Quarter of Assam Police, Kahilipara, Guwahati. In the year 2008, his wife Swapna Chakraborty fell ill. Despite treatment at Guwahati, she did not recover. She was then taken to AMRI Hospital at Kolkata for treatment where her ailment was diagnosed as carcinoma of the cervix. She had to undergo hospitalization in the said hospital on a number of occasions for chemotherapy and surgery. After completion of treatment in December, 2008, she returned home at Guwahati.",Special Branch Head Quarter of Assam Police,Police Station,0.5807
89,"Case of the petitioner is that he is presently working as Inspector of Police in the Special Branch Head Quarter of Assam Police, Kahilipara, Guwahati. In the year 2008, his wife Swapna Chakraborty fell ill. Despite treatment at Guwahati, she did not recover. She was then taken to AMRI Hospital at Kolkata for treatment where her ailment was diagnosed as carcinoma of the cervix. She had to undergo hospitalization in the said hospital on a number of occasions for chemotherapy and surgery. After completion of treatment in December, 2008, she returned home at Guwahati.",Kahilipara,Police Station,0.6617
89,"Case of the petitioner is that he is presently working as Inspector of Police in the Special Branch Head Quarter of Assam Police, Kahilipara, Guwahati. In the year 2008, his wife Swapna Chakraborty fell ill. Despite treatment at Guwahati, she did not recover. She was then taken to AMRI Hospital at Kolkata for treatment where her ailment was diagnosed as carcinoma of the cervix. She had to undergo hospitalization in the said hospital on a number of occasions for chemotherapy and surgery. After completion of treatment in December, 2008, she returned home at Guwahati.",Swapna Chakraborty,Person,0.8618
89,"Case of the petitioner is that he is presently working as Inspector of Police in the Special Branch Head Quarter of Assam Police, Kahilipara, Guwahati. In the year 2008, his wife Swapna Chakraborty fell ill. Despite treatment at Guwahati, she did not recover. She was then taken to AMRI Hospital at Kolkata for treatment where her ailment was diagnosed as carcinoma of the cervix. She had to undergo hospitalization in the said hospital on a number of occasions for chemotherapy and surgery. After completion of treatment in December, 2008, she returned home at Guwahati.","December, 2008",Date,0.7457
90,"I have heard eard Mr. A. Ali, learned counsel for the petitioner. Also heard Ms. B. Das, learned CGC and Mrs. H. M. Phukan, learned State Counsel. I have also perused the materials on record including the records received from the Tribunal. According to the petitioner he is a citizen of India, by birth. In response to the reference that was made against him and the notice received from the Tribunal, the petitioner responding to the proceeding submitted his written statement on 15.102012. In the said written statement it was contended that his grand father's name appeared in the voter list of 1966 as Habil Seikh (Ext.1). The petitioner also claimed that he is a resident of village Ghiladhari and in support of the same, produced a certificate issued by the Gaonbura (Ext.2). He also produced a Job Card of NREGA (Ext.3). Ext.4 is the Pass Book of State Bank of India, Koupati Branch in the name of the petitioner.",Mr. A. Ali,Person,0.7493
90,"I have heard eard Mr. A. Ali, learned counsel for the petitioner. Also heard Ms. B. Das, learned CGC and Mrs. H. M. Phukan, learned State Counsel. I have also perused the materials on record including the records received from the Tribunal. According to the petitioner he is a citizen of India, by birth. In response to the reference that was made against him and the notice received from the Tribunal, the petitioner responding to the proceeding submitted his written statement on 15.102012. In the said written statement it was contended that his grand father's name appeared in the voter list of 1966 as Habil Seikh (Ext.1). The petitioner also claimed that he is a resident of village Ghiladhari and in support of the same, produced a certificate issued by the Gaonbura (Ext.2). He also produced a Job Card of NREGA (Ext.3). Ext.4 is the Pass Book of State Bank of India, Koupati Branch in the name of the petitioner.",petitioner,Person,0.9359
90,"I have heard eard Mr. A. Ali, learned counsel for the petitioner. Also heard Ms. B. Das, learned CGC and Mrs. H. M. Phukan, learned State Counsel. I have also perused the materials on record including the records received from the Tribunal. According to the petitioner he is a citizen of India, by birth. In response to the reference that was made against him and the notice received from the Tribunal, the petitioner responding to the proceeding submitted his written statement on 15.102012. In the said written statement it was contended that his grand father's name appeared in the voter list of 1966 as Habil Seikh (Ext.1). The petitioner also claimed that he is a resident of village Ghiladhari and in support of the same, produced a certificate issued by the Gaonbura (Ext.2). He also produced a Job Card of NREGA (Ext.3). Ext.4 is the Pass Book of State Bank of India, Koupati Branch in the name of the petitioner.",Ms. B. Das,Person,0.8251
90,"I have heard eard Mr. A. Ali, learned counsel for the petitioner. Also heard Ms. B. Das, learned CGC and Mrs. H. M. Phukan, learned State Counsel. I have also perused the materials on record including the records received from the Tribunal. According to the petitioner he is a citizen of India, by birth. In response to the reference that was made against him and the notice received from the Tribunal, the petitioner responding to the proceeding submitted his written statement on 15.102012. In the said written statement it was contended that his grand father's name appeared in the voter list of 1966 as Habil Seikh (Ext.1). The petitioner also claimed that he is a resident of village Ghiladhari and in support of the same, produced a certificate issued by the Gaonbura (Ext.2). He also produced a Job Card of NREGA (Ext.3). Ext.4 is the Pass Book of State Bank of India, Koupati Branch in the name of the petitioner.",Mrs. H. M. Phukan,Person,0.851
90,"I have heard eard Mr. A. Ali, learned counsel for the petitioner. Also heard Ms. B. Das, learned CGC and Mrs. H. M. Phukan, learned State Counsel. I have also perused the materials on record including the records received from the Tribunal. According to the petitioner he is a citizen of India, by birth. In response to the reference that was made against him and the notice received from the Tribunal, the petitioner responding to the proceeding submitted his written statement on 15.102012. In the said written statement it was contended that his grand father's name appeared in the voter list of 1966 as Habil Seikh (Ext.1). The petitioner also claimed that he is a resident of village Ghiladhari and in support of the same, produced a certificate issued by the Gaonbura (Ext.2). He also produced a Job Card of NREGA (Ext.3). Ext.4 is the Pass Book of State Bank of India, Koupati Branch in the name of the petitioner.",Tribunal,Court,0.5115
90,"I have heard eard Mr. A. Ali, learned counsel for the petitioner. Also heard Ms. B. Das, learned CGC and Mrs. H. M. Phukan, learned State Counsel. I have also perused the materials on record including the records received from the Tribunal. According to the petitioner he is a citizen of India, by birth. In response to the reference that was made against him and the notice received from the Tribunal, the petitioner responding to the proceeding submitted his written statement on 15.102012. In the said written statement it was contended that his grand father's name appeared in the voter list of 1966 as Habil Seikh (Ext.1). The petitioner also claimed that he is a resident of village Ghiladhari and in support of the same, produced a certificate issued by the Gaonbura (Ext.2). He also produced a Job Card of NREGA (Ext.3). Ext.4 is the Pass Book of State Bank of India, Koupati Branch in the name of the petitioner.",petitioner,Person,0.9311
90,"I have heard eard Mr. A. Ali, learned counsel for the petitioner. Also heard Ms. B. Das, learned CGC and Mrs. H. M. Phukan, learned State Counsel. I have also perused the materials on record including the records received from the Tribunal. According to the petitioner he is a citizen of India, by birth. In response to the reference that was made against him and the notice received from the Tribunal, the petitioner responding to the proceeding submitted his written statement on 15.102012. In the said written statement it was contended that his grand father's name appeared in the voter list of 1966 as Habil Seikh (Ext.1). The petitioner also claimed that he is a resident of village Ghiladhari and in support of the same, produced a certificate issued by the Gaonbura (Ext.2). He also produced a Job Card of NREGA (Ext.3). Ext.4 is the Pass Book of State Bank of India, Koupati Branch in the name of the petitioner.",petitioner,Person,0.9389
90,"I have heard eard Mr. A. Ali, learned counsel for the petitioner. Also heard Ms. B. Das, learned CGC and Mrs. H. M. Phukan, learned State Counsel. I have also perused the materials on record including the records received from the Tribunal. According to the petitioner he is a citizen of India, by birth. In response to the reference that was made against him and the notice received from the Tribunal, the petitioner responding to the proceeding submitted his written statement on 15.102012. In the said written statement it was contended that his grand father's name appeared in the voter list of 1966 as Habil Seikh (Ext.1). The petitioner also claimed that he is a resident of village Ghiladhari and in support of the same, produced a certificate issued by the Gaonbura (Ext.2). He also produced a Job Card of NREGA (Ext.3). Ext.4 is the Pass Book of State Bank of India, Koupati Branch in the name of the petitioner.",15.102012,Date,0.5637
90,"I have heard eard Mr. A. Ali, learned counsel for the petitioner. Also heard Ms. B. Das, learned CGC and Mrs. H. M. Phukan, learned State Counsel. I have also perused the materials on record including the records received from the Tribunal. According to the petitioner he is a citizen of India, by birth. In response to the reference that was made against him and the notice received from the Tribunal, the petitioner responding to the proceeding submitted his written statement on 15.102012. In the said written statement it was contended that his grand father's name appeared in the voter list of 1966 as Habil Seikh (Ext.1). The petitioner also claimed that he is a resident of village Ghiladhari and in support of the same, produced a certificate issued by the Gaonbura (Ext.2). He also produced a Job Card of NREGA (Ext.3). Ext.4 is the Pass Book of State Bank of India, Koupati Branch in the name of the petitioner.",Habil Seikh,Person,0.904
90,"I have heard eard Mr. A. Ali, learned counsel for the petitioner. Also heard Ms. B. Das, learned CGC and Mrs. H. M. Phukan, learned State Counsel. I have also perused the materials on record including the records received from the Tribunal. According to the petitioner he is a citizen of India, by birth. In response to the reference that was made against him and the notice received from the Tribunal, the petitioner responding to the proceeding submitted his written statement on 15.102012. In the said written statement it was contended that his grand father's name appeared in the voter list of 1966 as Habil Seikh (Ext.1). The petitioner also claimed that he is a resident of village Ghiladhari and in support of the same, produced a certificate issued by the Gaonbura (Ext.2). He also produced a Job Card of NREGA (Ext.3). Ext.4 is the Pass Book of State Bank of India, Koupati Branch in the name of the petitioner.",Ext.1,Document,0.835
90,"I have heard eard Mr. A. Ali, learned counsel for the petitioner. Also heard Ms. B. Das, learned CGC and Mrs. H. M. Phukan, learned State Counsel. I have also perused the materials on record including the records received from the Tribunal. According to the petitioner he is a citizen of India, by birth. In response to the reference that was made against him and the notice received from the Tribunal, the petitioner responding to the proceeding submitted his written statement on 15.102012. In the said written statement it was contended that his grand father's name appeared in the voter list of 1966 as Habil Seikh (Ext.1). The petitioner also claimed that he is a resident of village Ghiladhari and in support of the same, produced a certificate issued by the Gaonbura (Ext.2). He also produced a Job Card of NREGA (Ext.3). Ext.4 is the Pass Book of State Bank of India, Koupati Branch in the name of the petitioner.",petitioner,Person,0.9349
90,"I have heard eard Mr. A. Ali, learned counsel for the petitioner. Also heard Ms. B. Das, learned CGC and Mrs. H. M. Phukan, learned State Counsel. I have also perused the materials on record including the records received from the Tribunal. According to the petitioner he is a citizen of India, by birth. In response to the reference that was made against him and the notice received from the Tribunal, the petitioner responding to the proceeding submitted his written statement on 15.102012. In the said written statement it was contended that his grand father's name appeared in the voter list of 1966 as Habil Seikh (Ext.1). The petitioner also claimed that he is a resident of village Ghiladhari and in support of the same, produced a certificate issued by the Gaonbura (Ext.2). He also produced a Job Card of NREGA (Ext.3). Ext.4 is the Pass Book of State Bank of India, Koupati Branch in the name of the petitioner.",Ext.2,Document,0.7806
90,"I have heard eard Mr. A. Ali, learned counsel for the petitioner. Also heard Ms. B. Das, learned CGC and Mrs. H. M. Phukan, learned State Counsel. I have also perused the materials on record including the records received from the Tribunal. According to the petitioner he is a citizen of India, by birth. In response to the reference that was made against him and the notice received from the Tribunal, the petitioner responding to the proceeding submitted his written statement on 15.102012. In the said written statement it was contended that his grand father's name appeared in the voter list of 1966 as Habil Seikh (Ext.1). The petitioner also claimed that he is a resident of village Ghiladhari and in support of the same, produced a certificate issued by the Gaonbura (Ext.2). He also produced a Job Card of NREGA (Ext.3). Ext.4 is the Pass Book of State Bank of India, Koupati Branch in the name of the petitioner.",Job Card of NREGA,Document,0.7766
90,"I have heard eard Mr. A. Ali, learned counsel for the petitioner. Also heard Ms. B. Das, learned CGC and Mrs. H. M. Phukan, learned State Counsel. I have also perused the materials on record including the records received from the Tribunal. According to the petitioner he is a citizen of India, by birth. In response to the reference that was made against him and the notice received from the Tribunal, the petitioner responding to the proceeding submitted his written statement on 15.102012. In the said written statement it was contended that his grand father's name appeared in the voter list of 1966 as Habil Seikh (Ext.1). The petitioner also claimed that he is a resident of village Ghiladhari and in support of the same, produced a certificate issued by the Gaonbura (Ext.2). He also produced a Job Card of NREGA (Ext.3). Ext.4 is the Pass Book of State Bank of India, Koupati Branch in the name of the petitioner.",Ext.3,Document,0.7546
90,"I have heard eard Mr. A. Ali, learned counsel for the petitioner. Also heard Ms. B. Das, learned CGC and Mrs. H. M. Phukan, learned State Counsel. I have also perused the materials on record including the records received from the Tribunal. According to the petitioner he is a citizen of India, by birth. In response to the reference that was made against him and the notice received from the Tribunal, the petitioner responding to the proceeding submitted his written statement on 15.102012. In the said written statement it was contended that his grand father's name appeared in the voter list of 1966 as Habil Seikh (Ext.1). The petitioner also claimed that he is a resident of village Ghiladhari and in support of the same, produced a certificate issued by the Gaonbura (Ext.2). He also produced a Job Card of NREGA (Ext.3). Ext.4 is the Pass Book of State Bank of India, Koupati Branch in the name of the petitioner.",Ext.4,Document,0.7543
90,"I have heard eard Mr. A. Ali, learned counsel for the petitioner. Also heard Ms. B. Das, learned CGC and Mrs. H. M. Phukan, learned State Counsel. I have also perused the materials on record including the records received from the Tribunal. According to the petitioner he is a citizen of India, by birth. In response to the reference that was made against him and the notice received from the Tribunal, the petitioner responding to the proceeding submitted his written statement on 15.102012. In the said written statement it was contended that his grand father's name appeared in the voter list of 1966 as Habil Seikh (Ext.1). The petitioner also claimed that he is a resident of village Ghiladhari and in support of the same, produced a certificate issued by the Gaonbura (Ext.2). He also produced a Job Card of NREGA (Ext.3). Ext.4 is the Pass Book of State Bank of India, Koupati Branch in the name of the petitioner.",petitioner,Person,0.9412
91,"Case of the petitioner is that while he was serving as MMGS-II in the Mukalmua Branch of UCO Bank, he was served with a show-cause notice dated 12-09-2006 issued by the disciplinary authority proposing to hold a disciplinary enquiry under Regulation 6 of the UCO Bank Officer Employees (Discipline and Appeal) Regulations, 1976 on the charges mentioned therein. The charges pertain to various acts, omissions and commissions allegedly committed by the petitioner in the sanctioning and disbursement of loans while serving as Assistant Manager of the Itanagar Branch. When he was transferred from Itanagar Branch to Mukalmua Branch, he had transferred the four loans accounts sanctioned and disbursed by him while functioning at the Itanagar Branch, to the Mukalmua Branch without authority with an intent to cover up the irregularities.",petitioner,Person,0.6153
91,"Case of the petitioner is that while he was serving as MMGS-II in the Mukalmua Branch of UCO Bank, he was served with a show-cause notice dated 12-09-2006 issued by the disciplinary authority proposing to hold a disciplinary enquiry under Regulation 6 of the UCO Bank Officer Employees (Discipline and Appeal) Regulations, 1976 on the charges mentioned therein. The charges pertain to various acts, omissions and commissions allegedly committed by the petitioner in the sanctioning and disbursement of loans while serving as Assistant Manager of the Itanagar Branch. When he was transferred from Itanagar Branch to Mukalmua Branch, he had transferred the four loans accounts sanctioned and disbursed by him while functioning at the Itanagar Branch, to the Mukalmua Branch without authority with an intent to cover up the irregularities.",MMGS-II,Person,0.7324
91,"Case of the petitioner is that while he was serving as MMGS-II in the Mukalmua Branch of UCO Bank, he was served with a show-cause notice dated 12-09-2006 issued by the disciplinary authority proposing to hold a disciplinary enquiry under Regulation 6 of the UCO Bank Officer Employees (Discipline and Appeal) Regulations, 1976 on the charges mentioned therein. The charges pertain to various acts, omissions and commissions allegedly committed by the petitioner in the sanctioning and disbursement of loans while serving as Assistant Manager of the Itanagar Branch. When he was transferred from Itanagar Branch to Mukalmua Branch, he had transferred the four loans accounts sanctioned and disbursed by him while functioning at the Itanagar Branch, to the Mukalmua Branch without authority with an intent to cover up the irregularities.",show-cause notice,Document,0.9427
91,"Case of the petitioner is that while he was serving as MMGS-II in the Mukalmua Branch of UCO Bank, he was served with a show-cause notice dated 12-09-2006 issued by the disciplinary authority proposing to hold a disciplinary enquiry under Regulation 6 of the UCO Bank Officer Employees (Discipline and Appeal) Regulations, 1976 on the charges mentioned therein. The charges pertain to various acts, omissions and commissions allegedly committed by the petitioner in the sanctioning and disbursement of loans while serving as Assistant Manager of the Itanagar Branch. When he was transferred from Itanagar Branch to Mukalmua Branch, he had transferred the four loans accounts sanctioned and disbursed by him while functioning at the Itanagar Branch, to the Mukalmua Branch without authority with an intent to cover up the irregularities.",12-09-2006,Date,0.922
91,"Case of the petitioner is that while he was serving as MMGS-II in the Mukalmua Branch of UCO Bank, he was served with a show-cause notice dated 12-09-2006 issued by the disciplinary authority proposing to hold a disciplinary enquiry under Regulation 6 of the UCO Bank Officer Employees (Discipline and Appeal) Regulations, 1976 on the charges mentioned therein. The charges pertain to various acts, omissions and commissions allegedly committed by the petitioner in the sanctioning and disbursement of loans while serving as Assistant Manager of the Itanagar Branch. When he was transferred from Itanagar Branch to Mukalmua Branch, he had transferred the four loans accounts sanctioned and disbursed by him while functioning at the Itanagar Branch, to the Mukalmua Branch without authority with an intent to cover up the irregularities.",Regulation 6,Section,0.8928
91,"Case of the petitioner is that while he was serving as MMGS-II in the Mukalmua Branch of UCO Bank, he was served with a show-cause notice dated 12-09-2006 issued by the disciplinary authority proposing to hold a disciplinary enquiry under Regulation 6 of the UCO Bank Officer Employees (Discipline and Appeal) Regulations, 1976 on the charges mentioned therein. The charges pertain to various acts, omissions and commissions allegedly committed by the petitioner in the sanctioning and disbursement of loans while serving as Assistant Manager of the Itanagar Branch. When he was transferred from Itanagar Branch to Mukalmua Branch, he had transferred the four loans accounts sanctioned and disbursed by him while functioning at the Itanagar Branch, to the Mukalmua Branch without authority with an intent to cover up the irregularities.",petitioner,Person,0.5866
92,"The tenor of the order would go to show that the petitioner had pleaded that in view of his acquittal in the criminal case, the dismissal order was liable to be interfered with and it is on that basis, the High Court of Judicature at Allahabad directed disposal of the representations. Subsequent to the said order dated 27.05.2005, the petitioner filed a representation dated 09.06.2005 to ADIGP, GC, CRPF, which was forwarded to the Deputy Inspector General of Police, CRPF, being the appellate authority. The Deputy Inspector General of Police, CRPF, by its order dated 20.09.2005, rejected the representation, holding that only because of his acquittal from the criminal charges, he was not entitled to be reinstated in his service in view of the fact that dismissal order was passed on the basis of charges proved in a departmental proceeding and the charges framed against him in the departmental proceedings are different from the charges against him in criminal trial. In the said order, it has also be noted that during the course of disciplinary proceeding, the petitioner was afforded ample opportunity at each and every stage to defend his case.",petitioner,Person,0.8453
92,"The tenor of the order would go to show that the petitioner had pleaded that in view of his acquittal in the criminal case, the dismissal order was liable to be interfered with and it is on that basis, the High Court of Judicature at Allahabad directed disposal of the representations. Subsequent to the said order dated 27.05.2005, the petitioner filed a representation dated 09.06.2005 to ADIGP, GC, CRPF, which was forwarded to the Deputy Inspector General of Police, CRPF, being the appellate authority. The Deputy Inspector General of Police, CRPF, by its order dated 20.09.2005, rejected the representation, holding that only because of his acquittal from the criminal charges, he was not entitled to be reinstated in his service in view of the fact that dismissal order was passed on the basis of charges proved in a departmental proceeding and the charges framed against him in the departmental proceedings are different from the charges against him in criminal trial. In the said order, it has also be noted that during the course of disciplinary proceeding, the petitioner was afforded ample opportunity at each and every stage to defend his case.",High Court of Judicature at Allahabad,Court,0.9772
92,"The tenor of the order would go to show that the petitioner had pleaded that in view of his acquittal in the criminal case, the dismissal order was liable to be interfered with and it is on that basis, the High Court of Judicature at Allahabad directed disposal of the representations. Subsequent to the said order dated 27.05.2005, the petitioner filed a representation dated 09.06.2005 to ADIGP, GC, CRPF, which was forwarded to the Deputy Inspector General of Police, CRPF, being the appellate authority. The Deputy Inspector General of Police, CRPF, by its order dated 20.09.2005, rejected the representation, holding that only because of his acquittal from the criminal charges, he was not entitled to be reinstated in his service in view of the fact that dismissal order was passed on the basis of charges proved in a departmental proceeding and the charges framed against him in the departmental proceedings are different from the charges against him in criminal trial. In the said order, it has also be noted that during the course of disciplinary proceeding, the petitioner was afforded ample opportunity at each and every stage to defend his case.",27.05.2005,Date,0.8123
92,"The tenor of the order would go to show that the petitioner had pleaded that in view of his acquittal in the criminal case, the dismissal order was liable to be interfered with and it is on that basis, the High Court of Judicature at Allahabad directed disposal of the representations. Subsequent to the said order dated 27.05.2005, the petitioner filed a representation dated 09.06.2005 to ADIGP, GC, CRPF, which was forwarded to the Deputy Inspector General of Police, CRPF, being the appellate authority. The Deputy Inspector General of Police, CRPF, by its order dated 20.09.2005, rejected the representation, holding that only because of his acquittal from the criminal charges, he was not entitled to be reinstated in his service in view of the fact that dismissal order was passed on the basis of charges proved in a departmental proceeding and the charges framed against him in the departmental proceedings are different from the charges against him in criminal trial. In the said order, it has also be noted that during the course of disciplinary proceeding, the petitioner was afforded ample opportunity at each and every stage to defend his case.",petitioner,Person,0.8989
92,"The tenor of the order would go to show that the petitioner had pleaded that in view of his acquittal in the criminal case, the dismissal order was liable to be interfered with and it is on that basis, the High Court of Judicature at Allahabad directed disposal of the representations. Subsequent to the said order dated 27.05.2005, the petitioner filed a representation dated 09.06.2005 to ADIGP, GC, CRPF, which was forwarded to the Deputy Inspector General of Police, CRPF, being the appellate authority. The Deputy Inspector General of Police, CRPF, by its order dated 20.09.2005, rejected the representation, holding that only because of his acquittal from the criminal charges, he was not entitled to be reinstated in his service in view of the fact that dismissal order was passed on the basis of charges proved in a departmental proceeding and the charges framed against him in the departmental proceedings are different from the charges against him in criminal trial. In the said order, it has also be noted that during the course of disciplinary proceeding, the petitioner was afforded ample opportunity at each and every stage to defend his case.",09.06.2005,Date,0.835
92,"The tenor of the order would go to show that the petitioner had pleaded that in view of his acquittal in the criminal case, the dismissal order was liable to be interfered with and it is on that basis, the High Court of Judicature at Allahabad directed disposal of the representations. Subsequent to the said order dated 27.05.2005, the petitioner filed a representation dated 09.06.2005 to ADIGP, GC, CRPF, which was forwarded to the Deputy Inspector General of Police, CRPF, being the appellate authority. The Deputy Inspector General of Police, CRPF, by its order dated 20.09.2005, rejected the representation, holding that only because of his acquittal from the criminal charges, he was not entitled to be reinstated in his service in view of the fact that dismissal order was passed on the basis of charges proved in a departmental proceeding and the charges framed against him in the departmental proceedings are different from the charges against him in criminal trial. In the said order, it has also be noted that during the course of disciplinary proceeding, the petitioner was afforded ample opportunity at each and every stage to defend his case.","ADIGP, GC, CRPF",Person,0.741
92,"The tenor of the order would go to show that the petitioner had pleaded that in view of his acquittal in the criminal case, the dismissal order was liable to be interfered with and it is on that basis, the High Court of Judicature at Allahabad directed disposal of the representations. Subsequent to the said order dated 27.05.2005, the petitioner filed a representation dated 09.06.2005 to ADIGP, GC, CRPF, which was forwarded to the Deputy Inspector General of Police, CRPF, being the appellate authority. The Deputy Inspector General of Police, CRPF, by its order dated 20.09.2005, rejected the representation, holding that only because of his acquittal from the criminal charges, he was not entitled to be reinstated in his service in view of the fact that dismissal order was passed on the basis of charges proved in a departmental proceeding and the charges framed against him in the departmental proceedings are different from the charges against him in criminal trial. In the said order, it has also be noted that during the course of disciplinary proceeding, the petitioner was afforded ample opportunity at each and every stage to defend his case.","Deputy Inspector General of Police, CRPF",Person,0.9009
92,"The tenor of the order would go to show that the petitioner had pleaded that in view of his acquittal in the criminal case, the dismissal order was liable to be interfered with and it is on that basis, the High Court of Judicature at Allahabad directed disposal of the representations. Subsequent to the said order dated 27.05.2005, the petitioner filed a representation dated 09.06.2005 to ADIGP, GC, CRPF, which was forwarded to the Deputy Inspector General of Police, CRPF, being the appellate authority. The Deputy Inspector General of Police, CRPF, by its order dated 20.09.2005, rejected the representation, holding that only because of his acquittal from the criminal charges, he was not entitled to be reinstated in his service in view of the fact that dismissal order was passed on the basis of charges proved in a departmental proceeding and the charges framed against him in the departmental proceedings are different from the charges against him in criminal trial. In the said order, it has also be noted that during the course of disciplinary proceeding, the petitioner was afforded ample opportunity at each and every stage to defend his case.","Deputy Inspector General of Police, CRPF",Person,0.9012
92,"The tenor of the order would go to show that the petitioner had pleaded that in view of his acquittal in the criminal case, the dismissal order was liable to be interfered with and it is on that basis, the High Court of Judicature at Allahabad directed disposal of the representations. Subsequent to the said order dated 27.05.2005, the petitioner filed a representation dated 09.06.2005 to ADIGP, GC, CRPF, which was forwarded to the Deputy Inspector General of Police, CRPF, being the appellate authority. The Deputy Inspector General of Police, CRPF, by its order dated 20.09.2005, rejected the representation, holding that only because of his acquittal from the criminal charges, he was not entitled to be reinstated in his service in view of the fact that dismissal order was passed on the basis of charges proved in a departmental proceeding and the charges framed against him in the departmental proceedings are different from the charges against him in criminal trial. In the said order, it has also be noted that during the course of disciplinary proceeding, the petitioner was afforded ample opportunity at each and every stage to defend his case.",20.09.2005,Date,0.8384
92,"The tenor of the order would go to show that the petitioner had pleaded that in view of his acquittal in the criminal case, the dismissal order was liable to be interfered with and it is on that basis, the High Court of Judicature at Allahabad directed disposal of the representations. Subsequent to the said order dated 27.05.2005, the petitioner filed a representation dated 09.06.2005 to ADIGP, GC, CRPF, which was forwarded to the Deputy Inspector General of Police, CRPF, being the appellate authority. The Deputy Inspector General of Police, CRPF, by its order dated 20.09.2005, rejected the representation, holding that only because of his acquittal from the criminal charges, he was not entitled to be reinstated in his service in view of the fact that dismissal order was passed on the basis of charges proved in a departmental proceeding and the charges framed against him in the departmental proceedings are different from the charges against him in criminal trial. In the said order, it has also be noted that during the course of disciplinary proceeding, the petitioner was afforded ample opportunity at each and every stage to defend his case.",petitioner,Person,0.8867
93,"Termination of service of the workman gave rise to an industrial dispute which ultimately led to making of a reference by the appropriate Government to the Industrial Tribunal at Dibrugarh. The subject matter of reference was justification or otherwise of the dismissal of the workman from service and of his entitlement to reinstatement with full back wages. On behalf of the workman as well as on behalf of the Management, written statements were submitted. In the reference proceeding, the learned Industrial Tribunal simultaneously considered validity of the domestic enquiry as well as dismissal of the workman on merit. The Management side examined six witnesses whereas the workman examined himself as the sole witness on his behalf.",the workman,Person,0.9136
93,"Termination of service of the workman gave rise to an industrial dispute which ultimately led to making of a reference by the appropriate Government to the Industrial Tribunal at Dibrugarh. The subject matter of reference was justification or otherwise of the dismissal of the workman from service and of his entitlement to reinstatement with full back wages. On behalf of the workman as well as on behalf of the Management, written statements were submitted. In the reference proceeding, the learned Industrial Tribunal simultaneously considered validity of the domestic enquiry as well as dismissal of the workman on merit. The Management side examined six witnesses whereas the workman examined himself as the sole witness on his behalf.",Industrial Tribunal at Dibrugarh,Court,0.5879
93,"Termination of service of the workman gave rise to an industrial dispute which ultimately led to making of a reference by the appropriate Government to the Industrial Tribunal at Dibrugarh. The subject matter of reference was justification or otherwise of the dismissal of the workman from service and of his entitlement to reinstatement with full back wages. On behalf of the workman as well as on behalf of the Management, written statements were submitted. In the reference proceeding, the learned Industrial Tribunal simultaneously considered validity of the domestic enquiry as well as dismissal of the workman on merit. The Management side examined six witnesses whereas the workman examined himself as the sole witness on his behalf.",the workman,Person,0.9472
93,"Termination of service of the workman gave rise to an industrial dispute which ultimately led to making of a reference by the appropriate Government to the Industrial Tribunal at Dibrugarh. The subject matter of reference was justification or otherwise of the dismissal of the workman from service and of his entitlement to reinstatement with full back wages. On behalf of the workman as well as on behalf of the Management, written statements were submitted. In the reference proceeding, the learned Industrial Tribunal simultaneously considered validity of the domestic enquiry as well as dismissal of the workman on merit. The Management side examined six witnesses whereas the workman examined himself as the sole witness on his behalf.",the workman,Person,0.9558
93,"Termination of service of the workman gave rise to an industrial dispute which ultimately led to making of a reference by the appropriate Government to the Industrial Tribunal at Dibrugarh. The subject matter of reference was justification or otherwise of the dismissal of the workman from service and of his entitlement to reinstatement with full back wages. On behalf of the workman as well as on behalf of the Management, written statements were submitted. In the reference proceeding, the learned Industrial Tribunal simultaneously considered validity of the domestic enquiry as well as dismissal of the workman on merit. The Management side examined six witnesses whereas the workman examined himself as the sole witness on his behalf.",written statements,Document,0.9124
93,"Termination of service of the workman gave rise to an industrial dispute which ultimately led to making of a reference by the appropriate Government to the Industrial Tribunal at Dibrugarh. The subject matter of reference was justification or otherwise of the dismissal of the workman from service and of his entitlement to reinstatement with full back wages. On behalf of the workman as well as on behalf of the Management, written statements were submitted. In the reference proceeding, the learned Industrial Tribunal simultaneously considered validity of the domestic enquiry as well as dismissal of the workman on merit. The Management side examined six witnesses whereas the workman examined himself as the sole witness on his behalf.",the workman,Person,0.9614
93,"Termination of service of the workman gave rise to an industrial dispute which ultimately led to making of a reference by the appropriate Government to the Industrial Tribunal at Dibrugarh. The subject matter of reference was justification or otherwise of the dismissal of the workman from service and of his entitlement to reinstatement with full back wages. On behalf of the workman as well as on behalf of the Management, written statements were submitted. In the reference proceeding, the learned Industrial Tribunal simultaneously considered validity of the domestic enquiry as well as dismissal of the workman on merit. The Management side examined six witnesses whereas the workman examined himself as the sole witness on his behalf.",Management,Person,0.5054
93,"Termination of service of the workman gave rise to an industrial dispute which ultimately led to making of a reference by the appropriate Government to the Industrial Tribunal at Dibrugarh. The subject matter of reference was justification or otherwise of the dismissal of the workman from service and of his entitlement to reinstatement with full back wages. On behalf of the workman as well as on behalf of the Management, written statements were submitted. In the reference proceeding, the learned Industrial Tribunal simultaneously considered validity of the domestic enquiry as well as dismissal of the workman on merit. The Management side examined six witnesses whereas the workman examined himself as the sole witness on his behalf.",the workman,Person,0.9354
94,"In the proceeding before the Tribunal, the petitioner responding to the notice served on her filed written statement and also documents, claiming herself to be an Indian citizen by birth. In the written statement submitted by the petitioner, it was contended that the petitioner is a bonafide citizen of India and her father's name (Jaynal Ali) appeared in the voter list of 1965 pertaining to 53 No. Sarukhetri LAC. It was further contended hat her name also appeared in the 1997 voter list. Referring one Rajab Ali and Kuran Ali as her brothers, it was contended that their names also appeared in the said voter list of 1997. The petitioner also stated in the written statement that her name appeared in the voter list of 1989 and 1997. The written statement also refers to the certificate of the Gaonbura certifying the marriage of the petitioner with one Hazarat Ali. In the written statement, the petitioner also contended that actual name of her father is Jaynal Ali instead of Jaynal Seikh.",petitioner,Person,0.9417
94,"In the proceeding before the Tribunal, the petitioner responding to the notice served on her filed written statement and also documents, claiming herself to be an Indian citizen by birth. In the written statement submitted by the petitioner, it was contended that the petitioner is a bonafide citizen of India and her father's name (Jaynal Ali) appeared in the voter list of 1965 pertaining to 53 No. Sarukhetri LAC. It was further contended hat her name also appeared in the 1997 voter list. Referring one Rajab Ali and Kuran Ali as her brothers, it was contended that their names also appeared in the said voter list of 1997. The petitioner also stated in the written statement that her name appeared in the voter list of 1989 and 1997. The written statement also refers to the certificate of the Gaonbura certifying the marriage of the petitioner with one Hazarat Ali. In the written statement, the petitioner also contended that actual name of her father is Jaynal Ali instead of Jaynal Seikh.",written statement,Document,0.6863
94,"In the proceeding before the Tribunal, the petitioner responding to the notice served on her filed written statement and also documents, claiming herself to be an Indian citizen by birth. In the written statement submitted by the petitioner, it was contended that the petitioner is a bonafide citizen of India and her father's name (Jaynal Ali) appeared in the voter list of 1965 pertaining to 53 No. Sarukhetri LAC. It was further contended hat her name also appeared in the 1997 voter list. Referring one Rajab Ali and Kuran Ali as her brothers, it was contended that their names also appeared in the said voter list of 1997. The petitioner also stated in the written statement that her name appeared in the voter list of 1989 and 1997. The written statement also refers to the certificate of the Gaonbura certifying the marriage of the petitioner with one Hazarat Ali. In the written statement, the petitioner also contended that actual name of her father is Jaynal Ali instead of Jaynal Seikh.",written statement,Document,0.8454
94,"In the proceeding before the Tribunal, the petitioner responding to the notice served on her filed written statement and also documents, claiming herself to be an Indian citizen by birth. In the written statement submitted by the petitioner, it was contended that the petitioner is a bonafide citizen of India and her father's name (Jaynal Ali) appeared in the voter list of 1965 pertaining to 53 No. Sarukhetri LAC. It was further contended hat her name also appeared in the 1997 voter list. Referring one Rajab Ali and Kuran Ali as her brothers, it was contended that their names also appeared in the said voter list of 1997. The petitioner also stated in the written statement that her name appeared in the voter list of 1989 and 1997. The written statement also refers to the certificate of the Gaonbura certifying the marriage of the petitioner with one Hazarat Ali. In the written statement, the petitioner also contended that actual name of her father is Jaynal Ali instead of Jaynal Seikh.",petitioner,Person,0.9315
94,"In the proceeding before the Tribunal, the petitioner responding to the notice served on her filed written statement and also documents, claiming herself to be an Indian citizen by birth. In the written statement submitted by the petitioner, it was contended that the petitioner is a bonafide citizen of India and her father's name (Jaynal Ali) appeared in the voter list of 1965 pertaining to 53 No. Sarukhetri LAC. It was further contended hat her name also appeared in the 1997 voter list. Referring one Rajab Ali and Kuran Ali as her brothers, it was contended that their names also appeared in the said voter list of 1997. The petitioner also stated in the written statement that her name appeared in the voter list of 1989 and 1997. The written statement also refers to the certificate of the Gaonbura certifying the marriage of the petitioner with one Hazarat Ali. In the written statement, the petitioner also contended that actual name of her father is Jaynal Ali instead of Jaynal Seikh.",petitioner,Person,0.9432
94,"In the proceeding before the Tribunal, the petitioner responding to the notice served on her filed written statement and also documents, claiming herself to be an Indian citizen by birth. In the written statement submitted by the petitioner, it was contended that the petitioner is a bonafide citizen of India and her father's name (Jaynal Ali) appeared in the voter list of 1965 pertaining to 53 No. Sarukhetri LAC. It was further contended hat her name also appeared in the 1997 voter list. Referring one Rajab Ali and Kuran Ali as her brothers, it was contended that their names also appeared in the said voter list of 1997. The petitioner also stated in the written statement that her name appeared in the voter list of 1989 and 1997. The written statement also refers to the certificate of the Gaonbura certifying the marriage of the petitioner with one Hazarat Ali. In the written statement, the petitioner also contended that actual name of her father is Jaynal Ali instead of Jaynal Seikh.",Jaynal Ali,Person,0.969
94,"In the proceeding before the Tribunal, the petitioner responding to the notice served on her filed written statement and also documents, claiming herself to be an Indian citizen by birth. In the written statement submitted by the petitioner, it was contended that the petitioner is a bonafide citizen of India and her father's name (Jaynal Ali) appeared in the voter list of 1965 pertaining to 53 No. Sarukhetri LAC. It was further contended hat her name also appeared in the 1997 voter list. Referring one Rajab Ali and Kuran Ali as her brothers, it was contended that their names also appeared in the said voter list of 1997. The petitioner also stated in the written statement that her name appeared in the voter list of 1989 and 1997. The written statement also refers to the certificate of the Gaonbura certifying the marriage of the petitioner with one Hazarat Ali. In the written statement, the petitioner also contended that actual name of her father is Jaynal Ali instead of Jaynal Seikh.",voter list,Document,0.5134
94,"In the proceeding before the Tribunal, the petitioner responding to the notice served on her filed written statement and also documents, claiming herself to be an Indian citizen by birth. In the written statement submitted by the petitioner, it was contended that the petitioner is a bonafide citizen of India and her father's name (Jaynal Ali) appeared in the voter list of 1965 pertaining to 53 No. Sarukhetri LAC. It was further contended hat her name also appeared in the 1997 voter list. Referring one Rajab Ali and Kuran Ali as her brothers, it was contended that their names also appeared in the said voter list of 1997. The petitioner also stated in the written statement that her name appeared in the voter list of 1989 and 1997. The written statement also refers to the certificate of the Gaonbura certifying the marriage of the petitioner with one Hazarat Ali. In the written statement, the petitioner also contended that actual name of her father is Jaynal Ali instead of Jaynal Seikh.",1965,Date,0.5983
94,"In the proceeding before the Tribunal, the petitioner responding to the notice served on her filed written statement and also documents, claiming herself to be an Indian citizen by birth. In the written statement submitted by the petitioner, it was contended that the petitioner is a bonafide citizen of India and her father's name (Jaynal Ali) appeared in the voter list of 1965 pertaining to 53 No. Sarukhetri LAC. It was further contended hat her name also appeared in the 1997 voter list. Referring one Rajab Ali and Kuran Ali as her brothers, it was contended that their names also appeared in the said voter list of 1997. The petitioner also stated in the written statement that her name appeared in the voter list of 1989 and 1997. The written statement also refers to the certificate of the Gaonbura certifying the marriage of the petitioner with one Hazarat Ali. In the written statement, the petitioner also contended that actual name of her father is Jaynal Ali instead of Jaynal Seikh.",1997,Date,0.8607
94,"In the proceeding before the Tribunal, the petitioner responding to the notice served on her filed written statement and also documents, claiming herself to be an Indian citizen by birth. In the written statement submitted by the petitioner, it was contended that the petitioner is a bonafide citizen of India and her father's name (Jaynal Ali) appeared in the voter list of 1965 pertaining to 53 No. Sarukhetri LAC. It was further contended hat her name also appeared in the 1997 voter list. Referring one Rajab Ali and Kuran Ali as her brothers, it was contended that their names also appeared in the said voter list of 1997. The petitioner also stated in the written statement that her name appeared in the voter list of 1989 and 1997. The written statement also refers to the certificate of the Gaonbura certifying the marriage of the petitioner with one Hazarat Ali. In the written statement, the petitioner also contended that actual name of her father is Jaynal Ali instead of Jaynal Seikh.",Rajab Ali,Person,0.8198
94,"In the proceeding before the Tribunal, the petitioner responding to the notice served on her filed written statement and also documents, claiming herself to be an Indian citizen by birth. In the written statement submitted by the petitioner, it was contended that the petitioner is a bonafide citizen of India and her father's name (Jaynal Ali) appeared in the voter list of 1965 pertaining to 53 No. Sarukhetri LAC. It was further contended hat her name also appeared in the 1997 voter list. Referring one Rajab Ali and Kuran Ali as her brothers, it was contended that their names also appeared in the said voter list of 1997. The petitioner also stated in the written statement that her name appeared in the voter list of 1989 and 1997. The written statement also refers to the certificate of the Gaonbura certifying the marriage of the petitioner with one Hazarat Ali. In the written statement, the petitioner also contended that actual name of her father is Jaynal Ali instead of Jaynal Seikh.",Kuran Ali,Person,0.8748
94,"In the proceeding before the Tribunal, the petitioner responding to the notice served on her filed written statement and also documents, claiming herself to be an Indian citizen by birth. In the written statement submitted by the petitioner, it was contended that the petitioner is a bonafide citizen of India and her father's name (Jaynal Ali) appeared in the voter list of 1965 pertaining to 53 No. Sarukhetri LAC. It was further contended hat her name also appeared in the 1997 voter list. Referring one Rajab Ali and Kuran Ali as her brothers, it was contended that their names also appeared in the said voter list of 1997. The petitioner also stated in the written statement that her name appeared in the voter list of 1989 and 1997. The written statement also refers to the certificate of the Gaonbura certifying the marriage of the petitioner with one Hazarat Ali. In the written statement, the petitioner also contended that actual name of her father is Jaynal Ali instead of Jaynal Seikh.",1997,Date,0.7327
94,"In the proceeding before the Tribunal, the petitioner responding to the notice served on her filed written statement and also documents, claiming herself to be an Indian citizen by birth. In the written statement submitted by the petitioner, it was contended that the petitioner is a bonafide citizen of India and her father's name (Jaynal Ali) appeared in the voter list of 1965 pertaining to 53 No. Sarukhetri LAC. It was further contended hat her name also appeared in the 1997 voter list. Referring one Rajab Ali and Kuran Ali as her brothers, it was contended that their names also appeared in the said voter list of 1997. The petitioner also stated in the written statement that her name appeared in the voter list of 1989 and 1997. The written statement also refers to the certificate of the Gaonbura certifying the marriage of the petitioner with one Hazarat Ali. In the written statement, the petitioner also contended that actual name of her father is Jaynal Ali instead of Jaynal Seikh.",petitioner,Person,0.9345
94,"In the proceeding before the Tribunal, the petitioner responding to the notice served on her filed written statement and also documents, claiming herself to be an Indian citizen by birth. In the written statement submitted by the petitioner, it was contended that the petitioner is a bonafide citizen of India and her father's name (Jaynal Ali) appeared in the voter list of 1965 pertaining to 53 No. Sarukhetri LAC. It was further contended hat her name also appeared in the 1997 voter list. Referring one Rajab Ali and Kuran Ali as her brothers, it was contended that their names also appeared in the said voter list of 1997. The petitioner also stated in the written statement that her name appeared in the voter list of 1989 and 1997. The written statement also refers to the certificate of the Gaonbura certifying the marriage of the petitioner with one Hazarat Ali. In the written statement, the petitioner also contended that actual name of her father is Jaynal Ali instead of Jaynal Seikh.",written statement,Document,0.8158
94,"In the proceeding before the Tribunal, the petitioner responding to the notice served on her filed written statement and also documents, claiming herself to be an Indian citizen by birth. In the written statement submitted by the petitioner, it was contended that the petitioner is a bonafide citizen of India and her father's name (Jaynal Ali) appeared in the voter list of 1965 pertaining to 53 No. Sarukhetri LAC. It was further contended hat her name also appeared in the 1997 voter list. Referring one Rajab Ali and Kuran Ali as her brothers, it was contended that their names also appeared in the said voter list of 1997. The petitioner also stated in the written statement that her name appeared in the voter list of 1989 and 1997. The written statement also refers to the certificate of the Gaonbura certifying the marriage of the petitioner with one Hazarat Ali. In the written statement, the petitioner also contended that actual name of her father is Jaynal Ali instead of Jaynal Seikh.",1997,Date,0.7872
94,"In the proceeding before the Tribunal, the petitioner responding to the notice served on her filed written statement and also documents, claiming herself to be an Indian citizen by birth. In the written statement submitted by the petitioner, it was contended that the petitioner is a bonafide citizen of India and her father's name (Jaynal Ali) appeared in the voter list of 1965 pertaining to 53 No. Sarukhetri LAC. It was further contended hat her name also appeared in the 1997 voter list. Referring one Rajab Ali and Kuran Ali as her brothers, it was contended that their names also appeared in the said voter list of 1997. The petitioner also stated in the written statement that her name appeared in the voter list of 1989 and 1997. The written statement also refers to the certificate of the Gaonbura certifying the marriage of the petitioner with one Hazarat Ali. In the written statement, the petitioner also contended that actual name of her father is Jaynal Ali instead of Jaynal Seikh.",written statement,Document,0.5263
94,"In the proceeding before the Tribunal, the petitioner responding to the notice served on her filed written statement and also documents, claiming herself to be an Indian citizen by birth. In the written statement submitted by the petitioner, it was contended that the petitioner is a bonafide citizen of India and her father's name (Jaynal Ali) appeared in the voter list of 1965 pertaining to 53 No. Sarukhetri LAC. It was further contended hat her name also appeared in the 1997 voter list. Referring one Rajab Ali and Kuran Ali as her brothers, it was contended that their names also appeared in the said voter list of 1997. The petitioner also stated in the written statement that her name appeared in the voter list of 1989 and 1997. The written statement also refers to the certificate of the Gaonbura certifying the marriage of the petitioner with one Hazarat Ali. In the written statement, the petitioner also contended that actual name of her father is Jaynal Ali instead of Jaynal Seikh.",petitioner,Person,0.9188
94,"In the proceeding before the Tribunal, the petitioner responding to the notice served on her filed written statement and also documents, claiming herself to be an Indian citizen by birth. In the written statement submitted by the petitioner, it was contended that the petitioner is a bonafide citizen of India and her father's name (Jaynal Ali) appeared in the voter list of 1965 pertaining to 53 No. Sarukhetri LAC. It was further contended hat her name also appeared in the 1997 voter list. Referring one Rajab Ali and Kuran Ali as her brothers, it was contended that their names also appeared in the said voter list of 1997. The petitioner also stated in the written statement that her name appeared in the voter list of 1989 and 1997. The written statement also refers to the certificate of the Gaonbura certifying the marriage of the petitioner with one Hazarat Ali. In the written statement, the petitioner also contended that actual name of her father is Jaynal Ali instead of Jaynal Seikh.",Hazarat Ali,Person,0.8479
94,"In the proceeding before the Tribunal, the petitioner responding to the notice served on her filed written statement and also documents, claiming herself to be an Indian citizen by birth. In the written statement submitted by the petitioner, it was contended that the petitioner is a bonafide citizen of India and her father's name (Jaynal Ali) appeared in the voter list of 1965 pertaining to 53 No. Sarukhetri LAC. It was further contended hat her name also appeared in the 1997 voter list. Referring one Rajab Ali and Kuran Ali as her brothers, it was contended that their names also appeared in the said voter list of 1997. The petitioner also stated in the written statement that her name appeared in the voter list of 1989 and 1997. The written statement also refers to the certificate of the Gaonbura certifying the marriage of the petitioner with one Hazarat Ali. In the written statement, the petitioner also contended that actual name of her father is Jaynal Ali instead of Jaynal Seikh.",written statement,Document,0.6789
94,"In the proceeding before the Tribunal, the petitioner responding to the notice served on her filed written statement and also documents, claiming herself to be an Indian citizen by birth. In the written statement submitted by the petitioner, it was contended that the petitioner is a bonafide citizen of India and her father's name (Jaynal Ali) appeared in the voter list of 1965 pertaining to 53 No. Sarukhetri LAC. It was further contended hat her name also appeared in the 1997 voter list. Referring one Rajab Ali and Kuran Ali as her brothers, it was contended that their names also appeared in the said voter list of 1997. The petitioner also stated in the written statement that her name appeared in the voter list of 1989 and 1997. The written statement also refers to the certificate of the Gaonbura certifying the marriage of the petitioner with one Hazarat Ali. In the written statement, the petitioner also contended that actual name of her father is Jaynal Ali instead of Jaynal Seikh.",petitioner,Person,0.9398
94,"In the proceeding before the Tribunal, the petitioner responding to the notice served on her filed written statement and also documents, claiming herself to be an Indian citizen by birth. In the written statement submitted by the petitioner, it was contended that the petitioner is a bonafide citizen of India and her father's name (Jaynal Ali) appeared in the voter list of 1965 pertaining to 53 No. Sarukhetri LAC. It was further contended hat her name also appeared in the 1997 voter list. Referring one Rajab Ali and Kuran Ali as her brothers, it was contended that their names also appeared in the said voter list of 1997. The petitioner also stated in the written statement that her name appeared in the voter list of 1989 and 1997. The written statement also refers to the certificate of the Gaonbura certifying the marriage of the petitioner with one Hazarat Ali. In the written statement, the petitioner also contended that actual name of her father is Jaynal Ali instead of Jaynal Seikh.",Jaynal Ali,Person,0.9879
95,"Learned counsel for the petitioners says that originally the loan amount was Rs.4.90 crores and thereafter, the Bank has made claim for more amount towards further loan of Rs.7 crores, which the petitioners dispute. The petitioners are prepared to pay the admitted amount with interest within six months. If the amount is not paid, the petition may be treated to have been dismissed. In view of the above statement, issue notice to Respondent No.1. Pending further consideration, the Bank may not proceed with the recovery proceedings against the petitioners but will be at liberty to take possession of the properties at Gurgaon and Mohali and permit raising of funds against the said property by way of tripartite agreement between the petitioners, the Bank and a third party. List for further consideration on 3rd December, 2012.",petitioners,Person,0.8123
95,"Learned counsel for the petitioners says that originally the loan amount was Rs.4.90 crores and thereafter, the Bank has made claim for more amount towards further loan of Rs.7 crores, which the petitioners dispute. The petitioners are prepared to pay the admitted amount with interest within six months. If the amount is not paid, the petition may be treated to have been dismissed. In view of the above statement, issue notice to Respondent No.1. Pending further consideration, the Bank may not proceed with the recovery proceedings against the petitioners but will be at liberty to take possession of the properties at Gurgaon and Mohali and permit raising of funds against the said property by way of tripartite agreement between the petitioners, the Bank and a third party. List for further consideration on 3rd December, 2012.",petitioners,Person,0.8529
95,"Learned counsel for the petitioners says that originally the loan amount was Rs.4.90 crores and thereafter, the Bank has made claim for more amount towards further loan of Rs.7 crores, which the petitioners dispute. The petitioners are prepared to pay the admitted amount with interest within six months. If the amount is not paid, the petition may be treated to have been dismissed. In view of the above statement, issue notice to Respondent No.1. Pending further consideration, the Bank may not proceed with the recovery proceedings against the petitioners but will be at liberty to take possession of the properties at Gurgaon and Mohali and permit raising of funds against the said property by way of tripartite agreement between the petitioners, the Bank and a third party. List for further consideration on 3rd December, 2012.",petitioners,Person,0.9062
95,"Learned counsel for the petitioners says that originally the loan amount was Rs.4.90 crores and thereafter, the Bank has made claim for more amount towards further loan of Rs.7 crores, which the petitioners dispute. The petitioners are prepared to pay the admitted amount with interest within six months. If the amount is not paid, the petition may be treated to have been dismissed. In view of the above statement, issue notice to Respondent No.1. Pending further consideration, the Bank may not proceed with the recovery proceedings against the petitioners but will be at liberty to take possession of the properties at Gurgaon and Mohali and permit raising of funds against the said property by way of tripartite agreement between the petitioners, the Bank and a third party. List for further consideration on 3rd December, 2012.",Respondent No.1,Person,0.8595
95,"Learned counsel for the petitioners says that originally the loan amount was Rs.4.90 crores and thereafter, the Bank has made claim for more amount towards further loan of Rs.7 crores, which the petitioners dispute. The petitioners are prepared to pay the admitted amount with interest within six months. If the amount is not paid, the petition may be treated to have been dismissed. In view of the above statement, issue notice to Respondent No.1. Pending further consideration, the Bank may not proceed with the recovery proceedings against the petitioners but will be at liberty to take possession of the properties at Gurgaon and Mohali and permit raising of funds against the said property by way of tripartite agreement between the petitioners, the Bank and a third party. List for further consideration on 3rd December, 2012.",petitioners,Person,0.8727
95,"Learned counsel for the petitioners says that originally the loan amount was Rs.4.90 crores and thereafter, the Bank has made claim for more amount towards further loan of Rs.7 crores, which the petitioners dispute. The petitioners are prepared to pay the admitted amount with interest within six months. If the amount is not paid, the petition may be treated to have been dismissed. In view of the above statement, issue notice to Respondent No.1. Pending further consideration, the Bank may not proceed with the recovery proceedings against the petitioners but will be at liberty to take possession of the properties at Gurgaon and Mohali and permit raising of funds against the said property by way of tripartite agreement between the petitioners, the Bank and a third party. List for further consideration on 3rd December, 2012.",tripartite agreement,Document,0.8212
95,"Learned counsel for the petitioners says that originally the loan amount was Rs.4.90 crores and thereafter, the Bank has made claim for more amount towards further loan of Rs.7 crores, which the petitioners dispute. The petitioners are prepared to pay the admitted amount with interest within six months. If the amount is not paid, the petition may be treated to have been dismissed. In view of the above statement, issue notice to Respondent No.1. Pending further consideration, the Bank may not proceed with the recovery proceedings against the petitioners but will be at liberty to take possession of the properties at Gurgaon and Mohali and permit raising of funds against the said property by way of tripartite agreement between the petitioners, the Bank and a third party. List for further consideration on 3rd December, 2012.",petitioners,Person,0.8528
95,"Learned counsel for the petitioners says that originally the loan amount was Rs.4.90 crores and thereafter, the Bank has made claim for more amount towards further loan of Rs.7 crores, which the petitioners dispute. The petitioners are prepared to pay the admitted amount with interest within six months. If the amount is not paid, the petition may be treated to have been dismissed. In view of the above statement, issue notice to Respondent No.1. Pending further consideration, the Bank may not proceed with the recovery proceedings against the petitioners but will be at liberty to take possession of the properties at Gurgaon and Mohali and permit raising of funds against the said property by way of tripartite agreement between the petitioners, the Bank and a third party. List for further consideration on 3rd December, 2012.","3rd December, 2012",Date,0.762
96,"This writ petition under Article 226 of the Constitution of India is filed by the petitioner questioning the selection of respondent No. 4 for grant of Retail Outlet (RO) in the category of 'outstanding sports person', for short, OSP, in respect of location at Amguri in the district of Sivasagar. Direction is also sought for to declare the petitioner as the most suitable candidate under the category of OSP or in the category of 33% reserved for women category. Conspicuously, date of the letter purporting to indicate selection of the respondent No. 4 has been kept blank. The facts, in a nutshell, as emerging from the writ petition is that the petitioner is an educated unemployed youth and a national level sports woman. She had earned many laurels and prizes in various national level competitions in the discipline of 'weight lifting'. She had secured first place in 56kg weight class at the national bench press power lifting championship held at Mount Abu on and from 16th to 18th July, 2004. The said competition is recognised by the Department of Youth Affairs & Sports, Ministry of Human Resources Development, Government of India and International Power Lifting Federation and The Indian Olympic Association.",Constitution of India,Law,0.7519
96,"This writ petition under Article 226 of the Constitution of India is filed by the petitioner questioning the selection of respondent No. 4 for grant of Retail Outlet (RO) in the category of 'outstanding sports person', for short, OSP, in respect of location at Amguri in the district of Sivasagar. Direction is also sought for to declare the petitioner as the most suitable candidate under the category of OSP or in the category of 33% reserved for women category. Conspicuously, date of the letter purporting to indicate selection of the respondent No. 4 has been kept blank. The facts, in a nutshell, as emerging from the writ petition is that the petitioner is an educated unemployed youth and a national level sports woman. She had earned many laurels and prizes in various national level competitions in the discipline of 'weight lifting'. She had secured first place in 56kg weight class at the national bench press power lifting championship held at Mount Abu on and from 16th to 18th July, 2004. The said competition is recognised by the Department of Youth Affairs & Sports, Ministry of Human Resources Development, Government of India and International Power Lifting Federation and The Indian Olympic Association.",petitioner,Person,0.9353
96,"This writ petition under Article 226 of the Constitution of India is filed by the petitioner questioning the selection of respondent No. 4 for grant of Retail Outlet (RO) in the category of 'outstanding sports person', for short, OSP, in respect of location at Amguri in the district of Sivasagar. Direction is also sought for to declare the petitioner as the most suitable candidate under the category of OSP or in the category of 33% reserved for women category. Conspicuously, date of the letter purporting to indicate selection of the respondent No. 4 has been kept blank. The facts, in a nutshell, as emerging from the writ petition is that the petitioner is an educated unemployed youth and a national level sports woman. She had earned many laurels and prizes in various national level competitions in the discipline of 'weight lifting'. She had secured first place in 56kg weight class at the national bench press power lifting championship held at Mount Abu on and from 16th to 18th July, 2004. The said competition is recognised by the Department of Youth Affairs & Sports, Ministry of Human Resources Development, Government of India and International Power Lifting Federation and The Indian Olympic Association.",respondent No. 4,Person,0.9035
96,"This writ petition under Article 226 of the Constitution of India is filed by the petitioner questioning the selection of respondent No. 4 for grant of Retail Outlet (RO) in the category of 'outstanding sports person', for short, OSP, in respect of location at Amguri in the district of Sivasagar. Direction is also sought for to declare the petitioner as the most suitable candidate under the category of OSP or in the category of 33% reserved for women category. Conspicuously, date of the letter purporting to indicate selection of the respondent No. 4 has been kept blank. The facts, in a nutshell, as emerging from the writ petition is that the petitioner is an educated unemployed youth and a national level sports woman. She had earned many laurels and prizes in various national level competitions in the discipline of 'weight lifting'. She had secured first place in 56kg weight class at the national bench press power lifting championship held at Mount Abu on and from 16th to 18th July, 2004. The said competition is recognised by the Department of Youth Affairs & Sports, Ministry of Human Resources Development, Government of India and International Power Lifting Federation and The Indian Olympic Association.",petitioner,Person,0.953
96,"This writ petition under Article 226 of the Constitution of India is filed by the petitioner questioning the selection of respondent No. 4 for grant of Retail Outlet (RO) in the category of 'outstanding sports person', for short, OSP, in respect of location at Amguri in the district of Sivasagar. Direction is also sought for to declare the petitioner as the most suitable candidate under the category of OSP or in the category of 33% reserved for women category. Conspicuously, date of the letter purporting to indicate selection of the respondent No. 4 has been kept blank. The facts, in a nutshell, as emerging from the writ petition is that the petitioner is an educated unemployed youth and a national level sports woman. She had earned many laurels and prizes in various national level competitions in the discipline of 'weight lifting'. She had secured first place in 56kg weight class at the national bench press power lifting championship held at Mount Abu on and from 16th to 18th July, 2004. The said competition is recognised by the Department of Youth Affairs & Sports, Ministry of Human Resources Development, Government of India and International Power Lifting Federation and The Indian Olympic Association.",respondent No. 4,Person,0.9363
96,"This writ petition under Article 226 of the Constitution of India is filed by the petitioner questioning the selection of respondent No. 4 for grant of Retail Outlet (RO) in the category of 'outstanding sports person', for short, OSP, in respect of location at Amguri in the district of Sivasagar. Direction is also sought for to declare the petitioner as the most suitable candidate under the category of OSP or in the category of 33% reserved for women category. Conspicuously, date of the letter purporting to indicate selection of the respondent No. 4 has been kept blank. The facts, in a nutshell, as emerging from the writ petition is that the petitioner is an educated unemployed youth and a national level sports woman. She had earned many laurels and prizes in various national level competitions in the discipline of 'weight lifting'. She had secured first place in 56kg weight class at the national bench press power lifting championship held at Mount Abu on and from 16th to 18th July, 2004. The said competition is recognised by the Department of Youth Affairs & Sports, Ministry of Human Resources Development, Government of India and International Power Lifting Federation and The Indian Olympic Association.",petitioner,Person,0.9564
96,"This writ petition under Article 226 of the Constitution of India is filed by the petitioner questioning the selection of respondent No. 4 for grant of Retail Outlet (RO) in the category of 'outstanding sports person', for short, OSP, in respect of location at Amguri in the district of Sivasagar. Direction is also sought for to declare the petitioner as the most suitable candidate under the category of OSP or in the category of 33% reserved for women category. Conspicuously, date of the letter purporting to indicate selection of the respondent No. 4 has been kept blank. The facts, in a nutshell, as emerging from the writ petition is that the petitioner is an educated unemployed youth and a national level sports woman. She had earned many laurels and prizes in various national level competitions in the discipline of 'weight lifting'. She had secured first place in 56kg weight class at the national bench press power lifting championship held at Mount Abu on and from 16th to 18th July, 2004. The said competition is recognised by the Department of Youth Affairs & Sports, Ministry of Human Resources Development, Government of India and International Power Lifting Federation and The Indian Olympic Association.",educated unemployed youth,Person,0.5742
96,"This writ petition under Article 226 of the Constitution of India is filed by the petitioner questioning the selection of respondent No. 4 for grant of Retail Outlet (RO) in the category of 'outstanding sports person', for short, OSP, in respect of location at Amguri in the district of Sivasagar. Direction is also sought for to declare the petitioner as the most suitable candidate under the category of OSP or in the category of 33% reserved for women category. Conspicuously, date of the letter purporting to indicate selection of the respondent No. 4 has been kept blank. The facts, in a nutshell, as emerging from the writ petition is that the petitioner is an educated unemployed youth and a national level sports woman. She had earned many laurels and prizes in various national level competitions in the discipline of 'weight lifting'. She had secured first place in 56kg weight class at the national bench press power lifting championship held at Mount Abu on and from 16th to 18th July, 2004. The said competition is recognised by the Department of Youth Affairs & Sports, Ministry of Human Resources Development, Government of India and International Power Lifting Federation and The Indian Olympic Association.",national level sports woman,Person,0.5574
97,"Heard Mr. A. M. Buzarbaruah, learned counsel for the petitioners and Mr. J. Handique, learned Government Advocate, Assam for the respondents. By way of this petition under Article 226 of the Constitution of India, petitioners have questioned the decision of the respondents in making deduction from their retirement dues of certain amounts which is stated to have been drawn as excess salary by the petitioners. Case of the petitioners is that they had served as Secretaries in different Gaon Panchayats under various Zilla Parishads and after rendering service for fairly long periods, they had superannuated from service.",Mr. A. M. Buzarbaruah,Person,0.8957
97,"Heard Mr. A. M. Buzarbaruah, learned counsel for the petitioners and Mr. J. Handique, learned Government Advocate, Assam for the respondents. By way of this petition under Article 226 of the Constitution of India, petitioners have questioned the decision of the respondents in making deduction from their retirement dues of certain amounts which is stated to have been drawn as excess salary by the petitioners. Case of the petitioners is that they had served as Secretaries in different Gaon Panchayats under various Zilla Parishads and after rendering service for fairly long periods, they had superannuated from service.",petitioners,Person,0.9412
97,"Heard Mr. A. M. Buzarbaruah, learned counsel for the petitioners and Mr. J. Handique, learned Government Advocate, Assam for the respondents. By way of this petition under Article 226 of the Constitution of India, petitioners have questioned the decision of the respondents in making deduction from their retirement dues of certain amounts which is stated to have been drawn as excess salary by the petitioners. Case of the petitioners is that they had served as Secretaries in different Gaon Panchayats under various Zilla Parishads and after rendering service for fairly long periods, they had superannuated from service.",Mr. J. Handique,Person,0.8695
97,"Heard Mr. A. M. Buzarbaruah, learned counsel for the petitioners and Mr. J. Handique, learned Government Advocate, Assam for the respondents. By way of this petition under Article 226 of the Constitution of India, petitioners have questioned the decision of the respondents in making deduction from their retirement dues of certain amounts which is stated to have been drawn as excess salary by the petitioners. Case of the petitioners is that they had served as Secretaries in different Gaon Panchayats under various Zilla Parishads and after rendering service for fairly long periods, they had superannuated from service.",respondents,Person,0.5559
97,"Heard Mr. A. M. Buzarbaruah, learned counsel for the petitioners and Mr. J. Handique, learned Government Advocate, Assam for the respondents. By way of this petition under Article 226 of the Constitution of India, petitioners have questioned the decision of the respondents in making deduction from their retirement dues of certain amounts which is stated to have been drawn as excess salary by the petitioners. Case of the petitioners is that they had served as Secretaries in different Gaon Panchayats under various Zilla Parishads and after rendering service for fairly long periods, they had superannuated from service.",Article 226,Law,0.5287
97,"Heard Mr. A. M. Buzarbaruah, learned counsel for the petitioners and Mr. J. Handique, learned Government Advocate, Assam for the respondents. By way of this petition under Article 226 of the Constitution of India, petitioners have questioned the decision of the respondents in making deduction from their retirement dues of certain amounts which is stated to have been drawn as excess salary by the petitioners. Case of the petitioners is that they had served as Secretaries in different Gaon Panchayats under various Zilla Parishads and after rendering service for fairly long periods, they had superannuated from service.",Constitution of India,Law,0.8129
97,"Heard Mr. A. M. Buzarbaruah, learned counsel for the petitioners and Mr. J. Handique, learned Government Advocate, Assam for the respondents. By way of this petition under Article 226 of the Constitution of India, petitioners have questioned the decision of the respondents in making deduction from their retirement dues of certain amounts which is stated to have been drawn as excess salary by the petitioners. Case of the petitioners is that they had served as Secretaries in different Gaon Panchayats under various Zilla Parishads and after rendering service for fairly long periods, they had superannuated from service.",petitioners,Person,0.9293
97,"Heard Mr. A. M. Buzarbaruah, learned counsel for the petitioners and Mr. J. Handique, learned Government Advocate, Assam for the respondents. By way of this petition under Article 226 of the Constitution of India, petitioners have questioned the decision of the respondents in making deduction from their retirement dues of certain amounts which is stated to have been drawn as excess salary by the petitioners. Case of the petitioners is that they had served as Secretaries in different Gaon Panchayats under various Zilla Parishads and after rendering service for fairly long periods, they had superannuated from service.",petitioners,Person,0.95
97,"Heard Mr. A. M. Buzarbaruah, learned counsel for the petitioners and Mr. J. Handique, learned Government Advocate, Assam for the respondents. By way of this petition under Article 226 of the Constitution of India, petitioners have questioned the decision of the respondents in making deduction from their retirement dues of certain amounts which is stated to have been drawn as excess salary by the petitioners. Case of the petitioners is that they had served as Secretaries in different Gaon Panchayats under various Zilla Parishads and after rendering service for fairly long periods, they had superannuated from service.",petitioners,Person,0.9327
98,"have heard Mr. J. Ahmed, learned counsel for the petitioner. I have also heard Mrs. H.M. Phukan, learned State Counsel as well as Mr. M. Bhagabati, learned CGC. On the basis of the reference made by the Superintendent Police (B), Morigaon, initially the IM(D)T case No. 179/2002 was registered against the petitioners and thereafter upon scrapping of the IM(D)T Act in Sarbananda Sonowal-I Vs. Union of India reported in AIR 2005 SC 2920, the reference was registered as FT(C) Case No. 105/2007 and the impugned declaration having been made vide the judgement and order dated 25/01/2013, the petitioners have filed the instant writ petition.",Mr. J. Ahmed,Person,0.722
98,"have heard Mr. J. Ahmed, learned counsel for the petitioner. I have also heard Mrs. H.M. Phukan, learned State Counsel as well as Mr. M. Bhagabati, learned CGC. On the basis of the reference made by the Superintendent Police (B), Morigaon, initially the IM(D)T case No. 179/2002 was registered against the petitioners and thereafter upon scrapping of the IM(D)T Act in Sarbananda Sonowal-I Vs. Union of India reported in AIR 2005 SC 2920, the reference was registered as FT(C) Case No. 105/2007 and the impugned declaration having been made vide the judgement and order dated 25/01/2013, the petitioners have filed the instant writ petition.",Mrs. H.M. Phukan,Person,0.8373
98,"have heard Mr. J. Ahmed, learned counsel for the petitioner. I have also heard Mrs. H.M. Phukan, learned State Counsel as well as Mr. M. Bhagabati, learned CGC. On the basis of the reference made by the Superintendent Police (B), Morigaon, initially the IM(D)T case No. 179/2002 was registered against the petitioners and thereafter upon scrapping of the IM(D)T Act in Sarbananda Sonowal-I Vs. Union of India reported in AIR 2005 SC 2920, the reference was registered as FT(C) Case No. 105/2007 and the impugned declaration having been made vide the judgement and order dated 25/01/2013, the petitioners have filed the instant writ petition.",Mr. M. Bhagabati,Person,0.8216
98,"have heard Mr. J. Ahmed, learned counsel for the petitioner. I have also heard Mrs. H.M. Phukan, learned State Counsel as well as Mr. M. Bhagabati, learned CGC. On the basis of the reference made by the Superintendent Police (B), Morigaon, initially the IM(D)T case No. 179/2002 was registered against the petitioners and thereafter upon scrapping of the IM(D)T Act in Sarbananda Sonowal-I Vs. Union of India reported in AIR 2005 SC 2920, the reference was registered as FT(C) Case No. 105/2007 and the impugned declaration having been made vide the judgement and order dated 25/01/2013, the petitioners have filed the instant writ petition.",Morigaon,Police Station,0.948
98,"have heard Mr. J. Ahmed, learned counsel for the petitioner. I have also heard Mrs. H.M. Phukan, learned State Counsel as well as Mr. M. Bhagabati, learned CGC. On the basis of the reference made by the Superintendent Police (B), Morigaon, initially the IM(D)T case No. 179/2002 was registered against the petitioners and thereafter upon scrapping of the IM(D)T Act in Sarbananda Sonowal-I Vs. Union of India reported in AIR 2005 SC 2920, the reference was registered as FT(C) Case No. 105/2007 and the impugned declaration having been made vide the judgement and order dated 25/01/2013, the petitioners have filed the instant writ petition.",IM(D)T case No. 179/2002,Case Number,0.9567
98,"have heard Mr. J. Ahmed, learned counsel for the petitioner. I have also heard Mrs. H.M. Phukan, learned State Counsel as well as Mr. M. Bhagabati, learned CGC. On the basis of the reference made by the Superintendent Police (B), Morigaon, initially the IM(D)T case No. 179/2002 was registered against the petitioners and thereafter upon scrapping of the IM(D)T Act in Sarbananda Sonowal-I Vs. Union of India reported in AIR 2005 SC 2920, the reference was registered as FT(C) Case No. 105/2007 and the impugned declaration having been made vide the judgement and order dated 25/01/2013, the petitioners have filed the instant writ petition.",petitioners,Person,0.6254
98,"have heard Mr. J. Ahmed, learned counsel for the petitioner. I have also heard Mrs. H.M. Phukan, learned State Counsel as well as Mr. M. Bhagabati, learned CGC. On the basis of the reference made by the Superintendent Police (B), Morigaon, initially the IM(D)T case No. 179/2002 was registered against the petitioners and thereafter upon scrapping of the IM(D)T Act in Sarbananda Sonowal-I Vs. Union of India reported in AIR 2005 SC 2920, the reference was registered as FT(C) Case No. 105/2007 and the impugned declaration having been made vide the judgement and order dated 25/01/2013, the petitioners have filed the instant writ petition.",IM(D)T Act,Law,0.9419
98,"have heard Mr. J. Ahmed, learned counsel for the petitioner. I have also heard Mrs. H.M. Phukan, learned State Counsel as well as Mr. M. Bhagabati, learned CGC. On the basis of the reference made by the Superintendent Police (B), Morigaon, initially the IM(D)T case No. 179/2002 was registered against the petitioners and thereafter upon scrapping of the IM(D)T Act in Sarbananda Sonowal-I Vs. Union of India reported in AIR 2005 SC 2920, the reference was registered as FT(C) Case No. 105/2007 and the impugned declaration having been made vide the judgement and order dated 25/01/2013, the petitioners have filed the instant writ petition.",AIR 2005 SC 2920,Document,0.9066
98,"have heard Mr. J. Ahmed, learned counsel for the petitioner. I have also heard Mrs. H.M. Phukan, learned State Counsel as well as Mr. M. Bhagabati, learned CGC. On the basis of the reference made by the Superintendent Police (B), Morigaon, initially the IM(D)T case No. 179/2002 was registered against the petitioners and thereafter upon scrapping of the IM(D)T Act in Sarbananda Sonowal-I Vs. Union of India reported in AIR 2005 SC 2920, the reference was registered as FT(C) Case No. 105/2007 and the impugned declaration having been made vide the judgement and order dated 25/01/2013, the petitioners have filed the instant writ petition.",FT(C) Case No. 105/2007,Case Number,0.9226
98,"have heard Mr. J. Ahmed, learned counsel for the petitioner. I have also heard Mrs. H.M. Phukan, learned State Counsel as well as Mr. M. Bhagabati, learned CGC. On the basis of the reference made by the Superintendent Police (B), Morigaon, initially the IM(D)T case No. 179/2002 was registered against the petitioners and thereafter upon scrapping of the IM(D)T Act in Sarbananda Sonowal-I Vs. Union of India reported in AIR 2005 SC 2920, the reference was registered as FT(C) Case No. 105/2007 and the impugned declaration having been made vide the judgement and order dated 25/01/2013, the petitioners have filed the instant writ petition.",judgement and order,Document,0.7869
98,"have heard Mr. J. Ahmed, learned counsel for the petitioner. I have also heard Mrs. H.M. Phukan, learned State Counsel as well as Mr. M. Bhagabati, learned CGC. On the basis of the reference made by the Superintendent Police (B), Morigaon, initially the IM(D)T case No. 179/2002 was registered against the petitioners and thereafter upon scrapping of the IM(D)T Act in Sarbananda Sonowal-I Vs. Union of India reported in AIR 2005 SC 2920, the reference was registered as FT(C) Case No. 105/2007 and the impugned declaration having been made vide the judgement and order dated 25/01/2013, the petitioners have filed the instant writ petition.",25/01/2013,Date,0.9698
98,"have heard Mr. J. Ahmed, learned counsel for the petitioner. I have also heard Mrs. H.M. Phukan, learned State Counsel as well as Mr. M. Bhagabati, learned CGC. On the basis of the reference made by the Superintendent Police (B), Morigaon, initially the IM(D)T case No. 179/2002 was registered against the petitioners and thereafter upon scrapping of the IM(D)T Act in Sarbananda Sonowal-I Vs. Union of India reported in AIR 2005 SC 2920, the reference was registered as FT(C) Case No. 105/2007 and the impugned declaration having been made vide the judgement and order dated 25/01/2013, the petitioners have filed the instant writ petition.",petitioners,Person,0.6346
99,"I have heard Mr. E. Ahmed, learned counsel for the petitioner and have also heard Mrs. H.M. Phukan, learned State Counsel and so also Ms. B. Das, learned CGC. I have perused the entire materials on record received from the Tribunal. On receipt of the notice from the Tribunal, the petitioner duly appeared and filed written statement stating inter alia that he was born in the year 1968 at Village-Mahadebpur Part-I. He further stated in his written statement that his father's name appears in the voter list of 1970 under No. 17, Katigorah Constituency. He also stated that his name appeared in the voter list of 1993 under No. 15 Katigorah Constituency. He also referred to his name appeared in the 1997 and 2005 voter lists of Village- Biswambarpur.",Mr. E. Ahmed,Person,0.8468
99,"I have heard Mr. E. Ahmed, learned counsel for the petitioner and have also heard Mrs. H.M. Phukan, learned State Counsel and so also Ms. B. Das, learned CGC. I have perused the entire materials on record received from the Tribunal. On receipt of the notice from the Tribunal, the petitioner duly appeared and filed written statement stating inter alia that he was born in the year 1968 at Village-Mahadebpur Part-I. He further stated in his written statement that his father's name appears in the voter list of 1970 under No. 17, Katigorah Constituency. He also stated that his name appeared in the voter list of 1993 under No. 15 Katigorah Constituency. He also referred to his name appeared in the 1997 and 2005 voter lists of Village- Biswambarpur.",the petitioner,Person,0.8104
99,"I have heard Mr. E. Ahmed, learned counsel for the petitioner and have also heard Mrs. H.M. Phukan, learned State Counsel and so also Ms. B. Das, learned CGC. I have perused the entire materials on record received from the Tribunal. On receipt of the notice from the Tribunal, the petitioner duly appeared and filed written statement stating inter alia that he was born in the year 1968 at Village-Mahadebpur Part-I. He further stated in his written statement that his father's name appears in the voter list of 1970 under No. 17, Katigorah Constituency. He also stated that his name appeared in the voter list of 1993 under No. 15 Katigorah Constituency. He also referred to his name appeared in the 1997 and 2005 voter lists of Village- Biswambarpur.",Mrs. H.M. Phukan,Person,0.8901
99,"I have heard Mr. E. Ahmed, learned counsel for the petitioner and have also heard Mrs. H.M. Phukan, learned State Counsel and so also Ms. B. Das, learned CGC. I have perused the entire materials on record received from the Tribunal. On receipt of the notice from the Tribunal, the petitioner duly appeared and filed written statement stating inter alia that he was born in the year 1968 at Village-Mahadebpur Part-I. He further stated in his written statement that his father's name appears in the voter list of 1970 under No. 17, Katigorah Constituency. He also stated that his name appeared in the voter list of 1993 under No. 15 Katigorah Constituency. He also referred to his name appeared in the 1997 and 2005 voter lists of Village- Biswambarpur.",Ms. B. Das,Person,0.8822
99,"I have heard Mr. E. Ahmed, learned counsel for the petitioner and have also heard Mrs. H.M. Phukan, learned State Counsel and so also Ms. B. Das, learned CGC. I have perused the entire materials on record received from the Tribunal. On receipt of the notice from the Tribunal, the petitioner duly appeared and filed written statement stating inter alia that he was born in the year 1968 at Village-Mahadebpur Part-I. He further stated in his written statement that his father's name appears in the voter list of 1970 under No. 17, Katigorah Constituency. He also stated that his name appeared in the voter list of 1993 under No. 15 Katigorah Constituency. He also referred to his name appeared in the 1997 and 2005 voter lists of Village- Biswambarpur.",Tribunal,Court,0.7104
99,"I have heard Mr. E. Ahmed, learned counsel for the petitioner and have also heard Mrs. H.M. Phukan, learned State Counsel and so also Ms. B. Das, learned CGC. I have perused the entire materials on record received from the Tribunal. On receipt of the notice from the Tribunal, the petitioner duly appeared and filed written statement stating inter alia that he was born in the year 1968 at Village-Mahadebpur Part-I. He further stated in his written statement that his father's name appears in the voter list of 1970 under No. 17, Katigorah Constituency. He also stated that his name appeared in the voter list of 1993 under No. 15 Katigorah Constituency. He also referred to his name appeared in the 1997 and 2005 voter lists of Village- Biswambarpur.",Tribunal,Court,0.7622
99,"I have heard Mr. E. Ahmed, learned counsel for the petitioner and have also heard Mrs. H.M. Phukan, learned State Counsel and so also Ms. B. Das, learned CGC. I have perused the entire materials on record received from the Tribunal. On receipt of the notice from the Tribunal, the petitioner duly appeared and filed written statement stating inter alia that he was born in the year 1968 at Village-Mahadebpur Part-I. He further stated in his written statement that his father's name appears in the voter list of 1970 under No. 17, Katigorah Constituency. He also stated that his name appeared in the voter list of 1993 under No. 15 Katigorah Constituency. He also referred to his name appeared in the 1997 and 2005 voter lists of Village- Biswambarpur.",the petitioner,Person,0.6452
99,"I have heard Mr. E. Ahmed, learned counsel for the petitioner and have also heard Mrs. H.M. Phukan, learned State Counsel and so also Ms. B. Das, learned CGC. I have perused the entire materials on record received from the Tribunal. On receipt of the notice from the Tribunal, the petitioner duly appeared and filed written statement stating inter alia that he was born in the year 1968 at Village-Mahadebpur Part-I. He further stated in his written statement that his father's name appears in the voter list of 1970 under No. 17, Katigorah Constituency. He also stated that his name appeared in the voter list of 1993 under No. 15 Katigorah Constituency. He also referred to his name appeared in the 1997 and 2005 voter lists of Village- Biswambarpur.",written statement,Document,0.5353
99,"I have heard Mr. E. Ahmed, learned counsel for the petitioner and have also heard Mrs. H.M. Phukan, learned State Counsel and so also Ms. B. Das, learned CGC. I have perused the entire materials on record received from the Tribunal. On receipt of the notice from the Tribunal, the petitioner duly appeared and filed written statement stating inter alia that he was born in the year 1968 at Village-Mahadebpur Part-I. He further stated in his written statement that his father's name appears in the voter list of 1970 under No. 17, Katigorah Constituency. He also stated that his name appeared in the voter list of 1993 under No. 15 Katigorah Constituency. He also referred to his name appeared in the 1997 and 2005 voter lists of Village- Biswambarpur.",1968,Date,0.6068
99,"I have heard Mr. E. Ahmed, learned counsel for the petitioner and have also heard Mrs. H.M. Phukan, learned State Counsel and so also Ms. B. Das, learned CGC. I have perused the entire materials on record received from the Tribunal. On receipt of the notice from the Tribunal, the petitioner duly appeared and filed written statement stating inter alia that he was born in the year 1968 at Village-Mahadebpur Part-I. He further stated in his written statement that his father's name appears in the voter list of 1970 under No. 17, Katigorah Constituency. He also stated that his name appeared in the voter list of 1993 under No. 15 Katigorah Constituency. He also referred to his name appeared in the 1997 and 2005 voter lists of Village- Biswambarpur.",written statement,Document,0.7331
99,"I have heard Mr. E. Ahmed, learned counsel for the petitioner and have also heard Mrs. H.M. Phukan, learned State Counsel and so also Ms. B. Das, learned CGC. I have perused the entire materials on record received from the Tribunal. On receipt of the notice from the Tribunal, the petitioner duly appeared and filed written statement stating inter alia that he was born in the year 1968 at Village-Mahadebpur Part-I. He further stated in his written statement that his father's name appears in the voter list of 1970 under No. 17, Katigorah Constituency. He also stated that his name appeared in the voter list of 1993 under No. 15 Katigorah Constituency. He also referred to his name appeared in the 1997 and 2005 voter lists of Village- Biswambarpur.",1997,Date,0.5614
100,"Two writ petitions being W.P.(C)No.2647/06 and W.P(C)No.5332/05 were filed with the grievance that five persons were illegally upgraded to the post of Section Assistant without considering the cases of the said writ petitioners. However, the said five persons were not made parties in the said two writ petitions. On the basis of materials on record, this court, in its judgment and order dated 27.01.2009, recorded a prima facie finding that the up-gradation/promotion/appointment of those five persons were made illegally. Taking note of the fact that the said five persons were not made party-respondents, this court did not set aside and quash their orders of appointment/up-gradation and directed the respondents to pass appropriate orders consistent with the observations made in the said judgment after providing adequate opportunities to the five incumbents.",W.P.(C)No.2647/06,Case Number,0.9645
100,"Two writ petitions being W.P.(C)No.2647/06 and W.P(C)No.5332/05 were filed with the grievance that five persons were illegally upgraded to the post of Section Assistant without considering the cases of the said writ petitioners. However, the said five persons were not made parties in the said two writ petitions. On the basis of materials on record, this court, in its judgment and order dated 27.01.2009, recorded a prima facie finding that the up-gradation/promotion/appointment of those five persons were made illegally. Taking note of the fact that the said five persons were not made party-respondents, this court did not set aside and quash their orders of appointment/up-gradation and directed the respondents to pass appropriate orders consistent with the observations made in the said judgment after providing adequate opportunities to the five incumbents.",W.P(C)No.5332/05,Case Number,0.9558
100,"Two writ petitions being W.P.(C)No.2647/06 and W.P(C)No.5332/05 were filed with the grievance that five persons were illegally upgraded to the post of Section Assistant without considering the cases of the said writ petitioners. However, the said five persons were not made parties in the said two writ petitions. On the basis of materials on record, this court, in its judgment and order dated 27.01.2009, recorded a prima facie finding that the up-gradation/promotion/appointment of those five persons were made illegally. Taking note of the fact that the said five persons were not made party-respondents, this court did not set aside and quash their orders of appointment/up-gradation and directed the respondents to pass appropriate orders consistent with the observations made in the said judgment after providing adequate opportunities to the five incumbents.",five persons,Person,0.6052
100,"Two writ petitions being W.P.(C)No.2647/06 and W.P(C)No.5332/05 were filed with the grievance that five persons were illegally upgraded to the post of Section Assistant without considering the cases of the said writ petitioners. However, the said five persons were not made parties in the said two writ petitions. On the basis of materials on record, this court, in its judgment and order dated 27.01.2009, recorded a prima facie finding that the up-gradation/promotion/appointment of those five persons were made illegally. Taking note of the fact that the said five persons were not made party-respondents, this court did not set aside and quash their orders of appointment/up-gradation and directed the respondents to pass appropriate orders consistent with the observations made in the said judgment after providing adequate opportunities to the five incumbents.",five persons,Person,0.6864
100,"Two writ petitions being W.P.(C)No.2647/06 and W.P(C)No.5332/05 were filed with the grievance that five persons were illegally upgraded to the post of Section Assistant without considering the cases of the said writ petitioners. However, the said five persons were not made parties in the said two writ petitions. On the basis of materials on record, this court, in its judgment and order dated 27.01.2009, recorded a prima facie finding that the up-gradation/promotion/appointment of those five persons were made illegally. Taking note of the fact that the said five persons were not made party-respondents, this court did not set aside and quash their orders of appointment/up-gradation and directed the respondents to pass appropriate orders consistent with the observations made in the said judgment after providing adequate opportunities to the five incumbents.",this court,Court,0.9398
100,"Two writ petitions being W.P.(C)No.2647/06 and W.P(C)No.5332/05 were filed with the grievance that five persons were illegally upgraded to the post of Section Assistant without considering the cases of the said writ petitioners. However, the said five persons were not made parties in the said two writ petitions. On the basis of materials on record, this court, in its judgment and order dated 27.01.2009, recorded a prima facie finding that the up-gradation/promotion/appointment of those five persons were made illegally. Taking note of the fact that the said five persons were not made party-respondents, this court did not set aside and quash their orders of appointment/up-gradation and directed the respondents to pass appropriate orders consistent with the observations made in the said judgment after providing adequate opportunities to the five incumbents.",judgment and order,Document,0.7734
100,"Two writ petitions being W.P.(C)No.2647/06 and W.P(C)No.5332/05 were filed with the grievance that five persons were illegally upgraded to the post of Section Assistant without considering the cases of the said writ petitioners. However, the said five persons were not made parties in the said two writ petitions. On the basis of materials on record, this court, in its judgment and order dated 27.01.2009, recorded a prima facie finding that the up-gradation/promotion/appointment of those five persons were made illegally. Taking note of the fact that the said five persons were not made party-respondents, this court did not set aside and quash their orders of appointment/up-gradation and directed the respondents to pass appropriate orders consistent with the observations made in the said judgment after providing adequate opportunities to the five incumbents.",27.01.2009,Date,0.9602
100,"Two writ petitions being W.P.(C)No.2647/06 and W.P(C)No.5332/05 were filed with the grievance that five persons were illegally upgraded to the post of Section Assistant without considering the cases of the said writ petitioners. However, the said five persons were not made parties in the said two writ petitions. On the basis of materials on record, this court, in its judgment and order dated 27.01.2009, recorded a prima facie finding that the up-gradation/promotion/appointment of those five persons were made illegally. Taking note of the fact that the said five persons were not made party-respondents, this court did not set aside and quash their orders of appointment/up-gradation and directed the respondents to pass appropriate orders consistent with the observations made in the said judgment after providing adequate opportunities to the five incumbents.",five persons,Person,0.7251
100,"Two writ petitions being W.P.(C)No.2647/06 and W.P(C)No.5332/05 were filed with the grievance that five persons were illegally upgraded to the post of Section Assistant without considering the cases of the said writ petitioners. However, the said five persons were not made parties in the said two writ petitions. On the basis of materials on record, this court, in its judgment and order dated 27.01.2009, recorded a prima facie finding that the up-gradation/promotion/appointment of those five persons were made illegally. Taking note of the fact that the said five persons were not made party-respondents, this court did not set aside and quash their orders of appointment/up-gradation and directed the respondents to pass appropriate orders consistent with the observations made in the said judgment after providing adequate opportunities to the five incumbents.",five persons,Person,0.7393
100,"Two writ petitions being W.P.(C)No.2647/06 and W.P(C)No.5332/05 were filed with the grievance that five persons were illegally upgraded to the post of Section Assistant without considering the cases of the said writ petitioners. However, the said five persons were not made parties in the said two writ petitions. On the basis of materials on record, this court, in its judgment and order dated 27.01.2009, recorded a prima facie finding that the up-gradation/promotion/appointment of those five persons were made illegally. Taking note of the fact that the said five persons were not made party-respondents, this court did not set aside and quash their orders of appointment/up-gradation and directed the respondents to pass appropriate orders consistent with the observations made in the said judgment after providing adequate opportunities to the five incumbents.",this court,Court,0.9545
101,"Heard Mr. G Uzir, learned counsel for the petitioner and Mr. J. Handique, learned Government Advocate, Assam, who has also produced the record. Also heard Mr. C. Baruah, learned Standing counsel, Accountant General. Challenge made in this writ petition is to the suspension order dated 29.12.2001 and show-cause notice dated 29.11.2002. Further prayer made is for quashing of the disciplinary proceeding initiated against the petitioner. Case of the petitioner is that while he was serving as Block Development Officer (BDO) in the Tingkhong Development Block in Dibrugarh district, he was placed under suspension on 29.12.2001, 3 (three) days prior to his retirement. The allegation against the petitioner was of mis-appropriation of Government money. Petitioner thereafter superannuated from service on 31.12.2001.",Mr. G Uzir,Person,0.7814
101,"Heard Mr. G Uzir, learned counsel for the petitioner and Mr. J. Handique, learned Government Advocate, Assam, who has also produced the record. Also heard Mr. C. Baruah, learned Standing counsel, Accountant General. Challenge made in this writ petition is to the suspension order dated 29.12.2001 and show-cause notice dated 29.11.2002. Further prayer made is for quashing of the disciplinary proceeding initiated against the petitioner. Case of the petitioner is that while he was serving as Block Development Officer (BDO) in the Tingkhong Development Block in Dibrugarh district, he was placed under suspension on 29.12.2001, 3 (three) days prior to his retirement. The allegation against the petitioner was of mis-appropriation of Government money. Petitioner thereafter superannuated from service on 31.12.2001.",petitioner,Person,0.9346
101,"Heard Mr. G Uzir, learned counsel for the petitioner and Mr. J. Handique, learned Government Advocate, Assam, who has also produced the record. Also heard Mr. C. Baruah, learned Standing counsel, Accountant General. Challenge made in this writ petition is to the suspension order dated 29.12.2001 and show-cause notice dated 29.11.2002. Further prayer made is for quashing of the disciplinary proceeding initiated against the petitioner. Case of the petitioner is that while he was serving as Block Development Officer (BDO) in the Tingkhong Development Block in Dibrugarh district, he was placed under suspension on 29.12.2001, 3 (three) days prior to his retirement. The allegation against the petitioner was of mis-appropriation of Government money. Petitioner thereafter superannuated from service on 31.12.2001.",Mr. J. Handique,Person,0.8293
101,"Heard Mr. G Uzir, learned counsel for the petitioner and Mr. J. Handique, learned Government Advocate, Assam, who has also produced the record. Also heard Mr. C. Baruah, learned Standing counsel, Accountant General. Challenge made in this writ petition is to the suspension order dated 29.12.2001 and show-cause notice dated 29.11.2002. Further prayer made is for quashing of the disciplinary proceeding initiated against the petitioner. Case of the petitioner is that while he was serving as Block Development Officer (BDO) in the Tingkhong Development Block in Dibrugarh district, he was placed under suspension on 29.12.2001, 3 (three) days prior to his retirement. The allegation against the petitioner was of mis-appropriation of Government money. Petitioner thereafter superannuated from service on 31.12.2001.",Mr. C. Baruah,Person,0.8034
101,"Heard Mr. G Uzir, learned counsel for the petitioner and Mr. J. Handique, learned Government Advocate, Assam, who has also produced the record. Also heard Mr. C. Baruah, learned Standing counsel, Accountant General. Challenge made in this writ petition is to the suspension order dated 29.12.2001 and show-cause notice dated 29.11.2002. Further prayer made is for quashing of the disciplinary proceeding initiated against the petitioner. Case of the petitioner is that while he was serving as Block Development Officer (BDO) in the Tingkhong Development Block in Dibrugarh district, he was placed under suspension on 29.12.2001, 3 (three) days prior to his retirement. The allegation against the petitioner was of mis-appropriation of Government money. Petitioner thereafter superannuated from service on 31.12.2001.",suspension order,Document,0.7766
101,"Heard Mr. G Uzir, learned counsel for the petitioner and Mr. J. Handique, learned Government Advocate, Assam, who has also produced the record. Also heard Mr. C. Baruah, learned Standing counsel, Accountant General. Challenge made in this writ petition is to the suspension order dated 29.12.2001 and show-cause notice dated 29.11.2002. Further prayer made is for quashing of the disciplinary proceeding initiated against the petitioner. Case of the petitioner is that while he was serving as Block Development Officer (BDO) in the Tingkhong Development Block in Dibrugarh district, he was placed under suspension on 29.12.2001, 3 (three) days prior to his retirement. The allegation against the petitioner was of mis-appropriation of Government money. Petitioner thereafter superannuated from service on 31.12.2001.",29.12.2001,Date,0.907
101,"Heard Mr. G Uzir, learned counsel for the petitioner and Mr. J. Handique, learned Government Advocate, Assam, who has also produced the record. Also heard Mr. C. Baruah, learned Standing counsel, Accountant General. Challenge made in this writ petition is to the suspension order dated 29.12.2001 and show-cause notice dated 29.11.2002. Further prayer made is for quashing of the disciplinary proceeding initiated against the petitioner. Case of the petitioner is that while he was serving as Block Development Officer (BDO) in the Tingkhong Development Block in Dibrugarh district, he was placed under suspension on 29.12.2001, 3 (three) days prior to his retirement. The allegation against the petitioner was of mis-appropriation of Government money. Petitioner thereafter superannuated from service on 31.12.2001.",show-cause notice,Document,0.928
101,"Heard Mr. G Uzir, learned counsel for the petitioner and Mr. J. Handique, learned Government Advocate, Assam, who has also produced the record. Also heard Mr. C. Baruah, learned Standing counsel, Accountant General. Challenge made in this writ petition is to the suspension order dated 29.12.2001 and show-cause notice dated 29.11.2002. Further prayer made is for quashing of the disciplinary proceeding initiated against the petitioner. Case of the petitioner is that while he was serving as Block Development Officer (BDO) in the Tingkhong Development Block in Dibrugarh district, he was placed under suspension on 29.12.2001, 3 (three) days prior to his retirement. The allegation against the petitioner was of mis-appropriation of Government money. Petitioner thereafter superannuated from service on 31.12.2001.",29.11.2002,Date,0.8138
101,"Heard Mr. G Uzir, learned counsel for the petitioner and Mr. J. Handique, learned Government Advocate, Assam, who has also produced the record. Also heard Mr. C. Baruah, learned Standing counsel, Accountant General. Challenge made in this writ petition is to the suspension order dated 29.12.2001 and show-cause notice dated 29.11.2002. Further prayer made is for quashing of the disciplinary proceeding initiated against the petitioner. Case of the petitioner is that while he was serving as Block Development Officer (BDO) in the Tingkhong Development Block in Dibrugarh district, he was placed under suspension on 29.12.2001, 3 (three) days prior to his retirement. The allegation against the petitioner was of mis-appropriation of Government money. Petitioner thereafter superannuated from service on 31.12.2001.",petitioner,Person,0.9517
101,"Heard Mr. G Uzir, learned counsel for the petitioner and Mr. J. Handique, learned Government Advocate, Assam, who has also produced the record. Also heard Mr. C. Baruah, learned Standing counsel, Accountant General. Challenge made in this writ petition is to the suspension order dated 29.12.2001 and show-cause notice dated 29.11.2002. Further prayer made is for quashing of the disciplinary proceeding initiated against the petitioner. Case of the petitioner is that while he was serving as Block Development Officer (BDO) in the Tingkhong Development Block in Dibrugarh district, he was placed under suspension on 29.12.2001, 3 (three) days prior to his retirement. The allegation against the petitioner was of mis-appropriation of Government money. Petitioner thereafter superannuated from service on 31.12.2001.",petitioner,Person,0.9385
101,"Heard Mr. G Uzir, learned counsel for the petitioner and Mr. J. Handique, learned Government Advocate, Assam, who has also produced the record. Also heard Mr. C. Baruah, learned Standing counsel, Accountant General. Challenge made in this writ petition is to the suspension order dated 29.12.2001 and show-cause notice dated 29.11.2002. Further prayer made is for quashing of the disciplinary proceeding initiated against the petitioner. Case of the petitioner is that while he was serving as Block Development Officer (BDO) in the Tingkhong Development Block in Dibrugarh district, he was placed under suspension on 29.12.2001, 3 (three) days prior to his retirement. The allegation against the petitioner was of mis-appropriation of Government money. Petitioner thereafter superannuated from service on 31.12.2001.",29.12.2001,Date,0.8871
101,"Heard Mr. G Uzir, learned counsel for the petitioner and Mr. J. Handique, learned Government Advocate, Assam, who has also produced the record. Also heard Mr. C. Baruah, learned Standing counsel, Accountant General. Challenge made in this writ petition is to the suspension order dated 29.12.2001 and show-cause notice dated 29.11.2002. Further prayer made is for quashing of the disciplinary proceeding initiated against the petitioner. Case of the petitioner is that while he was serving as Block Development Officer (BDO) in the Tingkhong Development Block in Dibrugarh district, he was placed under suspension on 29.12.2001, 3 (three) days prior to his retirement. The allegation against the petitioner was of mis-appropriation of Government money. Petitioner thereafter superannuated from service on 31.12.2001.",petitioner,Person,0.952
101,"Heard Mr. G Uzir, learned counsel for the petitioner and Mr. J. Handique, learned Government Advocate, Assam, who has also produced the record. Also heard Mr. C. Baruah, learned Standing counsel, Accountant General. Challenge made in this writ petition is to the suspension order dated 29.12.2001 and show-cause notice dated 29.11.2002. Further prayer made is for quashing of the disciplinary proceeding initiated against the petitioner. Case of the petitioner is that while he was serving as Block Development Officer (BDO) in the Tingkhong Development Block in Dibrugarh district, he was placed under suspension on 29.12.2001, 3 (three) days prior to his retirement. The allegation against the petitioner was of mis-appropriation of Government money. Petitioner thereafter superannuated from service on 31.12.2001.",Petitioner,Person,0.8383
101,"Heard Mr. G Uzir, learned counsel for the petitioner and Mr. J. Handique, learned Government Advocate, Assam, who has also produced the record. Also heard Mr. C. Baruah, learned Standing counsel, Accountant General. Challenge made in this writ petition is to the suspension order dated 29.12.2001 and show-cause notice dated 29.11.2002. Further prayer made is for quashing of the disciplinary proceeding initiated against the petitioner. Case of the petitioner is that while he was serving as Block Development Officer (BDO) in the Tingkhong Development Block in Dibrugarh district, he was placed under suspension on 29.12.2001, 3 (three) days prior to his retirement. The allegation against the petitioner was of mis-appropriation of Government money. Petitioner thereafter superannuated from service on 31.12.2001.",31.12.2001,Date,0.6438
