id,token,bio_tag
1,The,O
1,aforesaid,O
1,charge-sheet,O
1,was,O
1,submitted,O
1,against,O
1,10(ten),O
1,persons,O
1,including,O
1,the,O
1,present,O
1,petitioner.,O
1,An,O
1,FIR,B-Document
1,was,O
1,filed,O
1,by,O
1,one,O
1,Smti,O
1,Hardeep,O
1,Kaur,O
1,"Sondhi,",O
1,wife,O
1,of,O
1,late,O
1,Tej,B-Person
1,Pal,I-Person
1,Singh,I-Person
1,Sondhi,I-Person
1,with,O
1,the,O
1,"Officer-In-Charge,",O
1,Dispur,B-Police Station
1,Police,I-Police Station
1,Station,I-Police Station
1,on,O
1,2.9.2008,B-Date
1,which,O
1,was,O
1,registered,O
1,as,O
1,Dispur,B-Case Number
1,P.S.Case,I-Case Number
1,No.1383/09,I-Case Number
1,under,O
1,Sections,O
1,120(B)/468/447/506/506,O
1,IPC.,O
1,It,O
1,has,O
1,been,O
1,stated,O
1,in,O
1,the,O
1,FIR,O
1,that,O
1,the,O
1,informant's,O
1,family,O
1,owned,O
1,and,O
1,possessed,O
1,a,O
1,plot,O
1,of,O
1,land,O
1,measuring,O
1,4,O
1,Bighas,O
1,covered,O
1,by,O
1,Dag,O
1,"No.209,",O
1,K,O
1,P,O
1,Patta,O
1,No.52,O
1,at,O
1,revenue,O
1,village,O
1,Rukmininagar,O
1,under,O
1,Beltola,O
1,Mouza,O
1,in,O
1,the,O
1,District,O
1,of,O
1,Kamrup(M),O
1,adjacent,O
1,to,O
1,the,O
1,Down,O
1,Town,O
1,Hospital.,O
1,From,O
1,the,O
1,aforesaid,O
1,plot,O
1,of,O
1,land,O
1,2,O
1,Bighas,O
1,2,O
1,Kathas,O
1,of,O
1,land,O
1,was,O
1,sold,O
1,to,O
1,two,O
1,different,O
1,buyers,O
1,and,O
1,the,O
1,rest,O
1,was,O
1,still,O
1,belonging,O
1,to,O
1,informant's,O
1,family.,O
1,It,O
1,is,O
1,alleged,O
1,that,O
1,taking,O
1,advantage,O
1,of,O
1,long,O
1,absence,O
1,from,O
1,Guwahati,O
1,some,O
1,miscreants,O
1,fraudulently,O
1,executed,O
1,and,O
1,registered,O
1,sale,O
1,deed,O
1,in,O
1,the,O
1,names,O
1,of,O
1,her,O
1,father-in-law,O
1,and,O
1,her,O
1,deceased,O
1,"husband,",O
1,who,O
1,was,O
1,an,O
1,Advocate,O
1,of,O
1,Gauhati,O
1,High,O
1,Court.,O
1,It,O
1,is,O
1,also,O
1,alleged,O
1,that,O
1,the,O
1,miscreants,O
1,started,O
1,construction,O
1,of,O
1,boundary,O
1,wall,O
1,without,O
1,her,O
1,knowledge,O
1,and,O
1,having,O
1,come,O
1,to,O
1,know,O
1,about,O
1,it,O
1,from,O
1,reliable,O
1,"source,",O
1,she,O
1,went,O
1,to,O
1,prevent,O
1,the,O
1,construction,O
1,works,O
1,but,O
1,the,O
1,miscreants,O
1,threatened,O
1,her,O
1,with,O
1,dire,O
1,consequences,O
1,compelling,O
1,her,O
1,to,O
1,file,O
1,the,O
1,FIR.,O
,,
2,This,O
2,is,O
2,an,O
2,application,O
2,under,O
2,Section,B-Section
2,115,I-Section
2,read,O
2,with,O
2,Section,B-Section
2,151,I-Section
2,of,O
2,the,O
2,Code,O
2,of,O
2,Civil,O
2,Procedure.,O
2,Under,O
2,challenge,O
2,are,O
2,the,O
2,orders,O
2,dated,O
2,22.02.2006,B-Date
2,and,O
2,28.02.2006,B-Date
2,passed,O
2,by,O
2,the,O
2,learned,O
2,Civil,B-Court
2,Judge,I-Court
2,(Junior,I-Court
2,Division),I-Court
2,No.,I-Court
2,"2,",I-Court
2,Morigaon,I-Court
2,in,O
2,Title,B-Case Number
2,Execution,I-Case Number
2,No.,I-Case Number
2,4/2005,I-Case Number
2,arising,O
2,out,O
2,of,O
2,Title,O
2,Suit,O
2,No.,O
2,9,O
2,of,O
2,2002.,O
2,The,O
2,"petitioners,",O
2,as,O
2,"plaintiffs,",O
2,instituted,O
2,a,O
2,title,O
2,suit,O
2,against,O
2,the,O
2,present,O
2,opposite,O
2,parties,O
2,and,O
2,one,O
2,Sri,B-Person
2,Panchal,I-Person
2,Bordoloi,I-Person
2,which,O
2,was,O
2,registered,O
2,as,O
2,Title,B-Case Number
2,Suit,I-Case Number
2,No.,I-Case Number
2,9/2002,I-Case Number
2,in,O
2,the,O
2,Court,O
2,of,O
2,Civil,B-Court
2,Judge,I-Court
2,(Junior,I-Court
2,Division),I-Court
2,"No.2,",I-Court
2,Morigaon,I-Court
2,for,O
2,declaration,O
2,of,O
2,"right,",O
2,title,O
2,and,O
2,interest,O
2,in,O
2,respect,O
2,of,O
2,the,O
2,suit,O
2,land,O
2,described,O
2,in,O
2,Schedule,B-Document
2,A,I-Document
2,of,O
2,the,O
2,"plaint,",O
2,and,O
2,for,O
2,khas,O
2,possession,O
2,of,O
2,the,O
2,suit,O
2,land,O
2,by,O
2,evicting,O
2,the,O
2,principal,O
2,defendants,O
2,along,O
2,with,O
2,other,O
2,members,O
2,of,O
2,their,O
2,families,O
2,etc.,O
,,
3,Sri,O
3,"Roy,",O
3,learned,O
3,counsel,O
3,for,O
3,the,O
3,petitioner,O
3,submitted,O
3,that,O
3,the,O
3,respondent/defendant,O
3,"No.4,",O
3,M/s,O
3,Ganesh,O
3,Plantations,O
3,Pvt.,O
3,Ltd,O
3,had,O
3,already,O
3,appeared,O
3,in,O
3,the,O
3,suit,O
3,through,O
3,a,O
3,lawyer,O
3,and,O
3,no,O
3,written,B-Document
3,statement,I-Document
3,was,O
3,"filed,",O
3,despite,O
3,taking,O
3,adjournments.,O
3,"Suddenly,",O
3,after,O
3,more,O
3,than,O
3,four,O
3,years,O
3,of,O
3,filing,O
3,of,O
3,the,O
3,"suit,",O
3,the,O
3,respondent,O
3,No.10(not,O
3,a,O
3,party,O
3,in,O
3,the,O
3,suit),O
3,filed,O
3,a,O
3,petition,O
3,under,O
3,Section,B-Section
3,151,I-Section
3,of,O
3,the,O
3,Code,B-Law
3,of,I-Law
3,Civil,I-Law
3,Procedure,I-Law
3,representing,O
3,himself,O
3,as,O
3,the,O
3,Director-cum-Executive,O
3,Officer,O
3,of,O
3,defendant,O
3,No.4,O
3,and,O
3,prayed,O
3,for,O
3,allowing,O
3,the,O
3,said,O
3,defendant,O
3,to,O
3,submit,O
3,their,O
3,written,O
3,statement,O
3,and,O
3,to,O
3,contest,O
3,the,O
3,suit.,O
3,According,O
3,to,O
3,the,O
3,learned,O
3,"counsel,",O
3,the,O
3,respondent,B-Person
3,No.10,I-Person
3,was,O
3,not,O
3,impleaded,O
3,in,O
3,the,O
3,suit,O
3,by,O
3,name,O
3,nor,O
3,he,O
3,had,O
3,authority,O
3,to,O
3,file,O
3,the,O
3,objection,O
3,since,O
3,the,O
3,defendant,O
3,No.4,O
3,was,O
3,already,O
3,represented,O
3,by,O
3,its,O
3,Director.,O
,,
4,The,O
4,Bodoland,O
4,Territorial,O
4,Council,O
4,(for,O
4,short,O
4,hereafter,O
4,referred,O
4,to,O
4,as,O
4,the,O
4,Council),O
4,by,O
4,the,O
4,instant,O
4,application,O
4,seeks,O
4,a,O
4,review,O
4,of,O
4,the,O
4,order,O
4,dated,O
4,"20.09.2002,",O
4,passed,O
4,by,O
4,this,B-Court
4,Court,I-Court
4,in,O
4,WP(C),O
4,No.,O
4,"2721/2001,directing",O
4,the,O
4,competent,O
4,authority,O
4,to,O
4,appoint,O
4,the,O
4,opposite,O
4,party/respondent,O
4,No.,O
4,4,O
4,and/or,O
4,pass,O
4,necessary,O
4,orders,O
4,for,O
4,the,O
4,regularization,O
4,of,O
4,his,O
4,services,O
4,in,O
4,the,O
4,light,O
4,of,O
4,the,O
4,order,O
4,dated,O
4,07.12.1999,B-Date
4,(Annexure,O
4,B,O
4,to,O
4,the,O
4,writ,O
4,petition).,O
4,I,O
4,have,O
4,heard,O
4,Mr.,O
4,D,O
4,"Das,",O
4,learned,O
4,Standing,O
4,"Counsel,",O
4,Bodoland,O
4,Territorial,O
4,Council,O
4,and,O
4,Mr.,O
4,A,O
4,"Deka,",O
4,learned,O
4,Standing,O
4,"Counsel,",O
4,Education,O
4,Department,O
4,for,O
4,opposite,O
4,party,O
4,No.,O
4,"1,",O
4,2,O
4,&,O
4,3.,O
4,Also,O
4,heard,O
4,Mr.,O
4,KP,O
4,"Sarma,",O
4,Senior,O
4,Advocate,O
4,for,O
4,the,O
4,opposite,O
4,party,O
4,No.,O
4,4/writ,O
4,petitioner.,O
,,
5,The,B-Person
5,respondent,I-Person
5,No.,I-Person
5,1,I-Person
5,in,O
5,this,O
5,appeal,O
5,filed,O
5,the,O
5,writ,O
5,petition,O
5,being,O
5,W.P(C),O
5,No.,O
5,1687,O
5,of,O
5,2012,O
5,challenging,O
5,the,O
5,notice,O
5,dated,O
5,28.02.2011,B-Date
5,issued,O
5,by,O
5,the,O
5,Secretary,O
5,and,O
5,the,O
5,Executive,O
5,"Officer,",O
5,Assam,O
5,Anchalik,O
5,Panchayat,O
5,for,O
5,convening,O
5,the,O
5,special,O
5,meeting,O
5,of,O
5,Boalipar,O
5,Gaon,O
5,Panchayat,O
5,on,O
5,04.03.2011,B-Date
5,for,O
5,discussing,O
5,the,O
5,no,O
5,confidence,O
5,motion,O
5,against,O
5,the,O
5,President,O
5,of,O
5,the,O
5,said,O
5,Gaon,O
5,Panchayat.,O
5,Pursuant,O
5,to,O
5,the,O
5,said,O
5,notice,O
5,dated,O
5,28.02.2011,O
5,the,O
5,special,O
5,meeting,O
5,adopted,O
5,the,O
5,resolution,O
5,of,O
5,no,O
5,confidence,O
5,against,O
5,the,O
5,President,O
5,of,O
5,the,O
5,said,O
5,Gaon,O
5,Panchayat.,O
,,
6,work,O
6,executed,O
6,by,O
6,the,O
6,petitioner,B-Person
6,in,O
6,relation,O
6,to,O
6,the,O
6,work,O
6,contract,O
6,entered,O
6,with,O
6,the,O
6,respondent,O
6,(Railways).,O
6,On,O
6,such,O
6,application,O
6,being,O
6,"filed,",O
6,the,O
6,appropriate,O
6,authority,O
6,will,O
6,decide,O
6,the,O
6,application,O
6,in,O
6,accordance,O
6,with,O
6,the,O
6,provisions,O
6,of,O
6,the,O
6,Act,B-Law
6,keeping,O
6,in,O
6,view,O
6,the,O
6,facts,O
6,pleaded,O
6,by,O
6,the,O
6,petitioner,O
6,in,O
6,their,O
6,application,O
6,and,O
6,may,O
6,consider,O
6,to,O
6,grant,O
6,certificate,O
6,or/and,O
6,"reject,",O
6,as,O
6,the,O
6,case,O
6,may,O
6,"be,",O
6,after,O
6,affording,O
6,an,O
6,opportunity,O
6,to,O
6,the,O
6,petitioner,O
6,of,O
6,hearing.,O
6,Indeed,O
6,when,O
6,the,O
6,remedy,O
6,of,O
6,filing,O
6,an,O
6,application,O
6,is,O
6,provided,O
6,under,O
6,Section,B-Section
6,47,I-Section
6,ibid,O
6,to,O
6,a,O
6,"dealer,",O
6,then,O
6,it,O
6,is,O
6,this,O
6,statutory,O
6,remedy,O
6,which,O
6,must,O
6,be,O
6,resorted,O
6,to,O
6,by,O
6,the,O
6,dealer,O
6,in,O
6,order,O
6,to,O
6,resolve,O
6,the,O
6,dispute,O
6,of,O
6,the,O
6,nature,O
6,raised,O
6,herein,O
6,rather,O
6,than,O
6,to,O
6,take,O
6,recourse,O
6,to,O
6,the,O
6,extra,O
6,ordinary,O
6,remedy,O
6,of,O
6,writ,O
6,petition,O
6,under,O
6,Article,B-Law
6,226,I-Law
6,of,O
6,the,O
6,Constitution,B-Law
6,in,O
6,the,O
6,High,O
6,Court.,O
6,Indeed,O
6,Mr.,O
6,S.,O
6,"Saikia,",O
6,learned,O
6,Standing,O
6,"Counsel,",O
6,Finance,O
6,"Department,",O
6,who,O
6,appeared,O
6,on,O
6,behalf,O
6,of,O
6,the,O
6,State,O
6,on,O
6,advance,O
6,notice,O
6,did,O
6,not,O
6,dispute,O
6,this,O
6,legal,O
6,proposition,O
6,arising,O
6,in,O
6,the,O
6,"case,",O
6,so,O
6,also,O
6,the,O
6,learned,O
6,counsel,O
6,appearing,O
6,for,O
6,the,O
6,petitioner.,O
6,In,O
6,the,O
6,light,O
6,of,O
6,this,O
6,limited,O
6,"discussion,",O
6,we,O
6,are,O
6,not,O
6,inclined,O
6,to,O
6,entertain,O
6,the,O
6,writ,O
6,petition,O
6,for,O
6,deciding,O
6,the,O
6,controversy,O
6,on,O
6,merits,O
6,and,O
6,grant,O
6,liberty,O
6,to,O
6,the,O
6,petitioner,O
6,to,O
6,take,O
6,recourse,O
6,to,O
6,the,O
6,remedy,O
6,available,O
6,to,O
6,them,O
6,under,O
6,Section,O
6,47(b)(i),O
6,of,O
6,the,O
6,Act,O
6,as,O
6,mentioned,O
6,above.,O
6,In,O
6,"case,",O
6,if,O
6,an,O
6,application,O
6,is,O
6,made,O
6,by,O
6,the,O
6,petitioner,O
6,to,O
6,the,O
6,prescribed,O
6,authority,O
6,under,O
6,the,O
6,"Act,",O
6,then,O
6,the,O
6,prescribed,O
,,
7,Respondent,O
7,herein,O
7,as,O
7,the,O
7,writ,B-Person
7,petitioner,I-Person
7,had,O
7,filed,O
7,the,O
7,related,O
7,writ,B-Document
7,petition,I-Document
7,challenging,O
7,the,O
7,order,O
7,dated,O
7,11-08-2010,B-Date
7,passed,O
7,by,O
7,the,O
7,Commissioner,B-Person
7,of,I-Person
7,"Taxes,",I-Person
7,Assam,I-Person
7,(Commissioner),O
7,under,O
7,section,B-Section
7,105,I-Section
7,of,O
7,the,O
7,Assam,O
7,Value,O
7,Added,O
7,Tax,O
7,"Act,",O
7,2003,O
7,(Act),O
7,on,O
7,a,O
7,petition,O
7,filed,O
7,by,O
7,the,O
7,Superintendent,B-Person
7,of,I-Person
7,"Taxes,",I-Person
7,"Guwahati,",I-Person
7,Unit-B,I-Person
7,seeking,O
7,clarification,O
7,on,O
7,the,O
7,rate,O
7,of,O
7,tax,O
7,on,O
7,"\""Ujala",O
7,"Supreme\""",O
7,manufactured,O
7,by,O
7,the,O
7,petitioner.,O
7,Case,O
7,as,O
7,projected,O
7,in,O
7,the,O
7,writ,O
7,petition,O
7,is,O
7,that,O
7,respondent,O
7,is,O
7,engaged,O
7,in,O
7,the,O
7,business,O
7,of,O
7,making,O
7,and,O
7,selling,O
7,of,O
7,"\""Ujala",O
7,"Supreme\""",O
7,"(product),",O
7,which,O
7,is,O
7,the,O
7,brand,O
7,name,O
7,for,O
7,diluted,O
7,Acid,O
7,Violate,O
7,Paste,O
7,(AVP).,O
7,It,O
7,is,O
7,a,O
7,dealer,O
7,under,O
7,the,O
7,Act,B-Law
7,and,O
7,has,O
7,been,O
7,filing,O
7,returns,O
7,for,O
7,the,O
7,product,O
7,in,O
7,accordance,O
7,with,O
7,the,O
7,provisions,O
7,of,O
7,the,O
7,Act,O
7,and,O
7,the,O
7,Rules,O
7,framed,O
7,thereunder,O
7,by,O
7,classifying,O
7,it,O
7,under,O
7,HSN,O
7,Code,O
7,No.3204,O
7,12,O
7,"94,",O
7,paying,O
7,value,O
7,added,O
7,tax,O
7,(VAT),O
7,@4%,O
7,in,O
7,terms,O
7,of,O
7,part-C,O
7,of,O
7,second,O
7,schedule,O
7,to,O
7,the,O
7,Act,O
7,and,O
7,in,O
7,turn,O
7,collecting,O
7,the,O
7,said,O
7,amount,O
7,from,O
7,its,O
7,consumers.,O
,,
8,The,O
8,petitioner–village,O
8,council,O
8,is,O
8,challenging,O
8,the,O
8,order,O
8,dated,O
8,20.11.2009,B-Date
8,passed,O
8,by,O
8,the,O
8,Respondent,O
8,"No.3,",O
8,SDO(Civil),O
8,Sechu-zubza,O
8,under,O
8,Kohima,O
8,"District,",O
8,whereby,O
8,a,O
8,collective,O
8,fine,O
8,of,O
8,Rs.1,O
8,lac,O
8,has,O
8,been,O
8,imposed,O
8,on,O
8,the,O
8,petitioner-village,O
8,for,O
8,alleged,O
8,willful,O
8,damage,O
8,and,O
8,destruction,O
8,of,O
8,various,O
8,properties,O
8,belonging,O
8,to,O
8,Respondent,O
8,"No.4,",O
8,Sechuma,O
8,Village,O
8,Council,O
8,with,O
8,direction,O
8,to,O
8,deposit,O
8,the,O
8,said,O
8,amount,O
8,on,O
8,or,O
8,before,O
8,18.12.2009,B-Date
8,and,O
8,in,O
8,"default,",O
8,the,O
8,amount,O
8,shall,O
8,be,O
8,deducted,O
8,from,O
8,the,O
8,VDB,O
8,grant-in-aid,O
8,fund,O
8,of,O
8,the,O
8,petitioner,O
8,village,O
8,to,O
8,be,O
8,realised,O
8,through,O
8,the,O
8,Project,O
8,"Director,",O
8,"DRDA,",O
8,Kohima.,O
,,
9,The,O
9,writ,B-Document
9,petitions,I-Document
9,were,O
9,admitted,O
9,for,O
9,hearing,O
9,by,O
9,order,O
9,dated,O
9,29.08.2011,B-Date
9,and,O
9,recording,O
9,the,O
9,statements,O
9,made,O
9,by,O
9,the,O
9,learned,B-Person
9,counsel,I-Person
9,for,I-Person
9,the,I-Person
9,respondent,I-Person
9,No.,I-Person
9,8,I-Person
9,that,O
9,the,B-Document
9,writ,I-Document
9,petitions,I-Document
9,are,O
9,not,O
9,"maintainable,",O
9,irrespective,O
9,of,O
9,admission,O
9,of,O
9,the,O
9,same,O
9,for,O
9,"hearing,",O
9,the,O
9,question,O
9,of,O
9,maintainability,O
9,of,O
9,the,O
9,writ,O
9,petitions,O
9,was,O
9,kept,O
9,open.,O
9,During,O
9,the,O
9,course,O
9,of,O
9,hearing,O
9,of,O
9,the,O
9,writ,O
9,petitions,O
9,learned,B-Person
9,counsel,I-Person
9,for,I-Person
9,the,I-Person
9,respondents,I-Person
9,submitted,O
9,that,O
9,in,O
9,view,O
9,of,O
9,the,O
9,earlier,O
9,writ,O
9,proceedings,O
9,with,O
9,the,O
9,finality,O
9,to,O
9,the,O
9,same,O
9,even,O
9,at,O
9,the,O
9,level,O
9,of,O
9,the,O
9,Apex,O
9,"Court,",O
9,the,O
9,petitioners,O
9,are,O
9,precluded,O
9,from,O
9,re-agitating,O
9,their,O
9,grievance,O
9,in,O
9,the,O
9,form,O
9,of,O
9,present,O
9,two,O
9,writ,O
9,petitions.,O
9,According,O
9,to,O
9,"them,",O
9,the,O
9,writ,O
9,petitions,O
9,are,O
9,misconceived,O
9,and,O
9,clearly,O
9,barred,O
9,by,O
9,the,O
9,principles,O
9,of,O
9,resjudicata,O
9,and/or,O
9,constructive,O
9,res-judicata.,O
,,
10,The,O
10,University,O
10,Grants,O
10,Commission,O
10,(UGC),O
10,had,O
10,framed,O
10,UGC,O
10,(Minimum,O
10,Qualifications,O
10,Required,O
10,for,O
10,the,O
10,Appointment,O
10,and,O
10,Career,O
10,Advancement,O
10,of,O
10,Teachers,O
10,in,O
10,Universities,O
10,and,O
10,Institutions,O
10,Affiliated,O
10,to,O
10,it),O
10,"Regulation,",O
10,2000.,O
10,This,O
10,Regulation,B-Document
10,was,O
10,subjected,O
10,to,O
10,a,O
10,number,O
10,of,O
10,amendments.,O
10,In,O
10,the,O
10,original,O
10,2000,O
10,"Regulation,",O
10,it,O
10,was,O
10,provided,O
10,that,O
10,NET,O
10,shall,O
10,remain,O
10,the,O
10,compulsory,O
10,requirement,O
10,for,O
10,appointment,O
10,as,O
10,Lecturers,O
10,even,O
10,for,O
10,candidates,B-Person
10,having,O
10,Ph.D,O
10,Degree;,O
10,"however,",O
10,candidates,O
10,who,O
10,had,O
10,completed,O
10,M.Phil,O
10,Degree,O
10,or,O
10,had,O
10,submitted,O
10,Ph.D,O
10,thesis,O
10,upto,O
10,31.12.1993,B-Date
10,were,O
10,exempted,O
10,from,O
10,appearing,O
10,in,O
10,the,O
10,NET,O
10,examination.,O
,,
11,The,O
11,OA,B-Document
11,was,O
11,filed,O
11,by,O
11,the,O
11,respondent,B-Person
11,No.,I-Person
11,1,I-Person
11,Corporation,O
11,in,O
11,respect,O
11,of,O
11,the,O
11,loan,O
11,that,O
11,was,O
11,sanctioned,O
11,in,O
11,favour,O
11,of,O
11,the,O
11,respondent,B-Person
11,No.,I-Person
11,2,I-Person
11,who,O
11,was,O
11,the,O
11,defendant,B-Person
11,No.,I-Person
11,1,I-Person
11,in,O
11,the,O
11,OA.,O
11,It,O
11,was,O
11,held,O
11,by,O
11,the,O
11,Tribunal,B-Court
11,that,O
11,the,O
11,defendant,O
11,"No.1,",O
11,i.e.,O
11,the,O
11,respondent,O
11,No.,O
11,2,O
11,in,O
11,this,O
11,proceeding,O
11,after,O
11,availing,O
11,the,O
11,loan,O
11,stood,O
11,defaulter,O
11,and,O
11,accordingly,O
11,the,O
11,respondent/Corporation,O
11,as,O
11,the,O
11,applicant,O
11,was,O
11,entitled,O
11,to,O
11,get,O
11,a,O
11,certificate,O
11,to,O
11,recover,O
11,the,O
11,outstanding,O
11,dues,O
11,from,O
11,the,O
11,defendants.,O
11,The,O
11,defendants,O
11,were,O
11,held,O
11,jointly,O
11,and,O
11,severally,O
11,liable.,O
11,By,O
11,the,O
11,said,O
11,order,O
11,direction,O
11,was,O
11,issued,O
11,for,O
11,issuance,O
11,of,O
11,the,O
11,certificate,O
11,of,O
11,recovery,O
11,of,O
11,Rs.,O
11,"1,08,10,060.70",O
11,in,O
11,favour,O
11,of,O
11,respondent,O
11,No.,O
11,1,O
11,Corporation,O
11,with,O
11,interest,O
11,therein,O
11,@,O
11,10%,O
11,P.A.,O
11,from,O
11,the,O
11,date,O
11,of,O
11,filing,O
11,of,O
11,the,O
11,application.,O
,,
12,The,O
12,pleaded,O
12,case,O
12,of,O
12,the,B-Person
12,petitioner,I-Person
12,sans,O
12,unnecessary,O
12,details,O
12,is,O
12,that,O
12,after,O
12,having,O
12,been,O
12,engaged,O
12,as,O
12,a,O
12,part,O
12,time,O
12,menial,O
12,on,O
12,daily,O
12,wage,O
12,basis,O
12,in,O
12,the,O
12,Office,O
12,of,O
12,the,O
12,District,O
12,&,O
12,Sessions,O
12,"Judge,",O
12,Karimganj,O
12,vide,O
12,order,O
12,dated,O
12,"07.10.2004,",O
12,he,B-Person
12,continued,O
12,in,O
12,various,O
12,capacities,O
12,thereafter,O
12,on,O
12,the,O
12,same,O
12,"arrangement,",O
12,"however,",O
12,with,O
12,intermittent,O
12,breaks.,O
12,Though,O
12,in,O
12,the,O
12,process,O
12,he,O
12,was,O
12,once,O
12,terminated,O
12,w.e.f.,O
12,"01.12.2007,",O
12,he,O
12,was,O
12,engaged,O
12,again,O
12,as,O
12,part,O
12,time,O
12,menial,O
12,w.e.f.,O
12,08.01.2008.,O
12,According,O
12,to,O
12,"him,",O
12,he,O
12,is,O
12,continuing,O
12,as,O
12,such,O
12,with,O
12,breaks,O
12,as,O
12,on,O
12,date.,O
12,The,B-Person
12,petitioner,I-Person
12,has,O
12,averred,O
12,that,O
12,the,O
12,proforma,O
12,respondent,O
12,Nos.,O
12,"3,",O
12,4,O
12,and,O
12,5,O
12,were,O
12,engaged,O
12,after,O
12,him,O
12,also,O
12,on,O
12,temporary,O
12,basis,O
12,and,O
12,though,O
12,all,O
12,of,O
12,them,O
12,were,O
12,at,O
12,par,O
12,on,O
12,every,O
12,essential,O
12,"aspect,",O
12,"vis-à-vis,",O
12,their,O
12,claim,O
12,for,O
12,regular,O
12,appointment,O
12,and,O
12,or,O
12,regularization,O
12,of,O
12,their,O
12,"services,",O
12,vide,O
12,the,O
12,orders,O
12,impugned,O
12,they,O
12,were,O
12,appointed,O
12,as,O
12,peon,O
12,against,O
12,substantive,O
12,vacancies,O
12,in,O
12,the,O
12,Office,O
12,of,O
12,District,O
12,&,O
12,Sessions,O
12,"Judge,",O
12,Karimganj,O
12,to,O
12,his,O
12,exclusion,O
12,and,O
12,without,O
12,following,O
12,any,O
12,procedure,O
12,prescribed,O
12,contemplated,O
12,by,O
12,law.,O
,,
13,Incidentally,O
13,the,O
13,respondents/applicants,O
13,in,O
13,OA,B-Case Number
13,No.25/2006,I-Case Number
13,and,O
13,EP,B-Case Number
13,No.5/2009,I-Case Number
13,had,O
13,approached,O
13,the,O
13,learned,B-Court
13,Tribunal,I-Court
13,seeking,O
13,grant,O
13,of,O
13,Special,O
13,Duty,O
13,Allowances,O
13,on,O
13,the,O
13,basis,O
13,of,O
13,their,O
13,all,O
13,India,O
13,transfer,O
13,liability,O
13,as,O
13,well,O
13,as,O
13,their,O
13,postings,O
13,in,O
13,the,O
13,North,O
13,Eastern,O
13,Region,O
13,of,O
13,the,O
13,country,O
13,as,O
13,contemplated,O
13,by,O
13,the,O
13,relevant,O
13,Official,O
13,Memorandum,O
13,issued,O
13,by,O
13,the,O
13,Central,O
13,Government,O
13,to,O
13,that,O
13,effect.,O
13,Vide,O
13,judgment,O
13,and,O
13,order,O
13,dated,O
13,01.08.2007,B-Date
13,referred,O
13,to,O
13,"hereinabove,",O
13,the,O
13,learned,O
13,Tribunal,O
13,on,O
13,a,O
13,due,O
13,analysis,O
13,of,O
13,the,O
13,facts,O
13,involved,O
13,granted,O
13,the,O
13,reliefs,O
13,prayed,O
13,for,O
13,and,O
13,parted,O
13,with,O
13,the,O
13,proceedings,O
13,with,O
13,the,O
13,following,O
13,operative,O
13,directions,O
,,
14,The,O
14,impugned,O
14,order,O
14,dated,O
14,13.8.2010,B-Date
14,has,O
14,been,O
14,noted,O
14,above.,O
14,The,O
14,Enquiry,B-Person
14,Officer,I-Person
14,has,O
14,exonerated,O
14,the,O
14,petitioner,B-Person
14,from,O
14,all,O
14,the,O
14,five,O
14,charges.,O
14,Under,O
14,Rule,O
14,9,O
14,of,O
14,the,O
14,Assam,O
14,Services,O
14,(Discipline,O
14,and,O
14,Appeal),O
14,"Rules,",O
14,"1964,",O
14,on,O
14,conclusion,O
14,of,O
14,the,O
14,"enquiry,",O
14,the,O
14,Enquiring,O
14,Authority,O
14,shall,O
14,prepare,O
14,a,O
14,report,O
14,of,O
14,the,O
14,enquiry,O
14,recording,O
14,his,O
14,findings,O
14,on,O
14,which,O
14,all,O
14,the,O
14,charges,O
14,together,O
14,with,O
14,the,O
14,reasons,O
14,there,O
14,for.,O
14,"Thereafter,",O
14,the,O
14,enquiry,O
14,report,O
14,is,O
14,to,O
14,be,O
14,submitted,O
14,to,O
14,the,O
14,disciplinary,O
14,authority.,O
14,Under,O
14,Rule,O
14,"9(9),",O
14,the,O
14,disciplinary,O
14,authority,O
14,is,O
14,to,O
14,consider,O
14,the,O
14,report,O
14,of,O
14,the,O
14,enquiry,O
14,and,O
14,record,O
14,his,O
14,findings,O
14,on,O
14,each,O
14,charges.,O
14,"Nowhere,",O
14,in,O
14,the,O
14,said,O
14,"provisions,",O
14,any,O
14,power,O
14,of,O
14,the,O
14,disciplinary,O
14,authority,O
14,is,O
14,contemplated,O
14,to,O
14,set,O
14,aside,O
14,the,O
14,enquiry,O
14,report,O
14,and,O
14,then,O
14,to,O
14,order,O
14,for,O
14,further,O
14,enquiry,O
14,by,O
14,appointing,O
14,another,O
14,Enquiry,O
14,Officer.,O
14,As,O
14,has,O
14,been,O
14,held,O
14,by,O
14,the,O
14,Apex,O
14,Court,O
14,in,O
14,K.D.,O
14,Pandey,O
14,"(Supra),",O
14,if,O
14,the,O
14,impugned,O
14,order,O
14,is,O
14,allowed,O
14,to,O
14,"stand,",O
14,the,O
14,same,O
14,would,O
14,be,O
14,that,O
14,the,O
14,enquiry,O
14,against,O
14,the,O
14,petitioner,O
14,can,O
14,go,O
14,on,O
14,perpetually,O
14,untill,O
14,the,O
14,view,O
14,of,O
14,the,O
14,Enquiry,O
14,Officer,O
14,is,O
14,in,O
14,accord,O
14,with,O
14,that,O
14,of,O
14,the,O
14,disciplinary,O
14,authority.,O
14,In,O
14,the,O
14,said,O
14,"decision,",O
14,the,O
14,Supreme,B-Court
14,Court,I-Court
14,has,O
14,held,O
14,that,O
14,such,O
14,a,O
14,course,O
14,of,O
14,action,O
14,would,O
14,an,O
14,abuse,O
14,of,O
14,the,O
14,process,O
14,of,O
14,law.,O
,,
15,Mr.,O
15,C.,O
15,"Baruah,",O
15,learned,O
15,counsel,O
15,for,O
15,the,O
15,petitioner,B-Person
15,submits,O
15,that,O
15,the,O
15,petitioner,O
15,was,O
15,not,O
15,furnished,O
15,with,O
15,the,O
15,enquiry,B-Document
15,report,I-Document
15,before,O
15,imposing,O
15,the,O
15,penalty,O
15,of,O
15,dismissal,O
15,from,O
15,"service,",O
15,on,O
15,that,O
15,score,O
15,"alone,",O
15,the,O
15,impugned,O
15,orders,O
15,are,O
15,liable,O
15,to,O
15,be,O
15,set,O
15,aside.,O
15,He,O
15,further,O
15,submits,O
15,that,O
15,considering,O
15,the,O
15,gravity,O
15,of,O
15,the,O
15,"charge,",O
15,which,O
15,is,O
15,unauthorised,O
15,absence,O
15,from,O
15,duty,O
15,from,O
15,22.6.2009,B-Date
15,to,O
15,"02.08.2009,",O
15,the,O
15,penalty,O
15,of,O
15,dismissal,O
15,from,O
15,service,O
15,is,O
15,grossly,O
15,"disproportionate,",O
15,requiring,O
15,interference,O
15,of,O
15,this,O
15,Court.,O
15,In,O
15,this,O
15,"connection,",O
15,he,O
15,has,O
15,placed,O
15,reliance,O
15,on,O
15,the,O
15,decision,O
15,of,O
15,the,O
15,Apex,B-Court
15,Court,I-Court
15,reported,O
15,in,O
15,(1993),O
15,4,B-Case Number
15,SCC,I-Case Number
15,727,I-Case Number
15,(Managing,O
15,"Director,",O
15,"ECIL,",O
15,Hyderabad,O
15,Vs.,O
15,B.,B-Person
15,Karunakar,I-Person
15,and,O
15,others).,O
,,
16,Various,O
16,grounds,O
16,have,O
16,been,O
16,urged,O
16,towards,O
16,assailing,O
16,the,O
16,order,O
16,of,O
16,"dismissal,",O
16,such,O
16,as,O
16,non-maintainability,O
16,of,O
16,the,O
16,departmental,O
16,"proceeding,",O
16,procedural,O
16,irregularity,O
16,in,O
16,conducting,O
16,the,O
16,"enquiry,",O
16,denial,O
16,of,O
16,reasonable,O
16,opportunity,O
16,of,O
16,being,O
16,"heard,",O
16,etc.,O
16,According,O
16,to,O
16,the,O
16,"petitioner,",O
16,the,O
16,disciplinary,O
16,authority,O
16,measurably,O
16,failed,O
16,to,O
16,establish,O
16,the,O
16,charge,O
16,against,O
16,the,O
16,petitioner.,O
16,It,O
16,has,O
16,been,O
16,contended,O
16,that,O
16,the,O
16,whole,O
16,basis,O
16,of,O
16,the,O
16,findings,O
16,recorded,O
16,by,O
16,the,O
16,Enquiry,B-Person
16,Officer,I-Person
16,and,O
16,the,O
16,disciplinary,O
16,authority,O
16,being,O
16,based,O
16,on,O
16,the,O
16,report,B-Document
16,furnished,O
16,by,O
16,the,O
16,Examiner,B-Person
16,of,I-Person
16,Documents,I-Person
16,in,O
16,question,O
16,ought,O
16,to,O
16,have,O
16,been,O
16,examined,O
16,in,O
16,the,O
16,enquiry,O
16,and,O
16,that,O
16,he,O
16,having,O
16,not,O
16,been,O
16,"examined,",O
16,the,O
16,opinion,O
16,formed,O
16,on,O
16,the,O
16,basis,O
16,of,O
16,the,O
16,said,O
16,report,O
16,towards,O
16,dismissal,O
16,of,O
16,the,O
16,petitioner,B-Person
16,from,O
16,"service,",O
16,is,O
16,not,O
16,sustainable,O
16,in,O
16,law.,O
16,It,O
16,has,O
16,also,O
16,been,O
16,contended,O
16,that,O
16,in,O
16,absence,O
16,of,O
16,any,O
16,specimen,O
16,handwritings,O
16,of,O
16,the,O
16,petitioner,O
16,examined,O
16,by,O
16,the,O
16,purported,O
16,handwriting,O
16,"expert,",O
16,the,O
16,enquiry,B-Person
16,Officer,I-Person
16,could,O
16,not,O
16,have,O
16,recorded,O
16,the,O
16,finding,O
16,of,O
16,guilt,O
16,against,O
16,the,O
16,petitioner,O
16,on,O
16,the,O
16,basis,O
16,of,O
16,the,O
16,expert's,O
16,report,O
16,prepared,O
16,in,O
16,reference,O
16,to,O
16,some,O
16,other,O
16,documents,O
16,purportedly,O
16,containing,O
16,the,O
16,handwritings,O
16,of,O
16,the,O
16,petitioner.,O
,,
17,This,O
17,Appeal,O
17,is,O
17,presented,O
17,against,O
17,the,O
17,judgment,O
17,dated,O
17,02.06.2007,B-Date
17,in,O
17,Sessions,B-Case Number
17,Case,I-Case Number
17,No.,I-Case Number
17,176/2006,I-Case Number
17,whereby,O
17,the,O
17,learned,O
17,Sessions,O
17,"Judge,",O
17,Barpeta,O
17,has,O
17,convicted,O
17,the,O
17,accused/appellant,O
17,under,O
17,Section,B-Section
17,376,I-Section
17,of,O
17,IPC,B-Law
17,and,O
17,sentenced,O
17,him,O
17,to,O
17,rigorous,O
17,imprisonment,O
17,of,O
17,10,O
17,years,O
17,with,O
17,fine,O
17,of,O
17,Rs.,O
17,"20,000/-",O
17,and,O
17,in,O
17,default,O
17,of,O
17,"fine,",O
17,further,O
17,R.I.,O
17,for,O
17,2,O
17,years.,O
17,Heard,O
17,Mr.,O
17,B.N.,O
17,"Sarma,",O
17,the,O
17,learned,O
17,Counsel,O
17,for,O
17,the,O
17,appellant,B-Person
17,and,O
17,Mr.,O
17,B.,O
17,"Sinha,",O
17,the,O
17,learned,O
17,Addl.,O
17,Public,O
17,Prosecutor.,O
17,The,O
17,prosecution,B-Document
17,case,I-Document
17,as,O
17,revealed,O
17,from,O
17,the,O
17,F.I.R.,B-Document
17,shows,O
17,that,O
17,on,O
17,16.5.2006,B-Date
17,while,O
17,the,O
17,prosecutrix,B-Person
17,was,O
17,at,O
17,Barpeta,O
17,for,O
17,marketing,O
17,"purpose,",O
17,the,O
17,accused,B-Person
17,being,O
17,married,O
17,to,O
17,the,O
17,victim's,O
17,cousin,O
17,"sister,",O
17,informed,O
17,her,O
17,that,O
17,her,O
17,sister,O
17,is,O
17,ailing,O
17,and,O
17,with,O
17,this,O
17,information,O
17,enticed,O
17,the,O
17,victim,B-Person
17,to,O
17,Guwahati.,O
17,The,O
17,victim,O
17,was,O
17,told,O
17,that,O
17,her,O
17,sister,O
17,was,O
17,in,O
17,a,O
17,hotel,O
17,at,O
17,Paltanbazar,O
17,and,O
17,where,O
17,the,O
17,accused,O
17,took,O
17,the,O
17,victim,O
17,and,O
17,threatening,O
17,"her,",O
17,he,O
17,sexually,O
17,assaulted,O
17,the,O
17,victim,O
17,in,O
17,the,O
17,hotel,O
17,on,O
17,16.5.2006.,O
17,Next,O
17,day,O
17,on,O
17,17.5.2006,B-Date
17,with,O
17,assurance,O
17,of,O
17,"marriage,",O
17,the,O
17,victim,O
17,was,O
17,taken,O
17,to,O
17,the,O
17,accused's,O
17,home,O
17,at,O
17,"Howli,",O
17,but,O
17,family,O
17,members,O
17,of,O
17,the,O
17,accused,O
17,did,O
17,not,O
17,allow,O
17,the,O
17,victim,O
17,to,O
17,stay,O
17,in,O
17,the,O
17,house,O
17,and,O
17,accordingly,O
17,the,O
17,victim,O
17,was,O
17,taken,O
17,by,O
17,the,O
17,accused,O
17,to,O
17,Muku,O
17,hotel,O
17,at,O
17,Barpeta.,O
17,In,O
17,this,O
17,hotel,O
17,"also,",O
17,the,O
17,victim,O
17,was,O
,,
18,The,O
18,Labour,O
18,"Court,",O
18,upon,O
18,appreciation,O
18,of,O
18,the,O
18,evidence,O
18,on,O
18,"record,",O
18,has,O
18,held,O
18,that,O
18,the,O
18,workman,O
18,was,O
18,guilty,O
18,of,O
18,minor,O
18,"misconduct,",O
18,i.e.,O
18,absence,O
18,of,O
18,duty,O
18,for,O
18,3,O
18,"days,",O
18,"namely,",O
18,21st,O
18,"February,",O
18,2001;,O
18,22nd,B-Date
18,"February,",I-Date
18,2001,I-Date
18,and,O
18,23rd,O
18,"February,",O
18,"2001,",O
18,which,O
18,does,O
18,not,O
18,warrant,O
18,major,O
18,punishment,O
18,of,O
18,dismissal,O
18,from,O
18,service.,O
18,The,O
18,order,O
18,of,O
18,dismissal,O
18,from,O
18,service,O
18,dated,O
18,23rd,B-Date
18,"March,",I-Date
18,2001,I-Date
18,has,O
18,accordingly,O
18,been,O
18,set,O
18,"aside,",O
18,more,O
18,so,O
18,keeping,O
18,in,O
18,view,O
18,the,O
18,fact,O
18,that,O
18,admittedly,O
18,no,O
18,disciplinary,O
18,proceeding,O
18,was,O
18,initiated,O
18,against,O
18,the,O
18,respondent,O
18,No.3/workman.,O
18,Having,O
18,held,O
18,"so,",O
18,the,B-Court
18,Labour,I-Court
18,Court,I-Court
18,has,O
18,directed,O
18,reinstatement,O
18,of,O
18,the,O
18,respondent,O
18,No.3/workman,O
18,in,O
18,service,O
18,with,O
18,full,O
18,backwage.,O
18,The,O
18,said,O
18,award,O
18,has,O
18,been,O
18,challenged,O
18,in,O
18,the,O
18,present,O
18,writ,O
18,petition,O
18,only,O
18,in,O
18,respect,O
18,of,O
18,grant,O
18,of,O
18,back-wage.,O
18,The,O
18,Management,O
18,"has,",O
18,pursuant,O
18,to,O
18,the,O
18,aforesaid,O
18,"award,",O
18,already,O
18,reinstated,O
18,the,O
18,respondent,B-Person
18,No.3,I-Person
18,in,O
18,service.,O
,,
19,The,O
19,applicants,B-Person
19,were,O
19,charged,O
19,under,O
19,Section,B-Section
19,436/149,I-Section
19,IPC,I-Section
19,in,O
19,Sessions,B-Case Number
19,Case,I-Case Number
19,No.20/2000,I-Case Number
19,for,O
19,causing,O
19,mischief,O
19,to,O
19,an,O
19,extent,O
19,of,O
19,"Rs.2,00,000/-",O
19,by,O
19,setting,O
19,fire,O
19,into,O
19,the,O
19,dwelling,O
19,house,O
19,of,O
19,the,O
19,informant,B-Person
19,in,O
19,village,O
19,Harishnagar,O
19,Part-III,O
19,under,O
19,Katlicherra,B-Police Station
19,Police,I-Police Station
19,Station,I-Police Station
19,on,O
19,the,O
19,midnight,O
19,of,O
19,"12.12.1997,",O
19,where,O
19,all,O
19,the,O
19,household,O
19,belonging,O
19,including,O
19,the,O
19,paddy,O
19,and,O
19,some,O
19,live-stocks,O
19,like,O
19,"hens,",O
19,goats,O
19,etc.,O
19,were,O
19,burnt,O
19,into,O
19,ashes.,O
19,On,O
19,the,O
19,basis,O
19,of,O
19,such,O
19,allegation,O
19,initially,O
19,Katlicherra,B-Case Number
19,P.S.,I-Case Number
19,Case,I-Case Number
19,No.227/1997,I-Case Number
19,was,O
19,registered,O
19,and,O
19,upon,O
19,completion,O
19,of,O
19,the,O
19,investigation,O
19,Charge-sheet,B-Document
19,dated,O
19,22.08.1998,B-Date
19,was,O
19,filed,O
19,against,O
19,14,O
19,accused,O
19,persons.,O
19,The,O
19,case,O
19,was,O
19,committed,O
19,to,O
19,the,O
19,Court,B-Court
19,of,I-Court
19,Sessions,I-Court
19,for,O
19,trial,O
19,on,O
19,27.01.2000,B-Date
19,and,O
19,accordingly,O
19,the,O
19,charges,O
19,against,O
19,all,O
19,the,O
19,14,O
19,accused,O
19,persons,O
19,were,O
19,framed.,O
19,The,O
19,learned,O
19,Sessions,O
19,"Judge,",O
19,on,O
19,conclusion,O
19,of,O
19,the,O
19,"trial,",O
19,found,O
19,all,O
19,the,O
19,accused,O
19,"persons,",O
19,including,O
19,the,O
19,"applicants,",O
19,guilty,O
19,of,O
19,charge,O
19,under,O
19,Section,O
19,436/149,O
19,IPC,O
19,vide,O
19,judgment,O
19,dated,O
19,06.03.2003,B-Date
19,and,O
19,sentenced,O
19,them,O
19,to,O
19,under,O
19,rigorous,O
19,imprisonment,O
19,for,O
19,10,O
19,years,O
19,and,O
19,to,O
19,pay,O
19,a,O
19,find,O
19,of,O
19,"Rs.5,000/-",O
19,"each,",O
19,in,O
19,"default,",O
19,to,O
19,undergo,O
19,rigorous,O
19,imprisonment,O
19,for,O
19,a,O
19,further,O
19,period,O
19,of,O
19,6,O
19,"months,",O
19,vide,O
19,order,O
19,dated,O
19,07.03.2003.,O
,,
20,Learned,O
20,counsel,O
20,for,O
20,the,O
20,petitioner,B-Person
20,submits,O
20,that,O
20,the,O
20,petitioner,O
20,being,O
20,the,O
20,lowest,O
20,bidder,O
20,in,O
20,the,O
20,earlier,O
20,tender,B-Document
20,process,O
20,and,O
20,being,O
20,the,O
20,only,O
20,bidder,O
20,in,O
20,the,O
20,present,O
20,"process,",O
20,could,O
20,not,O
20,be,O
20,denied,O
20,consideration,O
20,on,O
20,non-existent,O
20,grounds,O
20,and,O
20,such,O
20,a,O
20,course,O
20,will,O
20,not,O
20,only,O
20,be,O
20,against,O
20,interest,O
20,of,O
20,the,O
20,petitioner,O
20,but,O
20,also,O
20,against,O
20,public,O
20,interest.,O
20,"Even,",O
20,according,O
20,to,O
20,the,O
20,stand,O
20,of,O
20,the,O
20,"State,",O
20,the,O
20,project,O
20,was,O
20,of,O
20,urgent,O
20,nature,O
20,requiring,O
20,installation,O
20,of,O
20,high,O
20,tension,O
20,transmission,O
20,lines.,O
20,Reliance,O
20,has,O
20,been,O
20,placed,O
20,on,O
20,judgment,O
20,of,O
20,the,O
20,Hon'ble,O
20,Supreme,B-Court
20,Court,I-Court
20,in,O
20,HARMINDER,O
20,SINGH,O
20,ARORA,O
20,VS.,O
20,UNION,O
20,OF,O
20,INDIA,O
20,AND,O
20,"OTHERS,",O
20,(1986),O
20,3,O
20,SC,O
20,"247,",O
20,laying,O
20,down,O
20,that,O
20,once,O
20,the,O
20,Government,O
20,decides,O
20,to,O
20,award,O
20,contract,O
20,on,O
20,the,O
20,basis,O
20,of,O
20,bids,O
20,by,O
20,"tender,",O
20,it,O
20,must,O
20,abide,O
20,by,O
20,the,O
20,terms,O
20,of,O
20,the,O
20,tender,O
20,and,O
20,cannot,O
20,reject,O
20,the,O
20,most,O
20,suitable,O
20,offer,O
20,of,O
20,a,O
20,contractor,O
20,in,O
20,contravention,O
20,of,O
20,terms,O
20,of,O
20,the,O
20,tender.,O
,,
21,This,O
21,writ,O
21,petition,O
21,has,O
21,been,O
21,filed,O
21,by,O
21,the,O
21,petitioner,O
21,Miss,B-Person
21,Rajashree,I-Person
21,Khound,I-Person
21,seeking,O
21,an,O
21,order,O
21,from,O
21,this,O
21,Court,O
21,directing,O
21,the,O
21,Respondents,O
21,to,O
21,allow,O
21,her,O
21,to,O
21,take,O
21,admission,O
21,in,O
21,MBBS,O
21,course,O
21,for,O
21,the,O
21,session,O
21,2012,O
21,on,O
21,the,O
21,basis,O
21,of,O
21,her,O
21,selection,O
21,in,O
21,the,O
21,Combined,O
21,Entrance,O
21,Examination,O
21,as,O
21,per,O
21,the,O
21,result,O
21,published,O
21,on,O
21,24.07.2012.,O
21,The,O
21,petitioner,O
21,has,O
21,demonstrated,O
21,academic,O
21,excellence,O
21,by,O
21,way,O
21,of,O
21,securing,O
21,89.3%,O
21,marks,O
21,in,O
21,HSLC,O
21,Examination,O
21,followed,O
21,by,O
21,86.6%,O
21,marks,O
21,in,O
21,Higher,O
21,Secondary,O
21,(Science).,O
21,Thereafter,O
21,she,O
21,contested,O
21,for,O
21,admission,O
21,to,O
21,MBBS/BDS,O
21,courses,O
21,in,O
21,the,O
21,Medical,O
21,Colleges,O
21,of,O
21,Assam,O
21,and,O
21,Regional,O
21,Dental,O
21,College,O
21,at,O
21,Guwahati,O
21,for,O
21,the,O
21,session,O
21,2012,O
21,through,O
21,the,O
21,Combined,O
21,Entrance,O
21,Examination.,O
21,The,O
21,petitioner,O
21,secured,O
21,186,O
21,marks,O
21,and,O
21,her,O
21,rank,O
21,in,O
21,the,O
21,Entrance,O
21,Examination,O
21,is,O
21,claimed,O
21,to,O
21,be,O
21,199.,O
21,In,O
21,the,O
21,Educational,B-Document
21,Notice,I-Document
21,published,O
21,showing,O
21,the,O
21,names,O
21,of,O
21,candidates,O
21,who,O
21,appeared,O
21,for,O
21,counseling,O
21,and,O
21,selected,O
21,by,O
21,a,O
21,Selection,O
21,Board,O
21,thereby,O
21,allowed,O
21,for,O
21,provisional,O
21,admission,O
21,into,O
21,the,O
21,First,O
21,Year,O
21,MBBS/BDS,O
21,courses,O
21,in,O
21,the,O
21,Medical,O
21,Colleges,O
21,of,O
21,Assam,O
21,and,O
21,Regional,O
21,Dental,O
21,College,O
21,at,O
21,Guwahati,O
21,for,O
21,the,O
21,session,O
21,"2012,",O
21,the,O
21,name,O
21,of,O
21,the,O
21,petitioner,O
21,bearing,O
21,Roll,O
21,No.,O
21,381071,O
21,finds,O
21,place,O
21,against,O
21,Serial,O
21,No.,O
21,6,O
21,in,O
21,the,O
21,list,O
21,of,O
21,"\""Un-reserved",O
21,(General,O
21,"Merit)\""",O
21,candidates,O
21,for,O
21,Jorhat,O
21,Medical,O
21,"College,",O
21,Jorhat.,O
,,
22,I,O
22,have,O
22,heard,O
22,Mr.,O
22,G.N.,O
22,"Sahewalla,",O
22,learned,O
22,Sr.,O
22,counsel,O
22,assisted,O
22,by,O
22,Mr.,B-Person
22,S.,I-Person
22,Mohendro,I-Person
22,and,O
22,Mr.,O
22,M.,O
22,N.,O
22,Anix,O
22,"Singh,",O
22,learned,O
22,counsel,O
22,for,O
22,the,O
22,petitioners.,O
22,I,O
22,have,O
22,also,O
22,heard,O
22,Mr.,O
22,Th.,O
22,Ibohal,O
22,"Singh,",O
22,learned,O
22,Sr.,O
22,"G.A.,",O
22,Manipur,O
22,alongwith,O
22,Mr.,O
22,K.R.,O
22,"Baruah,",O
22,learned,O
22,counsel,O
22,for,O
22,the,O
22,State,O
22,respondents.,O
22,I,O
22,have,O
22,also,O
22,heard,O
22,Mr.,O
22,"Genanda,",O
22,learned,O
22,counsel,O
22,appearing,O
22,for,O
22,the,O
22,respondent,O
22,No.,O
22,"3,",O
22,i.e.,O
22,Manipur,O
22,Public,O
22,Service,O
22,Commission,O
22,as,O
22,well,O
22,as,O
22,Mr.,B-Person
22,M.,I-Person
22,Bhuyan,I-Person
22,alongwith,O
22,Mr.,O
22,P.,O
22,"Hazarika,",O
22,learned,O
22,counsel,O
22,appearing,O
22,for,O
22,the,O
22,private,O
22,respondents.,O
22,I,O
22,have,O
22,also,O
22,considered,O
22,the,O
22,entire,O
22,materials,O
22,on,O
22,record.,O
22,At,O
22,the,O
22,time,O
22,of,O
22,filing,O
22,of,O
22,the,O
22,writ,O
22,petitions,O
22,in,O
22,the,O
22,year,O
22,"2006,",O
22,the,O
22,petitioners,O
22,were,O
22,functioning,O
22,in,O
22,the,O
22,cadre,O
22,of,O
22,MHS,O
22,Grade-III,O
22,(Formerly,O
22,Grade-IV).,O
22,It,O
22,was,O
22,contended,O
22,that,O
22,they,O
22,were,O
22,eligible,O
22,for,O
22,promotion,O
22,to,O
22,the,O
22,next,O
22,higher,O
22,"grade,",O
22,i.e.,O
22,MHS,O
22,Grade-II.,O
22,It,O
22,was,O
22,also,O
22,contended,O
22,that,O
22,although,O
22,they,O
22,had,O
22,the,O
22,requisite,O
22,"qualification,",O
22,i.e.,O
22,Post,O
22,Graduate,O
22,Degree,O
22,in,O
22,their,O
22,respective,O
22,"specialities,",O
22,but,O
22,due,O
22,to,O
22,non-availability,O
22,of,O
22,the,O
22,adequate,O
22,number,O
22,of,O
22,vacancies,O
22,in,O
22,the,O
22,specialised,O
22,"posts,",O
22,they,O
22,could,O
22,not,O
22,be,O
22,offered,O
22,promotion,O
,,
23,The,O
23,petitioner,B-Person
23,is,O
23,the,O
23,wife,O
23,of,O
23,the,O
23,detenu,B-Person
23,namely,O
23,Kh.,O
23,Ibotombi,O
23,Singh.,O
23,She,O
23,has,O
23,filed,O
23,this,O
23,writ,O
23,petition,O
23,challenging,O
23,the,O
23,Annexure-A/1,B-Document
23,order,O
23,dated,O
23,"6.1.2012,",O
23,by,O
23,"which,",O
23,the,O
23,detenu,O
23,has,O
23,been,O
23,detained,O
23,under,O
23,Section,B-Section
23,3(2),I-Section
23,of,O
23,the,O
23,National,O
23,Security,O
23,"Act,",O
23,1980.,O
23,The,O
23,said,O
23,order,O
23,was,O
23,passed,O
23,when,O
23,four,O
23,cases,O
23,one,O
23,of,O
23,which,O
23,is,O
23,FIR,B-Case Number
23,No.,I-Case Number
23,143(6)2001,I-Case Number
23,SJM,B-Police Station
23,PS,I-Police Station
23,u/s,O
23,10/13,O
23,UA(P)Act,O
23,were,O
23,pending,O
23,against,O
23,the,O
23,detenu.,O
23,In,O
23,the,O
23,order,O
23,of,O
23,"detention,",O
23,there,O
23,is,O
23,a,O
23,reference,O
23,to,O
23,another,O
23,case,O
23,being,O
23,FIR,B-Case Number
23,No.,I-Case Number
23,210(5)2011,I-Case Number
23,SJM,O
23,PS,O
23,u/s,O
23,20,O
23,UA(P),O
23,Act,O
23,involving,O
23,another,O
23,accused.,O
23,The,O
23,ground,O
23,on,O
23,which,O
23,the,O
23,detention,O
23,order,O
23,has,O
23,been,O
23,passed,O
23,states,O
23,that,O
23,the,O
23,accused,O
23,involved,O
23,in,O
23,FIR,O
23,No.,O
23,210(5)2011,O
23,SJM,O
23,PS,O
23,u/s,O
23,20,O
23,UA(P),O
23,Act.,O
23,having,O
23,been,O
23,granted,O
23,"bail,",O
23,there,O
23,is,O
23,likelihood,O
23,of,O
23,the,O
23,detenu,O
23,being,O
23,released,O
23,on,O
23,"bail,",O
23,although,O
23,the,O
23,fact,O
23,of,O
23,the,O
23,matter,O
23,is,O
23,that,O
23,he,O
23,is,O
23,not,O
23,involved,O
23,in,O
23,the,O
23,said,O
23,case,O
23,nor,O
23,any,O
23,co-accused,O
23,has,O
23,been,O
23,released,O
23,in,O
23,connection,O
23,with,O
23,FIR,O
23,No.,O
23,143(6)2001,O
23,SJM,O
23,PS,O
23,u/s,O
23,10/13,O
23,UA(P)Act,O
23,in,O
23,which,O
23,the,B-Person
23,petitioner,I-Person
23,is,O
23,involved.,O
23,In,O
23,this,O
23,"connection,",O
23,learned,O
23,counsel,O
23,for,O
23,the,O
23,petitioner,O
23,has,O
23,placed,O
23,reliance,O
23,on,O
23,the,O
23,decision,O
23,of,O
23,the,O
23,Apex,B-Court
23,Court,I-Court
23,reported,O
23,in,O
23,AIR,O
23,2012,O
23,SC,O
23,2002,O
23,(Huidrom,O
23,Konungao,O
23,Singh,O
23,Vs.,O
23,State,O
23,of,O
23,Manipur,O
23,&,O
23,Ors.),O
,,
24,By,O
24,means,O
24,of,O
24,this,O
24,writ,O
24,"petition,",O
24,the,O
24,"petitioner,",O
24,who,O
24,is,O
24,the,O
24,wife,O
24,of,O
24,the,O
24,detenu,O
24,Mr.,O
24,Marim,O
24,Sanglien,O
24,"Chothe,",O
24,has,O
24,challenged,O
24,the,O
24,order,O
24,of,O
24,detention,O
24,dated,O
24,3.4.2012,B-Date
24,"(Annexure-N/1),",O
24,issued,O
24,by,O
24,the,O
24,District,B-Court
24,"Magistrate,",I-Court
24,Churachandpur,I-Court
24,and,O
24,all,O
24,consequential,O
24,orders,O
24,of,O
24,confirmation,O
24,etc.,O
24,According,O
24,to,O
24,the,O
24,"petitioner,",O
24,the,O
24,order,O
24,dated,O
24,3.4.2012,O
24,and,O
24,the,O
24,grounds,O
24,of,O
24,detention,O
24,conveyed,O
24,by,O
24,letter,O
24,dated,O
24,5.4.2012,B-Date
24,are,O
24,not,O
24,sustainable,O
24,in,O
24,law,O
24,as,O
24,there,O
24,was,O
24,no,O
24,material,O
24,before,O
24,the,O
24,detaining,O
24,authority,O
24,towards,O
24,passing,O
24,the,O
24,said,O
24,orders.,O
24,It,O
24,is,O
24,the,O
24,case,O
24,of,O
24,the,O
24,petitioners,O
24,that,O
24,there,O
24,was,O
24,absolutely,O
24,no,O
24,material,O
24,towards,O
24,formation,O
24,of,O
24,the,O
24,subjective,O
24,satisfaction,O
24,as,O
24,required,O
24,in,O
24,passing,O
24,an,O
24,order,O
24,of,O
24,detention,O
24,under,O
24,Section,B-Section
24,3,I-Section
24,of,O
24,the,O
24,NSA.,O
24,Another,O
24,ground,O
24,urged,O
24,is,O
24,that,O
24,the,O
24,representation,O
24,made,O
24,by,O
24,the,O
24,detenu,O
24,having,O
24,not,O
24,been,O
24,disposed,O
24,of,O
24,by,O
24,the,O
24,respondent,O
24,No.1,O
24,i.e.,O
24,the,O
24,Government,O
24,of,O
24,"Manipur,",O
24,on,O
24,that,O
24,ground,O
24,"alone,",O
24,the,O
24,impugned,O
24,order,O
24,of,O
24,detention,O
24,is,O
24,liable,O
24,to,O
24,be,O
24,interfered,O
24,with.,O
24,In,O
24,this,O
24,"connection,",O
24,the,O
24,learned,O
24,counsel,O
24,for,O
24,the,O
24,petitioner,B-Person
24,has,O
24,referred,O
24,to,O
24,the,O
24,statement,O
24,made,O
24,in,O
24,paragraph,O
24,17,O
24,of,O
24,the,O
24,writ,O
24,"petition,",O
,,
25,This,O
25,appeal,O
25,is,O
25,directed,O
25,against,O
25,the,O
25,judgment,O
25,and,O
25,"order,",O
25,dated,O
25,"06-09-2007,",O
25,passed,O
25,by,O
25,the,O
25,learned,O
25,Sessions,O
25,"Judge,",O
25,"Dibrugarh,",O
25,in,O
25,Sessions,O
25,Case,O
25,No.,O
25,142,O
25,of,O
25,"2002,",O
25,convicting,O
25,the,O
25,"accused-appellant,",O
25,"namely,",O
25,Munu,O
25,"Mura,",O
25,under,O
25,Sections,O
25,302,O
25,and,O
25,201,O
25,read,O
25,with,O
25,Section,B-Section
25,34,I-Section
25,IPC,I-Section
25,and,O
25,sentencing,O
25,him,O
25,to,O
25,"undergo,",O
25,for,O
25,his,O
25,conviction,O
25,under,O
25,Section,B-Section
25,302,I-Section
25,read,O
25,with,O
25,Section,O
25,34,O
25,"IPC,",O
25,imprisonment,O
25,for,O
25,life,O
25,and,O
25,pay,O
25,a,O
25,fine,O
25,of,O
25,"Rs.5,000/-",O
25,"and,",O
25,in,O
25,default,O
25,of,O
25,payment,O
25,of,O
25,"fine,",O
25,suffer,O
25,rigorous,O
25,imprisonment,O
25,for,O
25,a,O
25,period,O
25,of,O
25,two,O
25,months,O
25,and,O
25,to,O
25,further,O
25,"undergo,",O
25,for,O
25,his,O
25,conviction,O
25,under,O
25,Section,B-Section
25,201,I-Section
25,read,O
25,with,O
25,Section,O
25,34,O
25,"IPC,",O
25,rigorous,O
25,imprisonment,O
25,for,O
25,two,O
25,"years,",O
25,both,O
25,the,O
25,sentences,O
25,having,O
25,been,O
25,directed,O
25,to,O
25,run,O
25,concurrently.,O
,,
26,This,O
26,appeal,O
26,has,O
26,been,O
26,preferred,O
26,against,O
26,the,O
26,judgment,O
26,and,O
26,"order,",O
26,dated,O
26,"22-02-2008,",O
26,"passed,",O
26,by,O
26,the,O
26,learned,O
26,Sessions,O
26,"Judge,",O
26,"Darrang,",O
26,"Mangaldoi,",O
26,in,O
26,Sessions,O
26,Case,O
26,No.,O
26,11,O
26,(DM),O
26,"2006,",O
26,convicting,O
26,the,O
26,"accused-appellant,",O
26,under,O
26,Section,B-Section
26,302,I-Section
26,IPC,I-Section
26,and,O
26,sentencing,O
26,him,O
26,to,O
26,suffer,O
26,imprisonment,O
26,for,O
26,life,O
26,and,O
26,pay,O
26,fine,O
26,of,O
26,"Rs.5,000/-",O
26,"and,",O
26,in,O
26,default,O
26,of,O
26,payment,O
26,of,O
26,"fine,",O
26,suffer,O
26,rigorous,O
26,imprisonment,O
26,for,O
26,a,O
26,period,O
26,of,O
26,three,O
26,months.,O
,,
27,Age,O
27,is,O
27,the,O
27,important,O
27,factor,O
27,in,O
27,the,O
27,case,O
27,involving,O
27,offence,O
27,of,O
27,rape,O
27,under,O
27,Section,B-Section
27,376,I-Section
27,IPC.,O
27,As,O
27,per,O
27,medical,O
27,evidence,O
27,led,O
27,by,O
27,PW-7,B-Person
27,the,O
27,prosecutrix,B-Person
27,was,O
27,medically,O
27,examined,O
27,by,O
27,him,O
27,on,O
27,19.3.2008,B-Date
27,in,O
27,the,O
27,Dhemaji,O
27,Civil,O
27,Hospital.,O
27,As,O
27,per,O
27,X-ray,B-Document
27,report,I-Document
27,her,O
27,age,O
27,was,O
27,about,O
27,18,O
27,years,O
27,and,O
27,below,O
27,20,O
27,years.,O
27,The,O
27,"occurrence,",O
27,as,O
27,per,O
27,FIR,B-Document
27,filed,O
27,by,O
27,the,O
27,prosecutrix,O
27,"herself,",O
27,took,O
27,place,O
27,some,O
27,time,O
27,in,O
27,the,O
27,last,B-Date
27,part,I-Date
27,of,I-Date
27,2007,I-Date
27,and,O
27,she,O
27,was,O
27,above,O
27,16,O
27,years,O
27,of,O
27,age,O
27,at,O
27,the,O
27,time,O
27,of,O
27,occurrence.,O
27,The,O
27,medical,B-Person
27,officer,I-Person
27,prepared,O
27,the,O
27,medical,O
27,report,O
27,Ext.2,B-Document
27,"recording,",O
27,amongst,O
27,"other,",O
27,the,O
27,age,O
27,of,O
27,the,O
27,prosecutrix,O
27,and,O
27,also,O
27,stating,O
27,that,O
27,she,O
27,was,O
27,pregnant,O
27,of,O
27,16,O
27,weeks,O
27,with,O
27,live,O
27,active,O
27,foetus.,O
27,In,O
27,view,O
27,of,O
27,the,O
27,above,O
27,medical,O
27,"report,",O
27,it,O
27,is,O
27,established,O
27,that,O
27,the,O
27,victim,O
27,girl,O
27,was,O
27,not,O
27,minor,O
27,at,O
27,the,O
27,time,O
27,of,O
27,occurrence.,O
27,As,O
27,she,O
27,was,O
27,above,O
27,16,O
27,years,O
27,of,O
27,age,O
27,she,O
27,attained,O
27,the,O
27,age,O
27,of,O
27,consent.,O
,,
28,This,O
28,is,O
28,an,O
28,appeal,O
28,against,O
28,the,O
28,judgement,O
28,and,O
28,"order,",O
28,dated,O
28,"30.01.2008,",O
28,"passed,",O
28,in,O
28,Sessions,O
28,Case,O
28,No.,O
28,"113/2003,",O
28,by,O
28,the,O
28,learned,O
28,Additional,O
28,Sessions,O
28,Judge,O
28,"(FTC),",O
28,"Dibrugarh,",O
28,convicting,O
28,the,O
28,two,O
28,"accused-appellants,",O
28,"namely,",O
28,Ratneswar,B-Person
28,Konwar,I-Person
28,and,O
28,Smt.,O
28,Jaya,O
28,"Gogoi,",O
28,under,O
28,Sections,O
28,302,O
28,and,O
28,201,O
28,read,O
28,with,O
28,Section,O
28,34,O
28,"IPC,",O
28,and,O
28,sentencing,O
28,each,O
28,of,O
28,them,O
28,to,O
28,"undergo,",O
28,for,O
28,their,O
28,conviction,O
28,under,O
28,Section,B-Section
28,302,I-Section
28,read,O
28,with,O
28,Section,O
28,34,O
28,"IPC,",O
28,imprisonment,O
28,for,O
28,life,O
28,with,O
28,fine,O
28,of,O
28,Rs.,O
28,"2,000/-",O
28,"and,",O
28,in,O
28,default,O
28,of,O
28,payment,O
28,of,O
28,"fine,",O
28,suffer,O
28,rigorous,O
28,imprisonment,O
28,for,O
28,another,O
28,two,O
28,months,O
28,and,O
28,also,O
28,to,O
28,"undergo,",O
28,for,O
28,their,O
28,conviction,O
28,under,O
28,Section,B-Section
28,201,I-Section
28,read,O
28,with,O
28,Section,O
28,34,O
28,"IPC,",O
28,rigorous,O
28,imprisonment,O
28,for,O
28,5,O
28,(five),O
28,years,O
28,and,O
28,pay,O
28,fine,O
28,of,O
28,Rs.,O
28,"1,000/-",O
28,"and,",O
28,in,O
28,default,O
28,of,O
28,payment,O
28,of,O
28,"fine,",O
28,suffer,O
28,rigorous,O
28,imprisonment,O
28,for,O
28,1,O
28,(one),O
28,"month,",O
28,both,O
28,the,O
28,sentences,O
28,having,O
28,been,O
28,directed,O
28,to,O
28,run,O
28,concurrently.,O
,,
29,Page,O
29,2,O
29,of,O
29,2,O
29,metho,O
29,d,O
29,adopted,O
29,by,O
29,respondent,O
29,on,O
29,them,O
29,or,O
29,by,O
29,playing,O
29,fraud,O
29,or,O
29,misrepresentation,O
29,"and,",O
29,"therefore,",O
29,she,O
29,did,O
29,not,O
29,ensure,O
29,its,O
29,compliance,O
29,in,O
29,the,O
29,manner,O
29,agreed,O
29,upon,O
29,in,O
29,such,O
29,illegal,O
29,and,O
29,enforcable,O
29,agreement.,O
29,"We,",O
29,"therefore,",O
29,see,O
29,no,O
29,justification,O
29,to,O
29,entertain,O
29,this,O
29,petition,O
29,as,O
29,in,O
29,our,O
29,opinion,O
29,it,O
29,does,O
29,not,O
29,disclose,O
29,debatable,O
29,issue,O
29,on,O
29,facts/law.,O
29,Learned,O
29,counsel,O
29,for,O
29,the,O
29,petitioner,O
29,s,O
29,however,O
29,contended,O
29,that,O
29,the,O
29,petition,O
29,ers,O
29,may,O
29,be,O
29,given,O
29,some,O
29,more,O
29,time,O
29,to,O
29,pay,O
29,the,O
29,money,O
29,in,O
29,terms,O
29,of,O
29,the,O
29,agreement,O
29,dated,O
29,1.3.2013,B-Date
29,(Annexure-,O
29,6).,O
29,Suffice,O
29,i,O
29,t,O
29,to,O
29,say,O
29,",",O
29,this,O
29,contention,O
29,cannot,O
29,be,O
29,accepted,O
29,by,O
29,this,B-Court
29,Court,I-Court
29,.,O
29,The,O
29,petitioner,O
29,s,O
29,in,O
29,our,O
29,view,O
29,are,O
29,always,O
29,free,O
29,to,O
29,approach,O
29,t,O
29,he,O
29,Bank,O
29,and,O
29,request,O
29,for,O
29,extension,O
29,of,O
29,time,O
29,to,O
29,pay,O
29,.,O
29,It,O
29,is,O
29,then,O
29,for,O
29,the,O
29,Bank,O
29,to,O
29,decide,O
29,whether,O
29,to,O
29,grant,O
29,time,O
29,or,O
29,not.,O
29,We,O
29,neither,O
29,express,O
29,any,O
29,opinion,O
29,nor,O
29,we,O
29,go,O
29,into,O
29,these,O
29,issues,O
29,because,O
29,these,O
29,issues,O
29,solely,O
29,rest,O
29,with,O
29,the,O
29,Bank,O
29,to,O
29,consider,O
29,and,O
29,not,O
29,for,O
29,Court,O
29,to,O
29,decide.,O
29,It,O
29,is,O
29,for,O
29,these,O
29,reasons,O
29,",",O
29,we,O
29,find,O
29,no,O
29,merit,O
29,in,O
29,the,O
29,petition,O
29,which,O
29,thus,O
29,fails,O
29,and,O
29,is,O
29,hereby,O
29,dismissed,O
29,in,O
29,liminie.,O
29,No,O
29,cost.,O
,,
30,While,O
30,staying,O
30,at,O
30,the,O
30,house,O
30,of,O
30,her,O
30,"husband,",O
30,Hasina,B-Person
30,lodged,O
30,an,O
30,"Ejahar,",O
30,in,O
30,"writing,",O
30,making,O
30,the,O
30,allegations,O
30,as,O
30,mentioned,O
30,above,O
30,against,O
30,her,O
30,husband.,O
30,Treating,O
30,the,O
30,said,O
30,"Ejahar,",O
30,as,O
30,First,B-Document
30,Information,I-Document
30,Report,I-Document
30,(in,O
30,"short,",O
30,"'FIR'),",O
30,Borghat,B-Police Station
30,Police,I-Police Station
30,Station,I-Police Station
30,Case,O
30,No.,O
30,45,O
30,of,O
30,"1998,",O
30,under,O
30,Sections,B-Section
30,498A/342/302/506,I-Section
30,"IPC,",O
30,was,O
30,registered,O
30,against,O
30,the,O
30,accused.,O
30,During,O
30,"investigation,",O
30,police,O
30,disinterred,O
30,the,O
30,skeletal,O
30,remains,O
30,of,O
30,the,O
30,dead-body,O
30,of,O
30,the,O
30,baby,B-Person
30,from,O
30,inside,O
30,a,O
30,grave,O
30,in,O
30,the,O
30,compound,O
30,of,O
30,the,O
30,house,O
30,of,O
30,the,O
30,accused,B-Person
30,and,O
30,inquest,B-Court
30,"was,",O
30,"then,",O
30,held,O
30,over,O
30,the,O
30,remains,O
30,of,O
30,the,O
30,dead,O
30,body,O
30,of,O
30,the,O
30,said,O
30,baby,O
30,and,O
30,the,O
30,same,O
30,was,O
30,also,O
30,sent,O
30,for,O
30,post,O
30,mortem,O
30,examination.,O
30,The,O
30,cause,O
30,of,O
30,death,O
30,could,O
30,not,O
30,be,O
30,medically,O
30,determined.,O
30,"However,",O
30,on,O
30,completion,O
30,of,O
30,"investigation,",O
30,police,O
30,laid,O
30,"charge-sheet,",O
30,under,O
30,Sections,O
30,498A/342/302/506,O
30,"IPC,",O
30,against,O
30,the,O
30,accused.,O
,,
31,The,O
31,"petitioner,",O
31,who,O
31,has,O
31,been,O
31,identified,O
31,as,O
31,'D',O
31,(Doubtful),O
31,"voter,",O
31,has,O
31,filed,O
31,this,O
31,writ,O
31,"petition,",O
31,challenging,O
31,the,O
31,proceeding,O
31,that,O
31,has,O
31,been,O
31,initiated,O
31,against,O
31,him,O
31,by,O
31,the,O
31,Foreigners,B-Court
31,"Tribunal,",I-Court
31,Goalpara,I-Court
31,vide,O
31,FT,B-Case Number
31,Case,I-Case Number
31,No.,I-Case Number
31,5368/G/12,I-Case Number
31,arising,O
31,out,O
31,of,O
31,district,O
31,Case,O
31,No.,O
31,793/2010.,O
31,Apart,O
31,from,O
31,claiming,O
31,that,O
31,initiation,O
31,of,O
31,such,O
31,proceeding,O
31,is,O
31,uncalled,O
31,for,O
31,in,O
31,view,O
31,of,O
31,the,O
31,fact,O
31,that,O
31,the,B-Person
31,petitioner,I-Person
31,is,O
31,an,O
31,Indian,O
31,"citizen,",O
31,the,O
31,said,O
31,proceeding,O
31,has,O
31,also,O
31,been,O
31,questioned,O
31,on,O
31,the,O
31,ground,O
31,of,O
31,pendency,O
31,of,O
31,a,O
31,suit,O
31,being,O
31,Title,B-Case Number
31,Suit,I-Case Number
31,No.,I-Case Number
31,95/2012,I-Case Number
31,in,O
31,the,O
31,Court,O
31,of,O
31,the,O
31,learned,O
31,Munsif,O
31,"No.1,",O
31,"Goalpara,",O
31,by,O
31,which,O
31,the,O
31,petitioner,O
31,as,O
31,the,O
31,plaintiff,O
31,has,O
31,prayed,O
31,for,O
31,a,O
31,declaration,O
31,that,O
31,he,O
31,is,O
31,an,O
31,Indian,B-Person
31,citizen,I-Person
31,as,O
31,defined,O
31,in,O
31,the,O
31,Citizenship,B-Law
31,Act,I-Law
31,and,O
31,that,O
31,the,O
31,alphabet,O
31,"\""D\""",O
31,shown,O
31,against,O
31,his,O
31,name,O
31,in,O
31,the,O
31,electoral,B-Document
31,roll,I-Document
31,be,O
31,removed,O
31,entitling,O
31,him,O
31,to,O
31,cast,O
31,votes,O
31,in,O
31,elections.,O
,,
32,This,O
32,writ,O
32,petition,O
32,is,O
32,directed,O
32,against,O
32,the,O
32,Annexure-N,O
32,order,O
32,dated,O
32,"22.8.2003,",O
32,by,O
32,which,O
32,the,O
32,learned,O
32,presiding,O
32,"officer,",O
32,Industrial,O
32,"Tribunal,",O
32,"Silchar,",O
32,declined,O
32,to,O
32,grant,O
32,approval,O
32,to,O
32,the,O
32,order,O
32,of,O
32,removal,O
32,passed,O
32,against,O
32,the,O
32,concerned,O
32,workman,O
32,pursuant,O
32,to,O
32,a,O
32,domestic,O
32,enquiry.,O
32,Such,O
32,approval,O
32,was,O
32,required,O
32,to,O
32,be,O
32,obtained,O
32,in,O
32,view,O
32,of,O
32,the,O
32,provisions,O
32,contained,O
32,in,O
32,Section,B-Section
32,33(2)(b),I-Section
32,of,O
32,the,O
32,Industrial,O
32,Disputes,O
32,"Act,",O
32,1947.,O
32,At,O
32,the,O
32,time,O
32,of,O
32,seeking,O
32,the,O
32,"approval,",O
32,there,O
32,was,O
32,another,O
32,reference,O
32,pending,O
32,by,O
32,and,O
32,between,O
32,the,O
32,"parties,",O
32,which,O
32,was,O
32,registered,O
32,and,O
32,numbered,O
32,as,O
32,Reference,O
32,Case,O
32,No.,O
32,9/95,O
32,and,O
32,9/96.,O
32,Be,O
32,it,O
32,stated,O
32,here,O
32,that,O
32,as,O
32,per,O
32,the,O
32,requirement,O
32,of,O
32,Section,O
32,33(2)(b),O
32,while,O
32,removing,O
32,the,O
32,workman,O
32,from,O
32,service,O
32,pursuant,O
32,to,O
32,the,O
32,departmental,O
32,"enquiry,",O
32,he,O
32,was,O
32,offered,O
32,one,O
32,month's,O
32,wages.,O
,,
33,The,B-Person
33,petitioner,I-Person
33,is,O
33,aggrieved,O
33,by,O
33,the,O
33,Annexure-G,B-Document
33,order,O
33,dated,O
33,"29.1.2005,",O
33,by,O
33,which,O
33,his,O
33,earlier,O
33,penalty,O
33,of,O
33,compulsory,O
33,retirement,O
33,was,O
33,reduced,O
33,to,O
33,that,O
33,of,O
33,reversion,O
33,to,O
33,the,O
33,lower,O
33,post,O
33,of,O
33,Watchman,B-Person
33,with,O
33,further,O
33,direction,O
33,to,O
33,fix,O
33,his,O
33,pay,O
33,scale,O
33,of,O
33,Watchman,O
33,at,O
33,the,O
33,stage,O
33,from,O
33,which,O
33,he,O
33,was,O
33,promoted,O
33,to,O
33,the,O
33,post,O
33,of,O
33,AG-III(D),B-Court
33,till,O
33,his,O
33,retirement,O
33,on,O
33,attaining,O
33,the,O
33,age,O
33,of,O
33,superannuation,O
33,on,O
33,30.4.2011.,O
33,It,O
33,was,O
33,further,O
33,provided,O
33,that,O
33,the,B-Person
33,petitioner,I-Person
33,would,O
33,be,O
33,entitled,O
33,to,O
33,increments,O
33,of,O
33,pay,O
33,in,O
33,the,O
33,scale,O
33,of,O
33,Watchman.,O
,,
34,This,O
34,writ,O
34,petition,O
34,is,O
34,directed,O
34,against,O
34,the,O
34,award,O
34,dated,O
34,11.1.2002,B-Date
34,passed,O
34,by,O
34,the,O
34,learned,B-Court
34,Labour,I-Court
34,"Court,",I-Court
34,Dibrugarh,I-Court
34,in,O
34,Reference,O
34,Case,O
34,No.,O
34,"26/2000,",O
34,by,O
34,which,O
34,the,O
34,issues,O
34,raised,O
34,vide,O
34,Govt.,B-Document
34,notification,I-Document
34,dated,O
34,14.12.2000,B-Date
34,have,O
34,been,O
34,answered,O
34,against,O
34,the,O
34,workmen.,O
34,Being,O
34,aggrieved,O
34,by,O
34,the,O
34,said,O
34,"award,",O
34,which,O
34,was,O
34,"exparte,",O
34,the,O
34,concerned,O
34,workmen,B-Person
34,had,O
34,filed,O
34,an,O
34,application,O
34,registered,O
34,as,O
34,Misc.,B-Case Number
34,Case,I-Case Number
34,No.,I-Case Number
34,3/2003,I-Case Number
34,on,O
34,1.1.2003,B-Date
34,for,O
34,setting,O
34,aside,O
34,the,O
34,said,O
34,exparte,O
34,award.,O
34,"However,",O
34,the,O
34,said,O
34,application,O
34,was,O
34,also,O
34,dismissed,O
34,by,O
34,order,O
34,dated,O
34,2.6.2003.,O
34,Being,O
34,"aggrieved,",O
34,the,O
34,petitioners,O
34,have,O
34,filed,O
34,the,O
34,instant,O
34,writ,O
34,petition.,O
,,
35,Through,O
35,this,O
35,application,O
35,under,O
35,Section,B-Section
35,11,I-Section
35,of,O
35,the,O
35,Arbitration,B-Law
35,&,I-Law
35,Conciliation,I-Law
35,"Act,",I-Law
35,1996,I-Law
35,(hereinafter,O
35,referred,O
35,to,O
35,as,O
35,'the,O
35,Arbitration,O
35,Act'),O
35,the,O
35,petitioner,B-Person
35,prays,O
35,for,O
35,appointment,O
35,of,O
35,Arbitrator,O
35,to,O
35,adjudicate,O
35,the,O
35,dispute,O
35,arising,O
35,out,O
35,of,O
35,the,O
35,agreement,B-Document
35,dated,O
35,14.9.1999,B-Date
35,(Annexure-B).,O
35,Through,O
35,this,O
35,agreement,O
35,executed,O
35,by,O
35,the,O
35,petitioner,O
35,under,O
35,its,O
35,previous,O
35,name,O
35,'M/s,O
35,Derby,O
35,Tea,O
35,&,O
35,Industries,O
35,Limited',O
35,and,O
35,the,O
35,respondent,O
35,'Rossell,O
35,Tea,O
35,"Limited',",O
35,the,O
35,petitioner,O
35,had,O
35,agreed,O
35,to,O
35,transfer,O
35,the,O
35,Nagrijuli,O
35,Tea,O
35,Estate,O
35,for,O
35,a,O
35,total,O
35,consideration,O
35,of,O
35,Rs.18.00,O
35,crores.,O
35,The,O
35,consideration,O
35,amount,O
35,was,O
35,payable,O
35,in,O
35,a,O
35,phased,O
35,manner,O
35,and,O
35,after,O
35,possession,O
35,of,O
35,the,O
35,T.E.,O
35,is,O
35,"delivered,",O
35,the,O
35,respondent,O
35,was,O
35,required,O
35,to,O
35,bear,O
35,the,O
35,expenses,O
35,for,O
35,managing,O
35,the,O
35,T.E.,O
35,w.e.f.,O
35,11.10.1999,B-Date
35,i.e.,O
35,the,O
35,date,O
35,of,O
35,delivery,O
35,of,O
35,possession.,O
35,The,O
35,record,O
35,shows,O
35,that,O
35,between,O
35,29.9.1999,O
35,to,O
35,"31.3.2000,",O
35,Rs.17.5,O
35,crores,O
35,was,O
35,paid,O
35,by,O
35,the,O
35,respondent,O
35,but,O
35,the,O
35,balance,O
35,amount,O
35,of,O
35,Rs.50,O
35,lakh,O
35,is,O
35,not,O
35,yet,O
35,paid.,O
,,
36,The,O
36,short,O
36,but,O
36,interesting,O
36,question,O
36,of,O
36,law,O
36,involved,O
36,in,O
36,this,O
36,criminal,O
36,revision,O
36,is,O
36,whether,O
36,the,O
36,learned,O
36,Sub-Divisional,O
36,Judicial,O
36,Magistrate,O
36,"(M),",O
36,Rangia,B-Police Station
36,('SDJM',O
36,for,O
36,short),O
36,has,O
36,correctly,O
36,exercised,O
36,his,O
36,jurisdiction,O
36,in,O
36,accepting,O
36,the,O
36,final,B-Document
36,report,I-Document
36,submitted,O
36,by,O
36,the,O
36,police,O
36,('FR'),O
36,on,O
36,the,O
36,ground,O
36,of,O
36,lack,O
36,of,O
36,evidence,O
36,and,O
36,in,O
36,simultaneously,O
36,taking,O
36,cognizance,O
36,of,O
36,the,O
36,offence,O
36,on,O
36,the,O
36,basis,O
36,of,O
36,the,O
36,protest,B-Document
36,petition,I-Document
36,filed,O
36,by,O
36,the,O
36,informant,B-Person
36,which,O
36,does,O
36,not,O
36,contain,O
36,facts,O
36,constituting,O
36,an,O
36,offence,O
36,and,O
36,thereafter,O
36,examining,O
36,the,O
36,informant/respondent,O
36,(respondent,O
36,2),O
36,and,O
36,his,O
36,witnesses,O
36,U/s,O
36,200,O
36,CrPC?,O
,,
37,The,B-Document
37,gist,I-Document
37,of,I-Document
37,the,I-Document
37,prosecution,I-Document
37,case,I-Document
37,is,O
37,that,O
37,both,O
37,the,B-Person
37,deceased,I-Person
37,and,O
37,the,O
37,accused,O
37,persons,O
37,had,O
37,paddy,O
37,fields,O
37,at,O
37,the,O
37,place,O
37,of,O
37,occurrence,O
37,with,O
37,common,O
37,boundary.,O
37,In,O
37,other,O
37,"words,",O
37,paddy,O
37,fields,O
37,of,O
37,both,O
37,the,O
37,parties,O
37,were,O
37,contiguous,O
37,to,O
37,each,O
37,other.,O
37,On,O
37,23.7.2002,B-Date
37,at,O
37,about,O
37,8.30,O
37,in,O
37,the,O
37,morning,O
37,the,O
37,deceased,O
37,and,O
37,his,O
37,son,O
37,Karuna,B-Person
37,were,O
37,draining,O
37,out,O
37,excessive,O
37,water,O
37,from,O
37,their,O
37,plot,O
37,of,O
37,land,O
37,and,O
37,the,O
37,water,O
37,was,O
37,being,O
37,released,O
37,in,O
37,the,O
37,paddy,O
37,field,O
37,belonging,O
37,to,O
37,the,O
37,accused,O
37,Manindra,O
37,Suklabaidya.,O
37,Since,O
37,this,O
37,act,O
37,of,O
37,the,O
37,son,O
37,of,O
37,the,O
37,deceased,O
37,was,O
37,damaging,O
37,the,O
37,paddy,O
37,cultivation,O
37,of,O
37,the,O
37,accused,O
37,an,O
37,altercation,O
37,took,O
37,place,O
37,initially,O
37,between,O
37,the,O
37,accused,O
37,Manindra,O
37,and,O
37,the,O
37,son,O
37,of,O
37,the,O
37,"deceased,",O
37,Karuna.,O
37,Immediately,O
37,the,O
37,deceased,O
37,also,O
37,intervened,O
37,in,O
37,the,O
37,altercation,O
37,and,O
37,he,O
37,was,O
37,assaulted,O
37,with,O
37,a,O
37,spade.,O
,,
38,These,O
38,appeals,O
38,are,O
38,directed,O
38,against,O
38,the,O
38,judgment,B-Document
38,dated,O
38,"04.11.2012,",O
38,passed,O
38,by,O
38,the,O
38,learned,O
38,Sessions,O
38,"Judge,",O
38,Darrang,B-Court
38,at,I-Court
38,Mangaldoi,I-Court
38,in,O
38,Sessions,O
38,Case,O
38,No.,O
38,"39(DM)/1999,",O
38,convicting,O
38,both,O
38,of,O
38,them,O
38,under,O
38,Sections,B-Section
38,366/34,I-Section
38,IPC,I-Section
38,and,O
38,sentencing,O
38,them,O
38,to,O
38,rigorous,O
38,imprisonment,O
38,for,O
38,7,O
38,(seven),O
38,years,O
38,with,O
38,a,O
38,fine,O
38,of,O
38,Rs.,O
38,"5,000/-",O
38,"each,",O
38,in,O
38,"default,",O
38,rigorous,O
38,imprisonment,O
38,for,O
38,another,O
38,6,O
38,(six),O
38,months.,O
38,Aggrieved,O
38,by,O
38,the,O
38,aforesaid,O
38,"judgment,",O
38,Sri,B-Person
38,Babul,I-Person
38,Bania,I-Person
38,and,O
38,Sri,B-Person
38,Dilip,I-Person
38,Bania,I-Person
38,preferred,O
38,these,O
38,appeals,O
38,citing,O
38,several,O
38,infirmities,O
38,in,O
38,the,O
38,judgment,O
38,aforementioned.,O
38,"While,",O
38,Mr.,B-Person
38,Babul,I-Person
38,Bania,I-Person
38,had,O
38,preferred,O
38,this,O
38,appeal,O
38,from,O
38,"jail,",O
38,Shri,B-Person
38,Dilip,I-Person
38,Bania,I-Person
38,was,O
38,enlarged,O
38,on,O
38,bail,O
38,during,O
38,the,O
38,pendency,O
38,of,O
38,present,O
38,appeal,O
38,suspending,O
38,the,O
38,judgment,O
38,impugned,O
38,as,O
38,far,O
38,as,O
38,Sri,O
38,Dilip,O
38,Bania,O
38,is,O
38,concerned.,O
,,
39,This,O
39,appeal,O
39,is,O
39,directed,O
39,against,O
39,the,O
39,judgment,B-Document
39,dated,O
39,04.03.2011,B-Date
39,passed,O
39,by,O
39,the,O
39,Addl.,O
39,Sessions,O
39,"Judge,",O
39,"F.T.C.,",O
39,"Nagaon,",O
39,Assam,O
39,in,O
39,Sessions,B-Case Number
39,Case,I-Case Number
39,NO.,I-Case Number
39,77(N),I-Case Number
39,of,I-Case Number
39,2008,I-Case Number
39,convicting,O
39,one,O
39,Md.,B-Person
39,Nur,I-Person
39,Islam,I-Person
39,of,O
39,offences,O
39,under,O
39,Section,O
39,457/,O
39,376,O
39,IPC,B-Law
39,and,O
39,sentencing,O
39,him,O
39,to,O
39,suffer,O
39,rigorous,O
39,imprisonment,O
39,for,O
39,4,O
39,½,O
39,years,O
39,and,O
39,fine,O
39,of,O
39,Rs.,O
39,"1,000/-",O
39,in,O
39,default,O
39,to,O
39,undergo,O
39,simple,O
39,imprisonment,O
39,for,O
39,15,O
39,days,O
39,for,O
39,offence,O
39,under,O
39,Section,O
39,376,O
39,IPC,O
39,and,O
39,sentencing,O
39,him,O
39,to,O
39,simple,O
39,imprisonment,O
39,for,O
39,3,O
39,years,O
39,and,O
39,a,O
39,fine,O
39,of,O
39,Rs.,O
39,"1,",O
39,000/-,O
39,in,O
39,default,O
39,to,O
39,undergo,O
39,simple,O
39,imprisonment,O
39,for,O
39,another,O
39,period,O
39,of,O
39,15,O
39,days,O
39,for,O
39,offence,O
39,under,O
39,Section,B-Section
39,457,I-Section
39,IPC.,O
39,Being,O
39,aggrieved,O
39,by,O
39,and,O
39,dissatisfied,O
39,with,O
39,aforesaid,O
39,"judgment,",O
39,the,O
39,petitioner,O
39,Md.,O
39,Nur,O
39,"Islam,",O
39,"hereinafter,",O
39,referred,O
39,to,O
39,as,O
39,accused,O
39,"person,",O
39,preferred,O
39,this,O
39,appeal,O
39,citing,O
39,several,O
39,infirmities,O
39,in,O
39,the,O
39,"judgment,",O
39,impugned.,O
,,
40,individual,B-Person
40,petitioner,B-Person
40,after,O
40,affording,O
40,to,O
40,each,O
40,petitioner,O
40,an,O
40,opportunity,O
40,of,O
40,being,O
40,heard,O
40,in,O
40,support,O
40,of,O
40,his,O
40,contentions.,O
40,We,O
40,also,O
40,hasten,O
40,to,O
40,observe,O
40,that,O
40,the,O
40,Income,B-Person
40,Tax,I-Person
40,Officer,I-Person
40,(TDS),I-Person
40,shall,O
40,pass,O
40,reasoned,O
40,order,O
40,in,O
40,each,O
40,cases,O
40,justifying,O
40,his,O
40,conclusion,O
40,as,O
40,to,O
40,whether,O
40,and,O
40,why,O
40,and,O
40,on,O
40,what,O
40,basis,O
40,the,O
40,petitioner,O
40,(assessee),O
40,is,O
40,entitled,O
40,to,O
40,claim,O
40,exemption,O
40,and,O
40,if,O
40,not,O
40,why?,O
40,Let,O
40,this,O
40,enquiry,O
40,be,O
40,held,O
40,by,O
40,the,O
40,Income,O
40,Tax,O
40,Officer,O
40,"(TDS),",O
40,"Dibrugarh,",O
40,Assam,O
40,within,O
40,a,O
40,period,O
40,of,O
40,six,O
40,months,O
40,from,O
40,today.,O
40,Each,O
40,of,O
40,the,O
40,petitioners,O
40,shall,O
40,submit,O
40,proper,B-Document
40,representation,I-Document
40,duly,O
40,supported,O
40,with,O
40,documentary,B-Document
40,evidence,I-Document
40,and,O
40,necessary,B-Document
40,details,I-Document
40,to,O
40,enable,O
40,the,O
40,authority,O
40,concerned,O
40,to,O
40,decide,O
40,the,O
40,said,O
40,representation,O
40,as,O
40,directed,O
40,supra,O
40,within,O
40,the,O
40,timeframe,O
40,fixed.,O
40,It,O
40,be,O
40,submitted,O
40,within,O
40,a,O
40,month,O
40,from,O
40,today,O
40,as,O
40,an,O
40,outer,O
40,limit.,O
40,It,O
40,is,O
40,with,O
40,these,O
40,observations,O
40,and,O
40,"directions,",O
40,the,O
40,writ,O
40,petition,O
40,is,O
40,disposed,O
40,of.,O
40,No,O
40,cost.,O
,,
41,This,O
41,appeal,O
41,is,O
41,at,O
41,the,O
41,instance,O
41,of,O
41,the,O
41,State,O
41,challenging,O
41,the,O
41,judgment,O
41,dated,O
41,17.5.2007,B-Date
41,passed,O
41,by,O
41,the,O
41,learned,O
41,Sessions,O
41,"Judge,",O
41,Darrang,O
41,",",O
41,Mangaldoi,O
41,in,O
41,Sessions,O
41,Case,O
41,No.176,O
41,(DM),O
41,of,O
41,"2005,",O
41,whereby,O
41,the,O
41,respondent,B-Person
41,Nos.,I-Person
41,"2,",I-Person
41,"3,",I-Person
41,4,I-Person
41,and,I-Person
41,5,I-Person
41,have,O
41,been,O
41,acquitted,O
41,from,O
41,the,O
41,offence,O
41,under,O
41,Section,B-Section
41,302,I-Section
41,read,O
41,with,O
41,section,B-Section
41,34,I-Section
41,of,O
41,the,O
41,IPC.,O
41,Though,O
41,the,O
41,respondent,B-Person
41,No.1,I-Person
41,was,O
41,convicted,O
41,u/s,O
41,304,O
41,PT-II,O
41,IPC,B-Law
41,he,O
41,was,O
41,released,O
41,on,O
41,probation,O
41,of,O
41,good,O
41,conduct,O
41,and,O
41,also,O
41,imposing,O
41,fine,O
41,of,O
41,"Rs.21,000/-",O
41,(Twenty,O
41,one,O
41,Thousand).,O
41,"However,",O
41,in,O
41,the,O
41,memo,B-Document
41,of,I-Document
41,appeal,I-Document
41,the,O
41,State,O
41,appellant,O
41,has,O
41,not,O
41,made,O
41,any,O
41,specific,O
41,prayer,O
41,to,O
41,enhance,O
41,the,O
41,sentence,O
41,of,O
41,the,O
41,respondent,O
41,No.1.,O
,,
42,Heard,O
42,Mr.,O
42,G,O
42,"Choudury,",O
42,learned,O
42,counsel,O
42,for,O
42,the,B-Person
42,appellant,I-Person
42,and,O
42,Mr.,O
42,Z,O
42,"Kamar,",O
42,learned,O
42,Public,O
42,Prosecutor,O
42,for,O
42,the,O
42,State.,O
42,We,O
42,have,O
42,also,O
42,gone,O
42,through,O
42,the,O
42,impugned,B-Document
42,judgment,I-Document
42,and,O
42,the,O
42,prosecution,B-Document
42,evidence,I-Document
42,proffered,O
42,in,O
42,the,O
42,trial,O
42,court.,O
42,The,O
42,defense,O
42,case,O
42,was,O
42,that,O
42,the,B-Person
42,accused,B-Person
42,assaulted,O
42,the,B-Person
42,deceased,B-Person
42,with,O
42,a,O
42,bamboo,O
42,stick,O
42,as,O
42,the,O
42,deceased,O
42,was,O
42,attempting,O
42,to,O
42,assault,O
42,his,O
42,mother.,O
42,In,O
42,his,O
42,statement,O
42,under,O
42,Section,B-Section
42,313,I-Section
42,of,O
42,the,O
42,Cr.P.C.,B-Law
42,the,O
42,accused/appellant,O
42,has,O
42,admitted,O
42,repeatedly,O
42,about,O
42,assaulting,O
42,the,O
42,deceased,O
42,with,O
42,a,O
42,bamboo,O
42,lathi.,O
42,"Hence,",O
42,no,O
42,evidence,O
42,in,O
42,defense,O
42,was,O
42,given.,O
,,
43,Mr.,O
43,"Talukdar,",O
43,learned,B-Person
43,counsel,I-Person
43,for,I-Person
43,the,I-Person
43,appellant,I-Person
43,submitted,O
43,that,O
43,while,O
43,convicting,O
43,the,O
43,appellant,O
43,under,O
43,the,O
43,aforesaid,O
43,provisions,O
43,of,O
43,"law,",O
43,the,O
43,learned,O
43,Special,O
43,Judge,O
43,ignored,O
43,the,O
43,depositions,B-Document
43,of,O
43,a,O
43,large,O
43,number,O
43,of,O
43,prosecution,O
43,"witnesses,",O
43,who,O
43,deposed,O
43,in,O
43,favour,O
43,of,O
43,the,O
43,accused.,O
43,"Similarly,",O
43,the,O
43,trial,B-Court
43,court,I-Court
43,also,O
43,discarded,O
43,the,O
43,defence,O
43,evidence,O
43,superficially,O
43,and,O
43,on,O
43,flimsy,O
43,ground.,O
43,According,O
43,to,O
43,the,O
43,learned,O
43,"counsel,",O
43,the,O
43,wife,O
43,of,O
43,the,O
43,accused/appellant,O
43,had,O
43,additional,O
43,earning,O
43,by,O
43,way,O
43,of,O
43,getting,O
43,rent,O
43,from,O
43,different,O
43,shopkeepers.,O
43,"However,",O
43,the,O
43,income,O
43,of,O
43,the,O
43,wife,O
43,has,O
43,not,O
43,been,O
43,taken,O
43,into,O
43,consideration,O
43,by,O
43,the,O
43,trial,O
43,court,O
43,solely,O
43,on,O
43,the,O
43,ground,O
43,that,O
43,the,O
43,shops,O
43,were,O
43,constructed,O
43,on,O
43,Government,O
43,khas,O
43,land.,O
43,The,O
43,learned,O
43,counsel,O
43,also,O
43,submitted,O
43,that,O
43,at,O
43,some,O
43,point,O
43,of,O
43,time,O
43,the,O
43,wife,O
43,of,O
43,the,O
43,accused,O
43,had,O
43,also,O
43,purchased,O
43,a,O
43,truck,O
43,by,O
43,taking,O
43,loan,O
43,of,O
43,Rs.,O
43,"80,000/-",O
43,from,O
43,a,O
43,financial,O
43,"institution,",O
43,which,O
43,could,O
43,be,O
43,gathered,O
43,from,O
43,the,O
43,deposition,O
43,of,O
43,PW,O
43,14.,O
43,The,O
43,learned,O
43,counsel,O
43,also,O
43,submitted,O
43,that,O
43,PW,B-Person
43,22,I-Person
43,has,O
43,also,O
43,admitted,O
43,that,O
43,in,O
43,the,O
43,salary,B-Document
43,statement,I-Document
43,the,O
43,department,O
43,did,O
43,not,O
43,include,O
43,the,O
43,arrear,O
43,D.A.,O
43,Referring,O
43,to,O
43,the,O
43,depositions,O
43,of,O
43,PW,O
43,19,O
43,and,O
43,24,O
43,the,O
43,learned,O
43,counsel,O
43,submitted,O
43,that,O
43,the,O
43,accused,O
43,had,O
43,also,O
43,sold,O
43,a,O
43,plot,O
43,of,O
43,land,O
43,in,O
43,the,O
43,year,O
43,1996,O
43,at,O
43,an,O
43,amount,O
43,of,O
43,Rs.,O
43,"1,30,000/-",O
43,According,O
43,to,O
43,the,O
43,learned,O
43,"counsel,",O
43,if,O
43,all,O
43,these,O
43,incomes,O
43,are,O
43,added,O
43,then,O
43,the,O
43,difference,O
43,of,O
43,assets,O
43,would,O
43,stand,O
43,satisfactorily,O
43,explained.,O
,,
44,PW,B-Person
44,1,I-Person
44,as,O
44,the,O
44,first,O
44,informant,O
44,lodged,O
44,information,O
44,before,O
44,the,O
44,"Officer-in-Charge,",O
44,Patharkandi,B-Police Station
44,Police,I-Police Station
44,Station,I-Police Station
44,on,O
44,21-08-2009,B-Date
44,alleging,O
44,that,O
44,at,O
44,about,O
44,7,O
44,am,O
44,on,O
44,"19-08-2009,",O
44,his,O
44,minor,O
44,"daughter,",O
44,aged,O
44,about,O
44,12,O
44,"years,",O
44,had,O
44,gone,O
44,to,O
44,the,O
44,jungle,O
44,for,O
44,collection,O
44,of,O
44,herbs,O
44,to,O
44,prepare,O
44,medicines.,O
44,She,O
44,was,O
44,alone.,O
44,One,O
44,unidentified,B-Person
44,person,I-Person
44,alongwith,O
44,the,O
44,accused,B-Person
44,accosted,O
44,her,O
44,and,O
44,wanted,O
44,to,O
44,have,O
44,physical,O
44,relation,O
44,with,O
44,her,O
44,by,O
44,proposing,O
44,marriage.,O
44,When,O
44,she,O
44,"refused,",O
44,the,O
44,accused,O
44,and,O
44,the,O
44,unidentified,O
44,person,O
44,threatened,O
44,her,O
44,by,O
44,showing,O
44,a,O
44,'dao',O
44,and,O
44,tied,O
44,her,O
44,to,O
44,a,O
44,tree.,O
44,With,O
44,intention,O
44,to,O
44,commit,O
44,"rape,",O
44,her,O
44,wearing,O
44,apparels,O
44,were,O
44,torn,O
44,and,O
44,force,O
44,was,O
44,used,O
44,on,O
44,her,O
44,causing,O
44,injuries.,O
44,When,O
44,she,O
44,raised,O
44,hue,O
44,and,O
44,"cry,",O
44,nearby,O
44,'jhum',O
44,cultivators,O
44,came,O
44,to,O
44,the,O
44,place,O
44,of,O
44,occurrence,O
44,and,O
44,rescued,O
44,his,O
44,daughter.,O
44,The,O
44,accused,O
44,could,O
44,be,O
44,identified.,O
44,Though,O
44,a,O
44,village,O
44,meeting,O
44,called,O
44,'bichar',O
44,was,O
44,held,O
44,on,O
44,the,O
44,following,O
44,"day,",O
44,the,O
44,matter,O
44,could,O
44,not,O
44,be,O
44,settled.,O
44,Hence,O
44,the,O
44,first,O
44,information.,O
44,The,O
44,same,O
44,was,O
44,treated,O
44,as,O
44,FIR,B-Document
44,and,O
44,on,O
44,the,O
44,basis,O
44,of,O
44,the,O
44,"same,",O
44,Patharkandi,O
44,PS,O
44,Case,O
44,No.120/2009,O
44,u/s,O
44,342/325/376/511,O
44,IPC,B-Law
44,was,O
44,registered.,O
,,
45,The,O
45,judgment,B-Document
45,dated,O
45,12.6.2012,B-Date
45,passed,O
45,by,O
45,the,O
45,learned,O
45,Sessions,B-Police Station
45,"Judge,",I-Police Station
45,Jorhat,I-Police Station
45,in,O
45,Sessions,B-Case Number
45,case,I-Case Number
45,No.,I-Case Number
45,153(JJ),I-Case Number
45,of,I-Case Number
45,2008,I-Case Number
45,is,O
45,under,O
45,challenge,O
45,in,O
45,this,O
45,criminal,O
45,appeal.,O
45,By,O
45,this,O
45,impugned,O
45,judgment,O
45,the,O
45,appellant,B-Person
45,has,O
45,been,O
45,convicted,O
45,under,O
45,Section,B-Section
45,306,I-Section
45,of,O
45,the,O
45,Indian,B-Law
45,Penal,I-Law
45,Code,I-Law
45,and,O
45,he,O
45,has,O
45,been,O
45,sentenced,O
45,to,O
45,undergo,O
45,Rigorous,O
45,Imprisonment,O
45,for,O
45,eight,O
45,years,O
45,and,O
45,to,O
45,pay,O
45,fine,O
45,of,O
45,Rs.,O
45,"20,000/-",O
45,with,O
45,default,O
45,stipulation,O
45,of,O
45,further,O
45,RI,O
45,for,O
45,six,O
45,months.,O
45,Being,O
45,aggrieved,O
45,by,O
45,the,O
45,conviction,O
45,and,O
45,"sentence,",O
45,the,O
45,appellant,O
45,has,O
45,preferred,O
45,this,O
45,appeal.,O
45,Heard,O
45,Mr.,O
45,AM,O
45,"Bora,",O
45,learned,O
45,counsel,O
45,for,O
45,the,O
45,appellant,O
45,and,O
45,Mr.,O
45,BJ,O
45,"Dutta,",O
45,learned,O
45,Addl.,O
45,"PP,",O
45,Assam.,O
45,Also,O
45,perused,O
45,the,O
45,judgment,O
45,and,O
45,evidence,O
45,on,O
45,record.,O
,,
46,The,B-Person
46,appellant,I-Person
46,herein,O
46,has,O
46,been,O
46,convicted,O
46,under,O
46,Sections,B-Section
46,498(A)/306,I-Section
46,of,O
46,the,O
46,Indian,B-Law
46,Penal,I-Law
46,Code,I-Law
46,vide,O
46,judgment,B-Document
46,dated,O
46,29.8.2009,B-Date
46,passed,O
46,by,O
46,the,O
46,learned,O
46,Addl.,O
46,Sessions,O
46,"Judge,",O
46,(FTC),O
46,"No.3,",O
46,"Kamrup,",O
46,Guwahati,O
46,in,O
46,Sessions,O
46,Case,O
46,No.,O
46,156(K),O
46,of,O
46,2008.,O
46,By,O
46,the,O
46,impugned,O
46,judgment,O
46,the,B-Person
46,appellant,I-Person
46,has,O
46,been,O
46,sentenced,O
46,to,O
46,undergo,O
46,Rigorous,O
46,Imprisonment,O
46,for,O
46,two,O
46,years,O
46,with,O
46,fine,O
46,of,O
46,Rs.,O
46,"10,000/-",O
46,and,O
46,RI,O
46,for,O
46,7,O
46,years,O
46,with,O
46,fine,O
46,of,O
46,Rs.,O
46,"10,000/-",O
46,for,O
46,the,O
46,offence,O
46,under,O
46,Section,O
46,498(A)/306.,O
46,For,O
46,non,O
46,payment,O
46,of,O
46,fine,O
46,the,O
46,appellant,O
46,has,O
46,been,O
46,directed,O
46,to,O
46,undergo,O
46,RI,O
46,for,O
46,six,O
46,months,O
46,on,O
46,each,O
46,count,O
46,and,O
46,both,O
46,the,O
46,sentences,O
46,are,O
46,directed,O
46,to,O
46,run,O
46,concurrently.,O
46,Heard,O
46,Mr.,O
46,N.,O
46,"Ahmed,",O
46,learned,O
46,counsel,O
46,for,O
46,the,O
46,appellant,O
46,and,O
46,Mr.,O
46,BJ,O
46,"Dutta,",O
46,learned,O
46,Addl.,O
46,"PP,",O
46,Assam.,O
46,Also,O
46,perused,O
46,the,O
46,impugned,O
46,judgment,O
46,and,O
46,evidence,O
46,on,O
46,record.,O
,,
47,Being,O
47,aggrieved,O
47,by,O
47,and,O
47,dissatisfied,O
47,with,O
47,the,O
47,aforesaid,O
47,"judgment,",O
47,the,O
47,appellant,O
47,Sahab,O
47,Uddin,O
47,"Khan,",O
47,hereinafter,O
47,referred,O
47,to,O
47,as,O
47,accused,O
47,"person,",O
47,has,O
47,preferred,O
47,this,O
47,appeal,O
47,citing,O
47,several,O
47,infirmities,O
47,in,O
47,the,O
47,"judgment,",O
47,impugned.,O
47,The,O
47,brief,O
47,facts,O
47,necessary,O
47,for,O
47,disposal,O
47,of,O
47,the,O
47,present,O
47,appeal,O
47,is,O
47,that,O
47,one,O
47,Tamij,B-Person
47,Uddin,I-Person
47,of,O
47,village,O
47,Poilapul,O
47,gave,O
47,his,O
47,cow,O
47,to,O
47,one,O
47,Dhanbir,B-Person
47,Singh,I-Person
47,of,O
47,Kangali,O
47,Basti,O
47,within,O
47,Lakhipur,B-Police Station
47,police,I-Police Station
47,station,I-Police Station
47,to,O
47,rear,O
47,on,O
47,'Bhagi',O
47,basis.,O
47,"However,",O
47,said,O
47,cow,O
47,was,O
47,found,O
47,missing,O
47,from,O
47,the,O
47,night,O
47,of,O
47,28.04.1996.,O
47,The,O
47,cow,O
47,was,O
47,searched,O
47,but,O
47,it,O
47,could,O
47,not,O
47,be,O
47,located.,O
47,"Subsequently,",O
47,said,O
47,Dhanbir,O
47,came,O
47,to,O
47,know,O
47,that,O
47,the,O
47,cow,O
47,was,O
47,slaughtered,O
47,by,O
47,the,O
47,accused,O
47,Sahab,O
47,Uddin,O
47,and,O
47,he,O
47,sold,O
47,the,O
47,beef,O
47,thereof,O
47,to,O
47,the,O
47,public.,O
,,
48,The,O
48,facts,O
48,of,O
48,the,O
48,present,O
48,case,O
48,depict,O
48,a,O
48,tragic,O
48,circumstance,O
48,of,O
48,the,O
48,death,O
48,of,O
48,a,O
48,young,O
48,house,O
48,wife,O
48,at,O
48,the,O
48,hands,O
48,of,O
48,her,O
48,husband,O
48,Mona,O
48,Das.,O
48,An,O
48,FIR,B-Document
48,was,O
48,lodged,O
48,to,O
48,that,O
48,effect,O
48,by,O
48,one,O
48,Sri,B-Person
48,Niranjan,I-Person
48,Namodas,I-Person
48,with,O
48,the,O
48,Officer-in-Charge,O
48,of,O
48,the,O
48,Tangla,B-Police Station
48,Police,I-Police Station
48,Station,I-Police Station
48,contending,O
48,therein,O
48,that,O
48,his,O
48,sister,O
48,Kento,B-Person
48,Namo,I-Person
48,Das,I-Person
48,(the,O
48,deceased),O
48,was,O
48,given,O
48,marriage,O
48,to,O
48,accused,O
48,Mona,B-Person
48,Das,I-Person
48,as,O
48,per,O
48,Hindu,O
48,rites,O
48,and,O
48,rituals.,O
48,After,O
48,the,O
48,"marriage,",O
48,the,O
48,accused,O
48,along,O
48,with,O
48,his,O
48,mother,O
48,Smti,B-Person
48,Durbala,I-Person
48,Das,I-Person
48,tortured,O
48,Kento,O
48,Das,O
48,physically,O
48,and,O
48,also,O
48,demanded,O
48,dowry.,O
48,On,O
48,"13.12.2005,",O
48,his,O
48,"brother-in-aw,",O
48,Mona,O
48,Das,O
48,"i.e.,",O
48,the,O
48,husband,O
48,of,O
48,his,O
48,sister,O
48,Kento,O
48,Das,O
48,and,O
48,mother-in-law,O
48,set,O
48,Kento,O
48,Das,O
48,on,O
48,fire.,O
48,She,O
48,"was,",O
48,"thereafter,",O
48,admitted,O
48,in,O
48,the,O
48,Mangaldai,O
48,Civil,O
48,Hospital,O
48,where,O
48,she,O
48,died,O
48,out,O
48,of,O
48,her,O
48,burn,O
48,injuries,O
48,while,O
48,undergoing,O
48,treatment.,O
,,
49,The,O
49,facts,O
49,giving,O
49,rise,O
49,to,O
49,this,O
49,"appeal,",O
49,as,O
49,projected,O
49,by,O
49,the,O
49,"prosecution,",O
49,are,O
49,that,O
49,on,O
49,"25.9.2003,",O
49,at,O
49,about,O
49,10.35,O
49,"P.M.,",O
49,the,O
49,In-Charge,O
49,Malugram,O
49,T.O.P.,O
49,received,O
49,an,O
49,information,O
49,from,O
49,one,O
49,Bikash,O
49,"Das,",O
49,a,O
49,member,O
49,of,O
49,Zila,O
49,Parishad,O
49,of,O
49,Dudhpatil,O
49,area,O
49,over,O
49,telephone,O
49,that,O
49,on,O
49,that,O
49,"day,",O
49,the,O
49,appellant,O
49,had,O
49,killed,O
49,his,O
49,wife,O
49,with,O
49,a,O
49,sharp,O
49,weapon,O
49,and,O
49,thrown,O
49,the,O
49,dead,O
49,body,O
49,in,O
49,the,O
49,midst,O
49,of,O
49,the,O
49,paddy,O
49,field,O
49,and,O
49,prayed,O
49,for,O
49,action.,O
49,On,O
49,the,O
49,basis,O
49,of,O
49,this,O
49,"information,",O
49,the,O
49,"In-Charge,",O
49,Malugram,O
49,T.O.P.,O
49,made,O
49,G.D.,B-Document
49,Entry,I-Document
49,495,I-Document
49,dated,O
49,25-9-2003,B-Date
49,and,O
49,after,O
49,consulting,O
49,with,O
49,the,O
49,"Officer-in-Charge,",O
49,Silchar,O
49,Police,O
49,"Station,",O
49,proceeded,O
49,towards,O
49,"Chotodudhpatil,",O
49,Rangalal,O
49,Tilla,O
49,i.e.,O
49,the,O
49,place,O
49,of,O
49,the,O
49,occurrence.,O
49,On,O
49,26.9.2003,B-Date
49,i.e.,O
49,the,O
49,next,O
49,"day,",O
49,Probhat,B-Person
49,Deb,I-Person
49,Nath,I-Person
49,(PW-3),O
49,lodged,O
49,a,O
49,formal,O
49,complaint,O
49,with,O
49,the,O
49,Malugram,O
49,T.O.P.,O
49,(Silchar,O
49,Police,O
49,Station),O
49,stating,O
49,therein,O
49,that,O
49,on,O
49,25.9.2003,B-Date
49,at,O
49,around,O
49,8.45,O
49,P.M.,O
49,on,O
49,hearing,O
49,somebody,O
49,"shrieking,",O
49,he,O
49,along,O
49,with,O
49,Amulya,B-Person
49,Deb,I-Person
49,Nath,I-Person
49,(PW-1),O
49,and,O
49,others,O
49,rushed,O
49,to,O
49,the,O
49,place,O
49,of,O
49,occurrence,O
49,and,O
49,with,O
49,the,O
49,focus,O
49,of,O
49,a,O
49,torch,O
49,"light,",O
49,they,O
49,found,O
49,a,O
49,dead,O
49,body,O
49,lying,O
49,on,O
49,the,O
49,paddy,O
49,field.,O
49,They,O
49,also,O
49,found,O
49,the,O
49,appellant,O
49,(Dilip,O
49,Nath),O
49,standing,O
49,therein,O
49,with,O
49,the,O
49,dead,O
49,body,O
49,armed,O
49,with,O
49,a,O
49,sword,O
49,like,O
49,weapon,O
49,and,O
49,told,O
49,them,O
49,that,O
49,he,O
49,had,O
49,killed,O
49,his,O
49,wife,O
49,and,O
49,warned,O
49,them,O
49,not,O
49,to,O
49,go,O
49,near,O
49,him,O
49,otherwise,O
49,they,O
49,would,O
49,face,O
49,dire,O
49,consequence.,O
49,Being,O
49,"afraid,",O
49,they,O
49,left,O
49,the,O
49,place,O
49,of,O
49,occurrence.,O
49,The,O
49,appellant,O
49,then,O
49,fled,O
49,away,O
49,in,O
49,darkness.,O
49,On,O
49,receipt,O
49,of,O
49,the,O
49,said,O
49,"complaint,",O
49,the,O
49,In-Charge,O
49,of,O
49,Malugram,O
49,Post,O
49,Office,O
49,forwarded,O
49,the,O
49,same,O
49,to,O
49,the,O
49,"O/C,",O
49,"Silchar,",O
49,"P.S.,",O
49,who,O
49,"accordingly,",O
49,registered,O
49,a,O
49,regular,O
49,case,O
49,being,O
49,Silchar,O
49,P.S.,O
49,Case,O
49,No.1162/03,O
49,under,O
49,Section,O
49,302,O
49,IPC.,O
,,
50,The,B-Person
50,appellant,I-Person
50,herein,O
50,has,O
50,been,O
50,convicted,O
50,under,O
50,Section,B-Section
50,302,I-Section
50,of,O
50,the,O
50,Indian,B-Law
50,Penal,I-Law
50,Code,I-Law
50,vide,O
50,judgment,B-Document
50,dated,O
50,11.2.2010,B-Date
50,passed,O
50,by,O
50,the,O
50,learned,O
50,Addl.,O
50,Sessions,O
50,Judge,O
50,"(FTC),",O
50,Biswanath,B-Court
50,Chariali,I-Court
50,in,O
50,Sessions,O
50,Case,O
50,No.,O
50,195,O
50,of,O
50,2006.,O
50,After,O
50,convicting,O
50,the,B-Person
50,appellant,I-Person
50,for,O
50,the,O
50,offence,O
50,of,O
50,murder,O
50,he,O
50,has,O
50,been,O
50,sentenced,O
50,to,O
50,undergo,O
50,imprisonment,O
50,for,O
50,life,O
50,and,O
50,to,O
50,pay,O
50,fine,O
50,of,O
50,Rs.,O
50,"1,000/-",O
50,with,O
50,default,O
50,stipulation,O
50,of,O
50,further,O
50,Simple,O
50,Imprisonment,O
50,for,O
50,three,O
50,months.,O
50,Being,O
50,aggrieved,O
50,with,O
50,the,O
50,conviction,O
50,the,O
50,accused,O
50,has,O
50,preferred,O
50,this,O
50,appeal,O
50,from,O
50,jail.,O
50,Heard,O
50,Mr.,O
50,R.,O
50,"De,",O
50,learned,O
50,Amicus,O
50,Curiae,O
50,for,O
50,the,O
50,appellant,O
50,and,O
50,Mrs.,O
50,B.,O
50,"Bhuyan,",O
50,learned,O
50,Addl.,O
50,"PP,",O
50,Assam.,O
50,Also,O
50,gone,O
50,through,O
50,the,O
50,impugned,O
50,judgment,O
50,and,O
50,the,O
50,evidence,O
50,of,O
50,both,O
50,the,O
50,parties,O
50,tendered,O
50,in,O
50,the,O
50,trial,O
50,court.,O
,,
51,The,O
51,petitioner's,O
51,height,O
51,is,O
51,165.5,O
51,c.ms.,O
51,and,O
51,the,O
51,issue,O
51,is,O
51,whether,O
51,he,O
51,is,O
51,entitled,O
51,to,O
51,relaxation,O
51,of,O
51,the,O
51,height,O
51,requirement,O
51,meant,O
51,for,O
51,Hill,O
51,area/Tribal,O
51,"candidates,",O
51,which,O
51,prescribes,O
51,a,O
51,lower,O
51,height,O
51,standard,O
51,of,O
51,165,O
51,c.ms.,O
51,instead,O
51,of,O
51,the,O
51,required,O
51,height,O
51,of,O
51,170,O
51,c.ms.,O
51,The,B-Person
51,petitioner,I-Person
51,contends,O
51,that,O
51,he,O
51,belongs,O
51,to,O
51,More,O
51,Other,O
51,Backward,O
51,Community,O
51,(MOBC),O
51,of,O
51,Hailakandi,O
51,district,O
51,of,O
51,Assam,O
51,and,O
51,was,O
51,given,O
51,an,O
51,offer,O
51,of,O
51,appointment,O
51,despite,O
51,recording,O
51,his,O
51,height,O
51,as,O
51,165.5,O
51,c.ms.,O
51,The,O
51,respondents,O
51,argue,O
51,that,O
51,the,B-Person
51,petitioner,I-Person
51,belongs,O
51,to,O
51,the,O
51,Tea,O
51,Garden,O
51,Labour,O
51,community,O
51,and,O
51,is,O
51,a,O
51,permanent,O
51,resident,O
51,of,O
51,"Assam,",O
51,so,O
51,he,O
51,cannot,O
51,be,O
51,considered,O
51,a,O
51,candidate,O
51,from,O
51,the,O
51,Hill,O
51,area,O
51,or,O
51,Tribal,O
51,category,O
51,eligible,O
51,for,O
51,height,O
51,relaxation.,O
51,Since,O
51,all,O
51,candidates,O
51,are,O
51,required,O
51,to,O
51,possess,O
51,the,O
51,minimum,O
51,height,O
51,of,O
51,170,O
51,c.ms.,O
51,and,O
51,the,O
51,petitioner,O
51,does,O
51,not,O
51,meet,O
51,this,O
51,"standard,",O
51,he,O
51,cannot,O
51,be,O
51,appointed,O
51,as,O
51,a,O
51,CRPF,O
51,Constable.,O
,,
52,The,O
52,Criminal,B-Case Number
52,Appeal,I-Case Number
52,No.,I-Case Number
52,32,I-Case Number
52,(J),I-Case Number
52,of,I-Case Number
52,2010,I-Case Number
52,has,O
52,been,O
52,filed,O
52,from,O
52,the,O
52,jail,O
52,and,O
52,Criminal,O
52,Appeal,O
52,No.,O
52,127,O
52,of,O
52,2010,O
52,was,O
52,subsequently,O
52,filed,O
52,by,O
52,the,O
52,"convict,",O
52,engaging,O
52,his,O
52,personal,O
52,counsel.,O
52,We,O
52,have,O
52,heard,O
52,Mrs.,O
52,S.,O
52,"Roy,",O
52,learned,O
52,Amicus,O
52,Curia,O
52,and,O
52,Mr.,O
52,AR,O
52,"Sikdar,",O
52,learned,O
52,counsel,O
52,for,O
52,the,O
52,appellant,B-Person
52,and,O
52,Ms.,O
52,B.,O
52,"Bhuyan,",O
52,learned,O
52,Addl.,O
52,PP.,O
52,Assam.,O
52,We,O
52,have,O
52,also,O
52,gone,O
52,through,O
52,the,O
52,impugned,B-Document
52,judgment,I-Document
52,and,O
52,evidence,O
52,on,O
52,record.,O
52,The,O
52,appeals,O
52,are,O
52,directed,O
52,against,O
52,the,O
52,judgment,O
52,dated,O
52,11.2.2010,B-Date
52,passed,O
52,by,O
52,the,O
52,learned,O
52,Sessions,B-Court
52,"Judge,",I-Court
52,"Cachar,",I-Court
52,Silchar,I-Court
52,in,O
52,Sessions,O
52,Case,O
52,No.,O
52,16,O
52,of,O
52,2007.,O
52,By,O
52,the,O
52,impugned,O
52,judgment,O
52,the,O
52,appellant,O
52,has,O
52,been,O
52,convicted,O
52,under,O
52,Section,B-Section
52,302,I-Section
52,of,O
52,the,O
52,Indian,B-Law
52,Penal,I-Law
52,Code,I-Law
52,and,O
52,he,O
52,has,O
52,been,O
52,sentenced,O
52,to,O
52,undergo,O
52,imprisonment,O
52,for,O
52,life,O
52,and,O
52,also,O
52,to,O
52,pay,O
52,fine,O
52,of,O
52,Rs.,O
52,"5,000/-",O
52,with,O
52,default,O
52,stipulation,O
52,of,O
52,further,O
52,Rigorous,O
52,Imprisonment,O
52,for,O
52,two,O
52,months.,O
,,
53,The,O
53,facts,O
53,of,O
53,the,O
53,case,O
53,as,O
53,projected,O
53,by,O
53,the,O
53,prosecution,O
53,is,O
53,that,O
53,on,O
53,"02.09.06,",O
53,one,O
53,Md.,B-Person
53,Mazibur,I-Person
53,Rahman,I-Person
53,lodged,O
53,an,O
53,FIR,B-Document
53,at,O
53,Doolahat,B-Police Station
53,Police,I-Police Station
53,Out-Post,I-Police Station
53,alleging,O
53,that,O
53,on,O
53,09.09.06,B-Date
53,at,O
53,about,O
53,5.30-6.00,O
53,"P.M.,",O
53,while,O
53,his,O
53,"father,",O
53,namely,O
53,Abdul,O
53,"Mannan,",O
53,was,O
53,returning,O
53,from,O
53,Borsola,O
53,market,O
53,to,O
53,his,O
53,residence,O
53,on,O
53,his,O
53,"bicycle,",O
53,the,O
53,"appellant,",O
53,who,O
53,is,O
53,none,O
53,other,O
53,than,O
53,his,O
53,own,O
53,"son-in-law,",O
53,attacked,O
53,him,O
53,by,O
53,causing,O
53,several,O
53,injuries,O
53,upon,O
53,him,O
53,with,O
53,sharp,O
53,weapon,O
53,for,O
53,not,O
53,providing,O
53,him,O
53,with,O
53,rice,O
53,and,O
53,money.,O
53,The,O
53,"police,",O
53,"thereafter,",O
53,registered,O
53,a,O
53,regular,O
53,case,O
53,being,O
53,Laluk,O
53,PS,O
53,Case,O
53,No.,O
53,"112/06,",O
53,under,O
53,Section,B-Section
53,302,I-Section
53,IPC,I-Section
53,and,O
53,investigated,O
53,into,O
53,the,O
53,case.,O
53,The,O
53,police,O
53,conducted,O
53,inquest,O
53,over,O
53,the,O
53,dead,O
53,body,O
53,of,O
53,the,O
53,deceased,O
53,and,O
53,sent,O
53,the,O
53,dead,O
53,body,O
53,for,O
53,post-mortem,O
53,examination.,O
53,The,O
53,appellant,B-Person
53,was,O
53,subsequently,O
53,taken,O
53,into,O
53,the,O
53,custody,O
53,and,O
53,the,O
53,weapon,O
53,i.e.,O
53,dao,O
53,was,O
53,recovered,O
53,at,O
53,his,O
53,instance,O
53,near,O
53,the,O
53,place,O
53,of,O
53,occurrence,O
53,preparing,O
53,a,O
53,seizure,O
53,memo.,O
,,
54,This,O
54,appeal,O
54,is,O
54,directed,O
54,against,O
54,the,O
54,Judgment,B-Document
54,and,I-Document
54,Order,I-Document
54,dated,O
54,05.02.2008,B-Date
54,passed,O
54,by,O
54,the,O
54,learned,O
54,Sessions,O
54,"Judge,",O
54,"Darrang,",O
54,"Mangaldoi,",O
54,in,O
54,Sessions,B-Case Number
54,Case,I-Case Number
54,No.,I-Case Number
54,33(DM-3)/97,I-Case Number
54,whereby,O
54,and,O
54,whereunder,O
54,the,O
54,accused,B-Person
54,appellant,I-Person
54,was,O
54,convicted,O
54,under,O
54,Section,B-Section
54,366/376,I-Section
54,IPC,I-Section
54,and,O
54,sentenced,O
54,to,O
54,suffer,O
54,Rigorous,O
54,Imprisonment,O
54,(RI),O
54,for,O
54,five,O
54,(5),O
54,years,O
54,and,O
54,to,O
54,pay,O
54,a,O
54,fine,O
54,of,O
54,Rs.,O
54,"5,000/-(",O
54,Rupees,O
54,five,O
54,"thousand),",O
54,in,O
54,"default,",O
54,further,O
54,RI,O
54,for,O
54,six,O
54,(6),O
54,months,O
54,with,O
54,direction,O
54,to,O
54,pay,O
54,the,O
54,fine,O
54,"amount,",O
54,if,O
54,"realized,",O
54,to,O
54,the,O
54,victim,B-Person
54,as,O
54,compensation.,O
,,
55,On,O
55,"25.04.2007,",O
55,at,O
55,about,O
55,3,O
55,"pm,",O
55,Anup,B-Person
55,Deori,I-Person
55,@,O
55,Tel,O
55,Deori,O
55,(PW2),O
55,and,O
55,Hiteswar,B-Person
55,Deori,I-Person
55,"(PW4),",O
55,accompanied,O
55,by,O
55,Raju,B-Person
55,Deori,I-Person
55,(since,O
55,"deceased),",O
55,went,O
55,to,O
55,Kareng,O
55,Chapori,O
55,"(i.e.,",O
55,a,O
55,plot,O
55,of,O
55,land,O
55,surrounded,O
55,by,O
55,marshy,O
55,land,O
55,or,O
55,water,O
55,"bodies),",O
55,in,O
55,search,O
55,of,O
55,a,O
55,missing,O
55,buffalo,O
55,belonging,O
55,to,O
55,one,O
55,Dibya,O
55,Deori.,O
55,Having,O
55,found,O
55,the,O
55,"buffalo,",O
55,as,O
55,the,O
55,three,O
55,boys,O
55,felt,O
55,"thirsty,",O
55,they,O
55,went,O
55,to,O
55,the,O
55,khuti,O
55,"(i.e.,",O
55,a,O
55,place,O
55,where,O
55,buffalos,O
55,are,O
55,herded,O
55,and,O
55,kept,O
55,together,O
55,at,O
55,night),O
55,belonging,O
55,to,O
55,Dibya,O
55,"Deori,",O
55,at,O
55,Kareng,O
55,"Chapori,",O
55,to,O
55,quench,O
55,their,O
55,thirst.,O
55,At,O
55,that,O
55,"time,",O
55,they,O
55,noticed,O
55,accused,O
55,Indreswar,B-Person
55,Deori,I-Person
55,"(i.e.,",O
55,the,O
55,accused-appellant),O
55,sleeping,O
55,inside,O
55,a,O
55,"hut,",O
55,located,O
55,at,O
55,the,O
55,said,O
55,khuti.,O
55,On,O
55,having,O
55,drunk,O
55,"water,",O
55,at,O
55,the,O
55,said,O
55,"khuti,",O
55,when,O
55,the,O
55,said,O
55,three,O
55,boys,O
55,were,O
55,coming,O
55,"out,",O
55,the,O
55,accused,O
55,woke,O
55,"up,",O
55,rushed,O
55,to,O
55,the,O
55,boys,O
55,"and,",O
55,saying,O
55,"'stop,",O
55,"stop',",O
55,and,O
55,dealt,O
55,a,O
55,"blow,",O
55,on,O
55,the,O
55,neck,O
55,of,O
55,"Raju,",O
55,with,O
55,a,O
55,dao.,O
55,At,O
55,the,O
55,"time,",O
55,when,O
55,the,O
55,accused,O
55,so,O
55,gave,O
55,blow,O
55,on,O
55,the,O
55,neck,O
55,of,O
55,"Raju,",O
55,Raju,O
55,was,O
55,behind,O
55,PW2,B-Person
55,and,O
55,PW4.,O
55,Having,O
55,heard,O
55,the,O
55,accused,O
55,"saying,",O
55,"'stop,",O
55,"stop',",O
55,when,O
55,PW2,O
55,and,O
55,PW4,B-Person
55,turned,O
55,"back,",O
55,they,O
55,saw,O
55,accused,O
55,dealing,O
55,blow,O
55,on,O
55,the,O
55,neck,O
55,of,O
55,Raju.,O
,,
56,During,O
56,"investigation,",O
56,police,O
56,apprehended,O
56,the,O
56,"accused,",O
56,while,O
56,he,O
56,was,O
56,still,O
56,carrying,O
56,the,O
56,axe,O
56,in,O
56,his,O
56,hand,O
56,and,O
56,the,O
56,said,O
56,axe,O
56,was,O
56,seized,O
56,by,O
56,Seizure,O
56,List,O
56,"(Ext.4),",O
56,Mat.,O
56,Ext.,O
56,1,O
56,being,O
56,the,O
56,seized,O
56,axe.,O
56,Later,O
56,"on,",O
56,an,O
56,Ejahar,O
56,was,O
56,formally,O
56,lodged,O
56,by,O
56,Anjan,B-Person
56,Saikia,I-Person
56,"(PW1),",O
56,brother,O
56,of,O
56,the,O
56,said,O
56,deceased,O
56,"Tralokya,",O
56,at,O
56,Digboi,B-Police Station
56,Police,I-Police Station
56,Station,I-Police Station
56,"and,",O
56,treating,O
56,the,O
56,said,O
56,Ejahar,O
56,as,O
56,First,B-Document
56,Information,I-Document
56,Report,I-Document
56,(in,O
56,"short,",O
56,"FIR),",O
56,Digboi,O
56,Police,O
56,Station,O
56,Case,O
56,"No.107/2008,",O
56,under,O
56,Section,O
56,302,O
56,"IPC,",O
56,was,O
56,registered,O
56,against,O
56,the,O
56,accused.,O
56,On,O
56,completion,O
56,of,O
56,"investigation,",O
56,police,O
56,laid,O
56,"charge-sheet,",O
56,under,O
56,Section,O
56,302,O
56,"IPC,",O
56,against,O
56,the,O
56,accused.,O
,,
57,The,O
57,prosecution,O
57,case,O
57,in,O
57,brief,O
57,is,O
57,that,O
57,one,O
57,Jadu,B-Person
57,Tanti,I-Person
57,lodged,O
57,an,O
57,FIR,B-Document
57,at,O
57,Namtola,B-Police Station
57,Police,I-Police Station
57,Out,I-Police Station
57,Post,I-Police Station
57,on,O
57,10.01.2006,B-Date
57,"alleging,",O
57,inter,O
57,"alia,",O
57,that,O
57,on,O
57,09.01.2006,B-Date
57,at,O
57,about,O
57,7.30,O
57,"P.M.,",O
57,an,O
57,altercation,O
57,took,O
57,place,O
57,between,O
57,the,O
57,accused,O
57,Jaganath,B-Person
57,Tanti,I-Person
57,and,O
57,his,O
57,brother,O
57,Chinta,B-Person
57,Tanti,I-Person
57,@,O
57,Ananda,O
57,Tanti,O
57,in,O
57,the,O
57,house,O
57,of,O
57,Sambaru,B-Person
57,Tanti,I-Person
57,wherein,O
57,the,O
57,accused,O
57,assaulted,O
57,Chinta,O
57,Tanti,O
57,with,O
57,a,O
57,dao,O
57,causing,O
57,injuries,O
57,on,O
57,his,O
57,person.,O
57,"Immediately,",O
57,Chinta,O
57,Tanti,O
57,was,O
57,taken,O
57,to,O
57,Sonari,O
57,Hospital,O
57,wherefrom,O
57,he,O
57,was,O
57,referred,O
57,to,O
57,Assam,O
57,Medical,O
57,College,O
57,and,O
57,"Hospital,",O
57,(AMCH,O
57,for,O
57,short),O
57,"Dibrugarh,",O
57,where,O
57,the,O
57,Doctor,O
57,declared,O
57,him,O
57,dead.,O
57,After,O
57,holding,O
57,post,O
57,mortem,O
57,"examination,",O
57,the,O
57,dead,O
57,body,O
57,was,O
57,handed,O
57,over,O
57,to,O
57,him.,O
,,
58,By,O
58,judgment,O
58,and,O
58,"order,",O
58,dated,O
58,"31.07.2009,",O
58,"passed,",O
58,in,O
58,Sessions,O
58,Case,O
58,No.,O
58,16,O
58,of,O
58,"2007,",O
58,by,O
58,the,O
58,learned,O
58,Sessions,O
58,"Judge,",O
58,"Kokrajhar,",O
58,the,O
58,accused,O
58,"appellant,",O
58,Kartik,O
58,Chandra,O
58,"Singh,",O
58,stands,O
58,convicted,O
58,under,O
58,Sections,O
58,302,O
58,and,O
58,325,O
58,IPC,B-Law
58,and,O
58,sentenced,O
58,to,O
58,"suffer,",O
58,for,O
58,his,O
58,"conviction,",O
58,under,O
58,Section,B-Section
58,302,I-Section
58,"IPC,",O
58,imprisonment,O
58,for,O
58,life,O
58,and,O
58,pay,O
58,fine,O
58,of,O
58,"Rs.5,000/-",O
58,"and,",O
58,in,O
58,default,O
58,of,O
58,payment,O
58,of,O
58,"fine,",O
58,suffer,O
58,rigorous,O
58,imprisonment,O
58,for,O
58,a,O
58,period,O
58,of,O
58,one,O
58,year,O
58,and,O
58,also,O
58,to,O
58,"suffer,",O
58,for,O
58,his,O
58,conviction,O
58,under,O
58,Section,O
58,325,O
58,"IPC,",O
58,rigorous,O
58,imprisonment,O
58,for,O
58,three,O
58,years,O
58,and,O
58,pay,O
58,fine,O
58,of,O
58,"Rs.1,000/-",O
58,"and,",O
58,in,O
58,default,O
58,of,O
58,payment,O
58,of,O
58,"fine,",O
58,suffer,O
58,rigorous,O
58,imprisonment,O
58,for,O
58,a,O
58,period,O
58,of,O
58,three,O
58,"months,",O
58,both,O
58,the,O
58,sentences,O
58,having,O
58,been,O
58,directed,O
58,to,O
58,run,O
58,concurrently.,O
,,
59,On,O
59,"22-01-2006,",O
59,Bhadra,B-Person
59,Lakra,I-Person
59,came,O
59,"home,",O
59,as,O
59,"usual,",O
59,in,O
59,drunken,O
59,state,O
59,and,O
59,started,O
59,beating,O
59,his,O
59,"wife,",O
59,"i.e.,",O
59,the,O
59,accused.,O
59,As,O
59,a,O
59,result,O
59,of,O
59,the,O
59,"beating,",O
59,the,B-Person
59,accused,I-Person
59,sustained,O
59,injuries,O
59,on,O
59,her,O
59,head,O
59,and,O
59,also,O
59,on,O
59,her,O
59,eyes.,O
59,Failing,O
59,to,O
59,"bear,",O
59,any,O
59,"longer,",O
59,the,O
59,regular,O
59,beating,O
59,at,O
59,the,O
59,hands,O
59,of,O
59,her,O
59,"husband,",O
59,the,O
59,accused,O
59,snatched,O
59,away,O
59,the,O
59,piece,O
59,of,O
59,wood,O
59,with,O
59,which,O
59,the,O
59,accused,O
59,was,O
59,beating,O
59,"her,",O
59,"and,",O
59,by,O
59,means,O
59,of,O
59,the,O
59,said,O
59,piece,O
59,of,O
59,"wood,",O
59,the,O
59,accused,O
59,hit,O
59,her,O
59,husband,O
59,on,O
59,his,O
59,"legs,",O
59,"head,",O
59,"neck,",O
59,chest,O
59,and,O
59,the,O
59,abdominal,O
59,area.,O
59,As,O
59,the,O
59,husband,O
59,of,O
59,the,O
59,accused,O
59,was,O
59,"drunk,",O
59,he,O
59,could,O
59,not,O
59,get,O
59,up,O
59,on,O
59,being,O
59,so,O
59,assaulted,O
59,by,O
59,his,O
59,wife,O
59,"and,",O
59,by,O
59,5.00,O
59,"a.m.,",O
59,on,O
59,"23-01-2006,",O
59,he,O
59,succumbed,O
59,to,O
59,his,O
59,injuries.,O
,,
60,On,O
60,completion,O
60,of,O
60,the,O
60,investigation,O
60,the,O
60,police,O
60,submitted,O
60,the,O
60,charge-sheet,B-Document
60,against,O
60,these,O
60,four,O
60,appellants,B-Person
60,under,O
60,Section,B-Section
60,341/302/34,I-Section
60,IPC,I-Section
60,while,O
60,the,O
60,remaining,O
60,five,O
60,FIR,B-Document
60,named,O
60,persons,O
60,were,O
60,discharged,O
60,from,O
60,the,O
60,case,O
60,due,O
60,to,O
60,lack,O
60,of,O
60,sufficient,O
60,evidence.,O
60,The,O
60,learned,O
60,Additional,O
60,Sessions,O
60,"Judge,",O
60,thereafter,O
60,framed,O
60,a,O
60,charge,O
60,against,O
60,the,O
60,appellants,O
60,under,O
60,Section,O
60,341/302/34,O
60,IPC,O
60,to,O
60,which,O
60,they,O
60,pleaded,O
60,not,O
60,guilty,O
60,and,O
60,claimed,O
60,to,O
60,be,O
60,tried.,O
60,In,O
60,the,O
60,course,O
60,of,O
60,"trial,",O
60,the,O
60,prosecution,O
60,examined,O
60,as,O
60,many,O
60,as,O
60,11,O
60,witnesses,O
60,including,O
60,the,O
60,"informant,",O
60,who,O
60,was,O
60,none,O
60,other,O
60,than,O
60,the,O
60,father,O
60,of,O
60,the,O
60,deceased,O
60,(PW-5).,O
60,On,O
60,the,O
60,conclusion,O
60,of,O
60,the,O
60,"trial,",O
60,the,O
60,appellants,O
60,were,O
60,examined,O
60,under,O
60,Section,O
60,313,O
60,"Cr.P.C.,",O
60,whose,O
60,defense,O
60,was,O
60,that,O
60,of,O
60,total,O
60,"denial,",O
60,but,O
60,they,O
60,declined,O
60,to,O
60,adduce,O
60,evidence,O
60,in,O
60,their,O
60,defense.,O
60,After,O
60,hearing,O
60,both,O
60,the,O
60,"parties,",O
60,the,O
60,learned,B-Court
60,Additional,I-Court
60,Sessions,I-Court
60,Judge,I-Court
60,passed,O
60,the,O
60,impugned,O
60,judgment,O
60,of,O
60,conviction,O
60,and,O
60,sentence,O
60,which,O
60,is,O
60,now,O
60,under,O
60,challenge,O
60,in,O
60,this,O
60,appeal.,O
,,
61,I,O
61,have,O
61,heard,O
61,Ms.,O
61,S,O
61,"Sarma,",O
61,learned,O
61,Amicus,O
61,Curiae,O
61,appearing,O
61,for,O
61,the,O
61,appellant.,O
61,Also,O
61,heard,O
61,Ms.,O
61,B,O
61,"Bhuyan,",O
61,learned,O
61,Additional,O
61,Public,O
61,"Prosecutor,",O
61,Assam,O
61,for,O
61,the,O
61,State,O
61,respondents.,O
61,The,O
61,prosecution,O
61,case,O
61,in,O
61,brief,O
61,is,O
61,that,O
61,on,O
61,"18.09.2011,",O
61,one,O
61,Sri,B-Person
61,Prafulla,I-Person
61,Gam,I-Person
61,lodged,O
61,an,O
61,FIR,B-Document
61,with,O
61,the,O
61,Gogamukh,B-Police Station
61,Police,I-Police Station
61,Station,I-Police Station
61,alleging,O
61,inter,O
61,"alia,",O
61,that,O
61,on,O
61,17.09.2011,B-Date
61,the,O
61,accused,O
61,Bipul,B-Person
61,Mili,I-Person
61,kidnapped,O
61,his,O
61,minor,O
61,daughter,O
61,aged,O
61,about,O
61,13,O
61,years,O
61,and,O
61,on,O
61,the,O
61,following,O
61,day,O
61,"i.e.,",O
61,"18.09.2011,",O
61,the,O
61,victim,O
61,was,O
61,recovered,O
61,along,O
61,with,O
61,the,O
61,accused,O
61,from,O
61,the,O
61,house,O
61,of,O
61,a,O
61,person,O
61,of,O
61,Kasutali,O
61,village,O
61,wherein,O
61,they,O
61,were,O
61,hiding.,O
,,
62,Ref:-,O
62,Govt.,B-Document
62,letter,I-Document
62,No.,I-Document
62,ASE,I-Document
62,-72/2013/13,I-Document
62,dtd.,O
62,26.02.2013.,O
62,"Sir,",O
62,In,O
62,inviting,O
62,a,O
62,reference,O
62,to,O
62,the,O
62,Govt.,O
62,letter,O
62,on,O
62,the,O
62,subject,O
62,cited,O
62,"above,",O
62,I,O
62,have,O
62,the,O
62,honour,O
62,to,O
62,state,O
62,that,O
62,as,O
62,per,O
62,Assam,O
62,School,O
62,Service,O
62,(Govt.,O
62,Secondary,O
62,School),O
62,"Rules,2009,",O
62,the,O
62,name,O
62,of,O
62,Sri,O
62,Balay,O
62,Kr.,O
62,"Borah,",O
62,Subject,B-Person
62,Teacher,I-Person
62,(Vocational),I-Person
62,in,O
62,Cotton,O
62,Collegiate,O
62,Govt.,O
62,HS,O
62,"School,",O
62,Guwahati,O
62,and,O
62,any,O
62,other,O
62,Subject,O
62,Teacher,O
62,of,O
62,Vocational,O
62,stream,O
62,working,O
62,in,O
62,different,O
62,Govt.,O
62,HS,O
62,Schools,O
62,of,O
62,Assam,O
62,are,O
62,not,O
62,included,O
62,in,O
62,the,O
62,Graduation,O
62,list,O
62,of,O
62,Subject,O
62,Teacher,O
62,as,O
62,they,O
62,are,O
62,not,O
62,included,O
62,in,O
62,the,O
62,Cadre,O
62,of,O
62,Assam,O
62,School,O
62,Service,O
62,(Jr),O
62,Class,O
62,I,O
62,in,O
62,Rule,B-Section
62,3,I-Section
62,of,O
62,the,O
62,Assam,O
62,School,O
62,Service,O
62,(Govt.,O
62,Secondary,O
62,Schools,O
62,")Rules,",O
62,2009.,O
62,Yours,O
62,"faithfully,",O
62,"Director,",O
62,Secondary,O
62,"Education,",O
62,Assam,O
62,"Kahilipara,",O
62,Guwahati,O
62,-19,O
,,
63,The,B-Person
63,appellant,I-Person
63,herein,O
63,stands,O
63,convicted,O
63,under,O
63,Section,B-Section
63,304,I-Section
63,Part-I,I-Section
63,of,O
63,the,O
63,Indian,B-Law
63,Penal,I-Law
63,Code,I-Law
63,vide,O
63,judgment,B-Document
63,dated,O
63,18.9.2012,B-Date
63,passed,O
63,by,O
63,the,O
63,learned,O
63,Sessions,B-Court
63,"Judge,",I-Court
63,Dhemaji,I-Court
63,in,O
63,Sessions,O
63,Case,O
63,No.,O
63,60(DH),O
63,of,O
63,2007.,O
63,After,O
63,convicting,O
63,the,B-Person
63,appellant,I-Person
63,he,O
63,has,O
63,been,O
63,sentenced,O
63,to,O
63,undergo,O
63,Rigorous,O
63,Imprisonment,O
63,for,O
63,10,O
63,years,O
63,and,O
63,also,O
63,to,O
63,pay,O
63,fine,O
63,of,O
63,Rs.,O
63,"10,000/-",O
63,with,O
63,default,O
63,stipulation,O
63,further,O
63,RI,O
63,for,O
63,one,O
63,year.,O
63,Being,O
63,aggrieved,O
63,by,O
63,the,O
63,conviction,O
63,and,O
63,sentence,O
63,the,O
63,accused,O
63,has,O
63,preferred,O
63,this,O
63,appeal,O
63,from,O
63,jail.,O
,,
64,The,O
64,case,O
64,of,O
64,the,O
64,prosecution,O
64,is,O
64,that,O
64,on,O
64,receipt,O
64,of,O
64,the,O
64,"ejahar,",O
64,from,O
64,Sri,O
64,Sibdhan,O
64,"Tanti,",O
64,Tipujan,O
64,Tea,O
64,"Estate,",O
64,Bokakhat,O
64,alleging,O
64,that,O
64,the,O
64,appellant,B-Person
64,killed,O
64,Bishikeswar,B-Person
64,Tanti,I-Person
64,by,O
64,inflicting,O
64,dao,O
64,blow,O
64,upon,O
64,"him,",O
64,the,O
64,Officer-in-Charge,O
64,of,O
64,Bokakhat,B-Police Station
64,Police,I-Police Station
64,Station,I-Police Station
64,registered,O
64,a,O
64,regular,O
64,case,O
64,being,O
64,Bokakhat,O
64,P.S.,O
64,Case,O
64,No.99,O
64,of,O
64,2008,O
64,under,O
64,Section,O
64,302,O
64,IPC.,O
64,After,O
64,investigation,O
64,of,O
64,the,O
64,"case,",O
64,the,O
64,"I.O.,",O
64,charge-sheeted,O
64,the,O
64,appellant,O
64,under,O
64,Section,B-Section
64,302,I-Section
64,IPC,I-Section
64,to,O
64,face,O
64,the,O
64,trial.,O
64,The,O
64,learned,O
64,Sessions,O
64,"Judge,",O
64,Golaghat,O
64,whereafter,O
64,framed,O
64,the,O
64,charge,O
64,under,O
64,Section,O
64,302,O
64,IPC,O
64,to,O
64,which,O
64,the,O
64,appellant,O
64,pleaded,O
64,not,O
64,guilty,O
64,and,O
64,claimed,O
64,to,O
64,be,O
64,tried.,O
64,In,O
64,the,O
64,course,O
64,of,O
64,"trial,",O
64,the,O
64,prosecution,O
64,examined,O
64,as,O
64,many,O
64,as,O
64,9,O
64,(nine),O
64,witnesses,O
64,and,O
64,exhibited,O
64,the,O
64,post-mortem,O
64,"report,",O
64,the,O
64,inquest,O
64,"report,",O
64,dead,O
64,body,O
64,"challan,",O
64,sketch,B-Document
64,map,I-Document
64,of,I-Document
64,the,I-Document
64,place,I-Document
64,of,I-Document
64,occurrence,I-Document
64,to,O
64,bring,O
64,home,O
64,the,O
64,charge,O
64,against,O
64,the,O
64,appellant.,O
64,At,O
64,the,O
64,conclusion,O
64,of,O
64,the,O
64,"trial,",O
64,the,O
64,appellant,O
64,was,O
64,examined,O
64,under,O
64,Section,O
64,313,O
64,"CrPC,",O
64,whose,O
64,case,O
64,is,O
64,that,O
64,of,O
64,total,O
64,denial.,O
64,The,O
64,learned,O
64,Sessions,O
64,Judge,O
64,thereafter,O
64,passed,O
64,the,O
64,impugned,O
64,judgment,O
64,of,O
64,conviction,O
64,and,O
64,sentence.,O
,,
65,The,O
65,judgment,O
65,dated,O
65,13.10.2010,B-Date
65,passed,O
65,by,O
65,the,O
65,learned,O
65,Sessions,B-Court
65,"Judge,",I-Court
65,Jorhat,I-Court
65,in,O
65,Sessions,B-Case Number
65,Case,I-Case Number
65,No.48,I-Case Number
65,(J-J),I-Case Number
65,of,I-Case Number
65,2009,I-Case Number
65,is,O
65,under,O
65,challenge,O
65,in,O
65,this,O
65,appeal.,O
65,By,O
65,this,O
65,impugned,B-Document
65,judgment,I-Document
65,the,O
65,appellant,B-Person
65,has,O
65,been,O
65,convicted,O
65,under,O
65,Section,B-Section
65,302,I-Section
65,of,O
65,the,O
65,Indian,B-Law
65,Penal,I-Law
65,Code,I-Law
65,and,O
65,he,O
65,has,O
65,been,O
65,sentenced,O
65,to,O
65,undergo,O
65,Imprisonment,O
65,for,O
65,Life,O
65,and,O
65,also,O
65,to,O
65,pay,O
65,fine,O
65,of,O
65,Rs.,O
65,"5,000/-",O
65,with,O
65,default,O
65,stipulation,O
65,further,O
65,RI,O
65,for,O
65,two,O
65,months.,O
65,Being,O
65,aggrieved,O
65,by,O
65,the,O
65,conviction,O
65,and,O
65,"sentence,",O
65,the,O
65,appellant,O
65,has,O
65,preferred,O
65,this,O
65,appeal,O
65,from,O
65,jail.,O
65,Heard,O
65,M.,O
65,J.,O
65,"Islam,",O
65,learned,O
65,Amicus,O
65,Curiae,O
65,for,O
65,the,O
65,appellant,O
65,and,O
65,Mr.,O
65,NJ,O
65,"Dutta,",O
65,learned,O
65,Addl.,O
65,"PP,",O
65,Assam.,O
65,We,O
65,have,O
65,also,O
65,gone,O
65,through,O
65,the,O
65,impugned,O
65,judgment,O
65,and,O
65,the,O
65,prosecution,B-Document
65,evidence,I-Document
65,on,O
65,record.,O
,,
66,This,O
66,appeal,O
66,is,O
66,directed,O
66,against,O
66,the,O
66,judgment,B-Document
66,and,I-Document
66,order,I-Document
66,dated,O
66,16.10.2012,B-Date
66,passed,O
66,by,O
66,the,O
66,learned,O
66,Additional,O
66,Sessions,O
66,"Judge,",O
66,"FTC,",B-Police Station
66,Nagaon,I-Police Station
66,in,O
66,Sessions,O
66,Case,O
66,"No.234(N)/2007,",O
66,whereby,O
66,and,O
66,whereunder,O
66,the,O
66,three,O
66,appellants,O
66,herein,O
66,were,O
66,convicted,O
66,under,O
66,Sections,O
66,313/201/34,O
66,IPC,B-Law
66,and,O
66,sentencing,O
66,them,O
66,to,O
66,undergo,O
66,rigorous,O
66,imprisonment,O
66,(RI,O
66,for,O
66,short),O
66,for,O
66,four,O
66,years,O
66,with,O
66,fine,O
66,of,O
66,Rs.5000/-,O
66,(Rupees,O
66,Five,O
66,Thousand),O
66,only,O
66,"each,",O
66,in,O
66,"default,",O
66,six,O
66,months,O
66,simple,O
66,imprisonment,O
66,under,O
66,Section,B-Section
66,313,I-Section
66,IPC.,O
66,They,O
66,are,O
66,also,O
66,sentenced,O
66,to,O
66,undergo,O
66,RI,O
66,for,O
66,one,O
66,year,O
66,with,O
66,fine,O
66,of,O
66,Rs.1000/-,O
66,(Rupees,O
66,One,O
66,Thousand),O
66,"only,",O
66,in,O
66,"default,",O
66,one,O
66,month,O
66,simple,O
66,imprisonment,O
66,under,O
66,Section,O
66,201,O
66,IPC.,O
66,"However,",O
66,having,O
66,found,O
66,no,O
66,evidence,O
66,and,O
66,as,O
66,the,O
66,prosecution,O
66,has,O
66,failed,O
66,to,O
66,prove,O
66,the,O
66,case,O
66,under,O
66,Section,B-Section
66,506,I-Section
66,IPC,I-Section
66,against,O
66,the,O
66,accused,O
66,persons,O
66,they,O
66,were,O
66,acquitted,O
66,from,O
66,the,O
66,charges,O
66,under,O
66,Sections,O
66,506/34,O
66,IPC.,O
,,
67,The,O
67,facts,O
67,giving,O
67,rise,O
67,to,O
67,this,O
67,petition,O
67,may,O
67,be,O
67,noticed,O
67,at,O
67,the,O
67,outset.,O
67,The,O
67,petitioner,B-Person
67,is,O
67,operating,O
67,a,O
67,mustard,O
67,oil,O
67,mill,O
67,near,O
67,the,O
67,house,O
67,of,O
67,the,O
67,respondent,O
67,No.,O
67,1.,O
67,According,O
67,to,O
67,the,O
67,respondent,O
67,No.,O
67,"1,",O
67,this,O
67,oil,O
67,mill,O
67,is,O
67,located,O
67,in,O
67,a,O
67,residential,O
67,area,O
67,and,O
67,started,O
67,its,O
67,operation,O
67,from,O
67,10,O
67,AM,O
67,till,O
67,late,O
67,night,O
67,causing,O
67,inconvenience,O
67,to,O
67,him,O
67,and,O
67,other,O
67,inhabitants,O
67,of,O
67,the,O
67,area.,O
67,This,O
67,prompted,O
67,the,O
67,respondent,B-Person
67,No.,I-Person
67,1,I-Person
67,to,O
67,file,O
67,a,O
67,petition,O
67,before,O
67,the,O
67,Executive,O
67,"Magistrate,",O
67,"who,",O
67,on,O
67,"25-11-2005,",O
67,forwarded,O
67,it,O
67,to,O
67,the,O
67,"Officer-in-Charge,",O
67,Sarbhog,B-Police Station
67,Police,I-Police Station
67,Station,I-Police Station
67,for,O
67,conducting,O
67,an,O
67,inquiry,O
67,and,O
67,"report,",O
67,but,O
67,no,O
67,action,O
67,was,O
67,taken,O
67,by,O
67,the,O
67,police.,O
67,The,O
67,respondent,O
67,No.,O
67,"1,",O
67,"therefore,",O
67,informed,O
67,the,O
67,Additional,B-Person
67,Deputy,I-Person
67,Superintendent,I-Person
67,of,I-Person
67,Supplies,I-Person
67,to,O
67,take,O
67,action,O
67,in,O
67,this,O
67,regard,O
67,since,O
67,the,O
67,matter,O
67,is,O
67,under,O
67,the,O
67,Department,O
67,of,O
67,Civil,O
67,"Supplies,",O
67,but,O
67,when,O
67,no,O
67,action,O
67,was,O
67,"taken,",O
67,he,O
67,approached,O
67,the,O
67,District,B-Court
67,"Magistrate,",I-Court
67,Barpeta,I-Court
67,to,O
67,initiate,O
67,against,O
67,the,O
67,petitioner,O
67,U/s,O
67,133,O
67,CrPC.,O
67,"Accordingly,",O
67,a,O
67,case,O
67,being,O
67,No.,B-Case Number
67,27/2006,I-Case Number
67,U/s,O
67,133,O
67,CrPC,B-Law
67,was,O
67,registered.,O
67,The,O
67,petitioner,O
67,contested,O
67,the,O
67,case,O
67,and,O
67,denied,O
67,the,O
67,allegations,O
67,of,O
67,the,O
67,respondent,O
67,No.,O
67,1.,O
67,The,O
67,petitioner,O
67,contended,O
67,in,O
67,his,O
67,written,B-Document
67,statement,I-Document
67,that,O
67,the,O
67,mill,O
67,in,O
67,question,O
67,was,O
67,established,O
67,in,O
67,his,O
67,own,O
67,"land,",O
67,which,O
67,was,O
67,not,O
67,in,O
67,a,O
67,residential,O
67,"area,",O
67,but,O
67,is,O
67,in,O
67,a,O
67,purely,O
67,commercial,O
67,area,O
67,abutting,O
67,NH-31,O
67,where,O
67,heavy,O
67,vehicles,O
67,ply,O
67,day,O
67,and,O
67,night,O
67,thereby,O
67,causing,O
67,noise,O
67,in,O
67,larger,O
67,volume,O
67,than,O
67,that,O
67,of,O
67,the,O
67,noise,O
67,produced,O
67,by,O
67,the,O
67,sound,O
67,of,O
67,his,O
67,oil,O
67,mill.,O
,,
68,Apparently,O
68,the,O
68,mandate,O
68,of,O
68,sub-section,O
68,2,O
68,of,O
68,Section,B-Section
68,13,I-Section
68,of,O
68,P.F.A.,B-Law
68,Act,I-Law
68,had,O
68,not,O
68,been,O
68,complied,O
68,with.,O
68,It,O
68,is,O
68,now,O
68,well,O
68,settled,O
68,that,O
68,Section,O
68,13,O
68,of,O
68,P.F.A.,O
68,Act,O
68,is,O
68,mandatory,O
68,(reference,O
68,may,O
68,be,O
68,made,O
68,to,O
68,case,O
68,of,O
68,State,O
68,of,O
68,Orissa,O
68,v.,O
68,Gauranga,B-Person
68,Sahu,I-Person
68,2003,O
68,Cr.L.J.,O
68,3077,O
68,SC).,O
68,The,O
68,prayer,O
68,of,O
68,the,O
68,petitioners,O
68,to,O
68,send,O
68,the,O
68,sample,O
68,to,O
68,the,O
68,Central,O
68,Food,O
68,Laboratory,O
68,could,O
68,not,O
68,be,O
68,considered.,O
68,The,O
68,petitioners,O
68,have,O
68,lost,O
68,their,O
68,valuable,O
68,rights,O
68,to,O
68,get,O
68,the,O
68,sample,O
68,analysed,O
68,by,O
68,Central,O
68,Food,O
68,Laboratory.,O
68,There,O
68,cannot,O
68,be,O
68,further,O
68,any,O
68,direction,O
68,to,O
68,send,O
68,the,O
68,sample,O
68,to,O
68,Central,O
68,Food,O
68,Laboratory,O
68,as,O
68,the,O
68,samples,O
68,had,O
68,been,O
68,taken,O
68,long,O
68,back,O
68,on,O
68,29.10.2010,B-Date
68,and,O
68,no,O
68,preservative,O
68,was,O
68,added,O
68,to,O
68,"it,",O
68,as,O
68,it,O
68,is,O
68,apparent,O
68,from,O
68,the,O
68,public,B-Document
68,analysis,I-Document
68,report,I-Document
68,as,O
68,well,O
68,as,O
68,the,O
68,Memorandum.,O
68,The,O
68,expiry,O
68,date,O
68,of,O
68,the,O
68,samples,O
68,was,O
68,1,O
68,month,O
68,from,O
68,the,O
68,date,O
68,of,O
68,manufacture.,O
,,
69,The,O
69,appeal,O
69,is,O
69,directed,O
69,against,O
69,the,O
69,judgment,B-Document
69,passed,O
69,by,O
69,the,O
69,learned,O
69,Assistant,O
69,Sessions,O
69,"Judge,",O
69,Morigaon,B-Police Station
69,in,O
69,Session,B-Case Number
69,case,I-Case Number
69,No.,I-Case Number
69,60/2009,I-Case Number
69,convicting,O
69,one,O
69,Sri,B-Person
69,Babul,I-Person
69,Deka,I-Person
69,under,O
69,Section,B-Section
69,366/376,I-Section
69,IPC,B-Law
69,and,O
69,sentencing,O
69,him,O
69,to,O
69,RI,O
69,for,O
69,7,O
69,years,O
69,and,O
69,fine,O
69,of,O
69,Rs.,O
69,"1,000/-",O
69,in,O
69,"default,",O
69,RI,O
69,for,O
69,another,O
69,one,O
69,month,O
69,for,O
69,each,O
69,of,O
69,those,O
69,offences,O
69,as,O
69,well,O
69,as,O
69,the,O
69,judgment,O
69,dated,O
69,15.2.2011,B-Date
69,passed,O
69,by,O
69,the,O
69,learned,O
69,Sessions,O
69,"Judge,",O
69,Morigaon,O
69,in,O
69,Criminal,B-Case Number
69,Appeal,I-Case Number
69,No.,I-Case Number
69,9/2011,I-Case Number
69,maintaining,O
69,the,O
69,conviction,O
69,recorded,O
69,by,O
69,the,O
69,learned,B-Court
69,trial,I-Court
69,court,I-Court
69,as,O
69,far,O
69,as,O
69,offence,O
69,under,O
69,section,O
69,376,O
69,IPC,O
69,is,O
69,concerned.,O
69,Being,O
69,agreed,O
69,by,O
69,the,O
69,aforesaid,O
69,"judgments,",O
69,Sri,O
69,Babul,O
69,"Deka,",O
69,herein,O
69,after,O
69,referred,O
69,as,O
69,accused,O
69,"person,",O
69,has,O
69,been,O
69,preferred,O
69,this,O
69,criminal,B-Document
69,revision,I-Document
69,petition,I-Document
69,citing,O
69,several,O
69,infirmities,O
69,in,O
69,those,O
69,judgments.,O
,,
70,The,O
70,validity,O
70,of,O
70,the,O
70,judgment,O
70,dated,O
70,22-11-2012,B-Date
70,passed,O
70,by,O
70,the,O
70,learned,O
70,Additional,B-Court
70,Sessions,I-Court
70,"Judge,",I-Court
70,Dhubri,I-Court
70,in,O
70,Criminal,B-Case Number
70,Revision,I-Case Number
70,Petition,I-Case Number
70,No.,I-Case Number
70,25(4)/2011,I-Case Number
70,refusing,O
70,to,O
70,convert,O
70,the,O
70,criminal,B-Document
70,revision,I-Document
70,petition,I-Document
70,filed,O
70,by,O
70,the,O
70,petitioner,B-Person
70,into,O
70,a,O
70,petition,O
70,of,O
70,appeal,O
70,under,O
70,Section,B-Section
70,401(5),I-Section
70,read,O
70,with,O
70,Section,B-Section
70,399(2),I-Section
70,of,O
70,the,O
70,Code,B-Law
70,of,I-Law
70,Criminal,I-Law
70,Procedure,I-Law
70,('the,O
70,Code',O
70,for,O
70,short),O
70,is,O
70,called,O
70,into,O
70,question,O
70,in,O
70,this,O
70,criminal,O
70,revision,O
70,petition.,O
,,
71,The,O
71,respondent,B-Person
71,No.,I-Person
71,2,I-Person
71,herein,O
71,filed,O
71,an,O
71,application,O
71,under,O
71,Section,B-Section
71,125,I-Section
71,Cr.P.C.,B-Law
71,claiming,O
71,herself,O
71,as,O
71,wife,O
71,of,O
71,the,O
71,petitioner.,O
71,She,O
71,prayed,O
71,for,O
71,maintenance,O
71,of,O
71,Rs.,O
71,1200/-,O
71,from,O
71,her,O
71,husband,O
71,i.e.,O
71,the,O
71,petitioner.,O
71,The,O
71,learned,O
71,Judicial,O
71,"Magistrate,",O
71,1st,O
71,"Class,",O
71,"Nagaon,",O
71,in,O
71,M.R.,O
71,Case,O
71,No.,O
71,366,O
71,of,O
71,"2010,",O
71,allowed,O
71,the,O
71,prayer,O
71,of,O
71,the,O
71,respondent,O
71,No.,O
71,2.,O
71,Against,O
71,the,O
71,judgment,O
71,passed,O
71,by,O
71,the,O
71,learned,O
71,Sessions,O
71,"Judge,",O
71,"Nagaon,",O
71,the,O
71,petitioner,B-Person
71,filed,O
71,revision,O
71,and,O
71,the,O
71,learned,O
71,Sessions,O
71,Judge,O
71,vide,O
71,the,O
71,impugned,O
71,order,O
71,passed,O
71,in,O
71,C.R.,B-Case Number
71,No.,I-Case Number
71,121,I-Case Number
71,of,I-Case Number
71,2011,I-Case Number
71,modified,O
71,the,O
71,quantum,O
71,of,O
71,maintenance,O
71,and,O
71,directed,O
71,the,O
71,petitioner,O
71,to,O
71,pay,O
71,Rs.,O
71,800/-,O
71,per,O
71,month,O
71,towards,O
71,the,O
71,maintenance,O
71,of,O
71,respondent,O
71,No.,O
71,2.,O
71,Heard,O
71,Mr.,O
71,A.,O
71,"Rahman,",O
71,learned,O
71,counsel,O
71,for,O
71,the,O
71,petitioner,O
71,and,O
71,Mr.,O
71,A.,O
71,"Ahmed,",O
71,learned,O
71,counsel,O
71,for,O
71,respondent,O
71,No.,O
71,2.,O
,,
72,A,O
72,bare,O
72,perusal,O
72,of,O
72,Section,B-Section
72,83,I-Section
72,will,O
72,clearly,O
72,show,O
72,that,O
72,an,O
72,election,B-Document
72,petition,I-Document
72,shall,O
72,contain,O
72,a,O
72,concise,O
72,statement,O
72,of,O
72,the,O
72,material,O
72,facts,O
72,on,O
72,which,O
72,the,O
72,petitioner,O
72,relies.,O
72,Section,O
72,83,O
72,also,O
72,provides,O
72,that,O
72,an,O
72,election,O
72,petition,O
72,shall,O
72,be,O
72,signed,O
72,by,O
72,the,O
72,election,B-Person
72,petitioner,I-Person
72,and,O
72,verified,O
72,in,O
72,the,O
72,manner,O
72,laid,O
72,down,O
72,in,O
72,the,O
72,Code,O
72,of,O
72,Civil,O
72,"Procedure,",O
72,"1908,",O
72,(in,O
72,"short,",O
72,'the,O
72,Code'),O
72,for,O
72,the,O
72,verification,O
72,of,O
72,pleadings.,O
72,Section,O
72,83,O
72,further,O
72,provides,O
72,that,O
72,any,O
72,Schedule,O
72,or,O
72,Annexure,O
72,to,O
72,the,O
72,election,O
72,petition,O
72,shall,O
72,also,O
72,be,O
72,signed,O
72,by,O
72,the,O
72,election,O
72,petitioner,O
72,and,O
72,verified,O
72,in,O
72,the,O
72,same,O
72,manner,O
72,as,O
72,the,O
72,election,O
72,petition.,O
,,
73,4,O
73,WP(C),O
73,No.,O
73,"3475,",O
73,"3485,",O
73,"3542,",O
73,3756,O
73,of,O
73,2008,O
73,Page,O
73,4,O
73,of,O
73,6,O
73,the,O
73,said,O
73,notification,O
73,of,O
73,30.12.1993,B-Date
73,must,O
73,be,O
73,held,O
73,to,O
73,be,O
73,applicable,O
73,for,O
73,the,O
73,Madrassa,O
73,employees,O
73,and,O
73,accordingly,O
73,it,O
73,is,O
73,argued,O
73,that,O
73,the,O
73,benefit,O
73,of,O
73,upgradation,O
73,to,O
73,the,O
73,graduate,O
73,scale,O
73,should,O
73,be,O
73,allowed,O
73,to,O
73,continue.,O
73,4.4,O
73,The,O
73,petitioner,B-Person
73,alleges,O
73,"discrimination,",O
73,since,O
73,intermediate,O
73,teachers,O
73,of,O
73,Senior,O
73,Madrassa,O
73,in,O
73,Silchar,O
73,circle,O
73,who,O
73,were,O
73,upgraded,O
73,to,O
73,the,O
73,graduate,O
73,scale,O
73,through,O
73,the,O
73,order,O
73,dated,O
73,18.12.2004,B-Date
73,by,O
73,the,O
73,Inspector,B-Person
73,of,I-Person
73,"Schools,",I-Person
73,Cachar,I-Person
73,have,O
73,not,O
73,been,O
73,downgraded,O
73,like,O
73,the,O
73,petitioners.,O
73,4.5,O
73,The,O
73,learned,O
73,Counsel,O
73,for,O
73,the,O
73,petitioner,O
73,refers,O
73,to,O
73,the,O
73,recommendation,O
73,at,O
73,paragraph,O
73,3.2.20,O
73,(b),O
73,of,O
73,the,O
73,Assam,B-Document
73,Pay,I-Document
73,Commission,I-Document
73,"Report,",I-Document
73,2008,I-Document
73,to,O
73,project,O
73,that,O
73,once,O
73,the,O
73,employee,O
73,acquires,O
73,higher,O
73,"qualification,",O
73,the,O
73,department,O
73,should,O
73,place,O
73,him,O
73,in,O
73,a,O
73,suitable,O
73,position,O
73,where,O
73,adequate,O
73,utilization,O
73,of,O
73,the,O
73,increased,O
73,expertise,O
73,can,O
73,be,O
73,made.,O
,,
74,The,O
74,present,O
74,respondents,O
74,as,O
74,plaintiffs,O
74,instituted,O
74,the,O
74,said,O
74,suit,O
74,for,O
74,declaration,O
74,of,O
74,"right,",O
74,title,O
74,and,O
74,interest,O
74,and,O
74,also,O
74,for,O
74,recovery,O
74,of,O
74,khas,O
74,possession,O
74,by,O
74,evicting,O
74,the,O
74,defendants,O
74,from,O
74,the,O
74,land,O
74,measuring,O
74,3,O
74,kathas,O
74,12,O
74,"lechas,",O
74,more,O
74,fully,O
74,described,O
74,in,O
74,schedule,B-Document
74,to,I-Document
74,the,I-Document
74,plaint,I-Document
74,and,O
74,also,O
74,for,O
74,cancellation,O
74,of,O
74,the,O
74,mutation,O
74,and,O
74,for,O
74,issuance,O
74,of,O
74,the,O
74,precept,O
74,to,O
74,the,O
74,revenue,O
74,authority,O
74,to,O
74,correct,O
74,the,O
74,record,O
74,of,O
74,rights,O
74,pursuant,O
74,to,O
74,the,O
74,decree,O
74,that,O
74,may,O
74,be,O
74,"passed,",O
74,contending,O
74,inter,O
74,alia,O
74,that,O
74,the,O
74,suit,O
74,land,O
74,originally,O
74,belonged,O
74,to,O
74,"Afazuddin,",O
74,on,O
74,whose,O
74,death,O
74,it,O
74,devolved,O
74,on,O
74,the,O
74,plaintiff,B-Person
74,Nos.1,I-Person
74,to,I-Person
74,8,I-Person
74,and,O
74,the,O
74,husband,O
74,of,O
74,the,O
74,plaintiff,B-Person
74,No.9,I-Person
74,being,O
74,the,O
74,legal,O
74,heirs.,O
74,It,O
74,has,O
74,also,O
74,been,O
74,contended,O
74,that,O
74,the,O
74,defendant,B-Person
74,Nos.1,I-Person
74,and,I-Person
74,2,I-Person
74,suddenly,O
74,on,O
74,25.05.2002,B-Date
74,dispossessed,O
74,the,O
74,plaintiffs,O
74,from,O
74,the,O
74,"land,",O
74,on,O
74,the,O
74,strength,O
74,of,O
74,the,O
74,mutation,O
74,of,O
74,their,O
74,names,O
74,in,O
74,the,O
74,revenue,O
74,"record,",O
74,though,O
74,they,O
74,did,O
74,not,O
74,have,O
74,any,O
74,right,O
74,over,O
74,the,O
74,suit,O
74,land,O
74,and,O
74,hence,O
74,are,O
74,trespassers.,O
,,
75,The,O
75,pleaded,O
75,case,O
75,of,O
75,the,O
75,plaintiffs,O
75,is,O
75,that,O
75,land,O
75,measuring,O
75,3,O
75,bighas,O
75,3,O
75,kathas,O
75,16,O
75,lechas,O
75,covered,O
75,by,O
75,annual,O
75,Dag,O
75,No.,O
75,391,O
75,(1,O
75,bigha,O
75,2,O
75,kathas),O
75,and,O
75,periodic,O
75,Dag,O
75,No.,O
75,211,O
75,(2,O
75,bighas,O
75,1,O
75,katha,O
75,16,O
75,lechas),O
75,of,O
75,village,O
75,Bonbahar,O
75,originally,O
75,belonged,O
75,to,O
75,the,O
75,plaintiffs,O
75,and,O
75,the,O
75,proforma,O
75,defendant,O
75,Badiurzaman.,O
75,Plaintiffs,O
75,No.,O
75,1,O
75,&,O
75,"2,",O
75,"namely,",O
75,Bahadur,B-Person
75,Ali,I-Person
75,and,O
75,Samsul,B-Person
75,Haque,I-Person
75,and,O
75,the,O
75,original,O
75,proforma,O
75,"defendant,",O
75,"namely,",O
75,Late,B-Person
75,Badiurzaman,I-Person
75,were,O
75,brothers.,O
75,They,O
75,jointly,O
75,owned,O
75,the,O
75,land,O
75,in,O
75,question,O
75,under,O
75,Patta,B-Document
75,No.,I-Document
75,15,I-Document
75,of,O
75,Mouza,O
75,Betbari,O
75,in,O
75,village,O
75,Bonbahar.,O
75,But,O
75,on,O
75,"22.01.1998,",O
75,defendant,O
75,No.,O
75,1,O
75,(Omed,O
75,Ali),O
75,and,O
75,defendant,O
75,No.,O
75,2,O
75,(Somed,O
75,Ali),O
75,sought,O
75,to,O
75,create,O
75,obstruction,O
75,to,O
75,them,O
75,in,O
75,enjoyment,O
75,of,O
75,their,O
75,fishery,O
75,situated,O
75,over,O
75,the,O
75,suit,O
75,land,O
75,claiming,O
75,that,O
75,they,O
75,had,O
75,obtained,O
75,a,O
75,mutation,O
75,with,O
75,respect,O
75,to,O
75,the,O
75,said,O
75,land,O
75,and,O
75,also,O
75,asked,O
75,the,O
75,plaintiffs,O
75,to,O
75,vacate,O
75,the,O
75,same.,O
75,Faced,O
75,with,O
75,such,O
75,threat,O
75,of,O
75,"dispossession,",O
75,the,O
75,plaintiffs,O
75,made,O
75,enquiry,O
75,with,O
75,the,O
75,settlement,O
75,office,O
75,as,O
75,to,O
75,the,O
75,records,O
75,of,O
75,rights,O
75,only,O
75,to,O
75,discover,O
75,that,O
75,on,O
75,12.8.1981,B-Date
75,three,O
75,mutation,O
75,orders,O
75,had,O
75,been,O
75,passed,O
75,by,O
75,the,O
75,Revenue,B-Person
75,Officer,I-Person
75,and,O
75,thereby,O
75,4,O
75,kathas,O
75,of,O
75,land,O
75,belonging,O
75,to,O
75,the,O
75,plaintiffs,O
75,under,O
75,Dag,O
75,No.,O
75,211,O
75,of,O
75,the,O
75,said,O
75,patta,O
75,was,O
75,wrongly,O
75,recorded,O
75,in,O
75,the,O
75,name,O
75,of,O
75,the,O
75,defendant,O
75,No.,O
75,3,O
75,whereas,O
75,2,O
75,kathas,O
75,10,O
75,lechas,O
75,of,O
75,land,O
75,of,O
75,the,O
75,same,O
75,dag,O
75,was,O
75,recorded,O
75,in,O
75,the,O
75,name,O
75,of,O
75,Somed,O
75,Ali.,O
,,
76,This,O
76,second,O
76,appeal,O
76,is,O
76,preferred,O
76,by,O
76,plaintiff,B-Person
76,challenging,O
76,judgment,O
76,and,O
76,decree,O
76,dated,O
76,31.08.2001,B-Date
76,passed,O
76,by,O
76,Civil,B-Court
76,Judge,I-Court
76,(Senior,I-Court
76,"Division),",I-Court
76,Nagaon,I-Court
76,in,O
76,Title,B-Case Number
76,Appeal,I-Case Number
76,No.,I-Case Number
76,21/2001,I-Case Number
76,dismissing,O
76,the,O
76,appeal,O
76,and,O
76,upholding,O
76,the,O
76,judgment,O
76,and,O
76,decree,O
76,dated,O
76,24.04.2001,B-Date
76,passed,O
76,by,O
76,the,O
76,Civil,B-Court
76,Judge,I-Court
76,(Junior,I-Court
76,"Division),",I-Court
76,No.,I-Court
76,1,I-Court
76,Nagaon,I-Court
76,in,O
76,Title,O
76,Suit,O
76,No.,O
76,74/1994.,O
76,By,O
76,the,O
76,said,O
76,judgment,O
76,the,O
76,learned,B-Court
76,trial,I-Court
76,Court,I-Court
76,had,O
76,dismissed,O
76,the,O
76,suit,O
76,of,O
76,the,O
76,plaintiff.,O
76,I,O
76,have,O
76,heard,O
76,Mr.,O
76,G.P.,O
76,"Bhowmik,",O
76,learned,O
76,counsel,O
76,for,O
76,the,O
76,appellant.,O
76,None,O
76,appears,O
76,for,O
76,the,O
76,respondent,O
76,although,O
76,name,O
76,of,O
76,learned,O
76,counsel,O
76,for,O
76,the,O
76,respondent,O
76,has,O
76,been,O
76,shown,O
76,in,O
76,the,O
76,Cause,O
76,List.,O
76,While,O
76,admitting,O
76,the,O
76,second,O
76,appeal,O
76,on,O
76,"20.12.2002,",O
76,this,O
76,court,O
76,framed,O
76,two,O
76,substantial,O
76,qa_set,O
76,of,O
76,law.,O
76,They,O
76,are,O
76,as,O
76,follows:,O
76,Whether,O
76,the,O
76,registered,O
76,sale,O
76,deed,O
76,No.,O
76,1084/1987,O
76,dated,O
76,02.11.1987,B-Date
76,executed,O
76,by,O
76,the,O
76,defendant,O
76,/,O
76,respondent,O
76,in,O
76,favour,O
76,of,O
76,plaintiff,O
76,/,O
76,appellant,O
76,amounts,O
76,to,O
76,a,O
76,deed,O
76,of,O
76,mortgage,O
76,by,O
76,conditional,O
76,sale?,O
76,Whether,O
76,the,O
76,unregistered,O
76,'Ekranama',O
76,(deed,O
76,of,O
76,agreement),O
76,Ext.-,O
76,'X',O
76,executed,O
76,between,O
76,the,O
76,parties,O
76,after,O
76,absolute,O
76,sale,O
76,of,O
76,the,O
76,suit,O
76,land,O
76,conferred,O
76,any,O
76,right,O
76,for,O
76,redemption,O
76,in,O
76,favour,O
76,of,O
76,defendant/,O
76,respondent?,O
,,
77,The,O
77,defendant,O
77,Nos.,O
77,1,O
77,to,O
77,"5,",O
77,contested,O
77,the,O
77,suit,O
77,by,O
77,filing,O
77,written,O
77,statement.,O
77,The,O
77,stand,O
77,taken,O
77,by,O
77,the,O
77,defendants,B-Person
77,in,O
77,their,O
77,written,B-Document
77,statement,I-Document
77,is,O
77,that,O
77,the,O
77,plaintiff,B-Person
77,never,O
77,held,O
77,or,O
77,possessed,O
77,the,O
77,suit,O
77,land,O
77,as,O
77,tenant,O
77,or,O
77,"otherwise,",O
77,that,O
77,he,O
77,is,O
77,not,O
77,entitled,O
77,to,O
77,acquire,O
77,any,O
77,right,O
77,of,O
77,tenancy,O
77,over,O
77,the,O
77,suit,O
77,"land,",O
77,that,O
77,the,O
77,so-called,O
77,Khatian,O
77,was,O
77,illegal,O
77,and,O
77,fraudulent,O
77,and,O
77,that,O
77,the,O
77,plaintiff,O
77,managed,O
77,to,O
77,procure,O
77,the,O
77,same,O
77,'surreptitiously,O
77,by,O
77,influencing,O
77,the,O
77,land,O
77,records,O
77,staffs'.,O
77,The,O
77,defendants,O
77,further,O
77,stated,O
77,that,O
77,their,O
77,predecessors,O
77,never,O
77,had,O
77,any,O
77,knowledge,O
77,of,O
77,getting,O
77,such,O
77,Khatian,O
77,by,O
77,the,O
77,plaintiff,O
77,and,O
77,there,O
77,was,O
77,no,O
77,field,O
77,survey,O
77,for,O
77,the,O
77,purpose.,O
77,"However,",O
77,having,O
77,come,O
77,to,O
77,know,O
77,about,O
77,the,O
77,Khatian,O
77,for,O
77,the,O
77,first,O
77,time,O
77,during,O
77,the,O
77,pendency,O
77,of,O
77,proceeding,O
77,under,O
77,Section,B-Section
77,145,I-Section
77,Cr.P.C.,I-Section
77,they,O
77,filed,O
77,a,O
77,revision,O
77,case,O
77,before,O
77,the,O
77,Government,O
77,vide,O
77,RRT,B-Case Number
77,No.,I-Case Number
77,235,I-Case Number
77,of,I-Case Number
77,1995,I-Case Number
77,and,O
77,the,O
77,same,O
77,was,O
77,pending.,O
77,On,O
77,these,O
77,"facts,",O
77,the,O
77,defendants,O
77,prayed,O
77,that,O
77,the,O
77,suit,O
77,of,O
77,the,O
77,plaintiff,O
77,be,O
77,dismissed,O
77,with,O
77,cost.,O
,,
78,The,O
78,defendant,O
78,"Nos.1,",O
78,4,O
78,and,O
78,11,O
78,as,O
78,well,O
78,as,O
78,22,O
78,and,O
78,23,O
78,contested,O
78,the,O
78,suit,O
78,by,O
78,filing,O
78,two,O
78,sets,O
78,of,O
78,written,O
78,statements.,O
78,The,O
78,defendant,O
78,"Nos.1,",O
78,4,O
78,and,O
78,11,O
78,in,O
78,their,O
78,written,O
78,statement,O
78,have,O
78,pleaded,O
78,that,O
78,the,O
78,suit,O
78,land,O
78,along,O
78,with,O
78,other,O
78,land,O
78,originally,O
78,belonged,O
78,to,O
78,Mohammad,B-Person
78,Hussain,I-Person
78,and,O
78,after,O
78,his,O
78,death,O
78,the,O
78,said,O
78,land,O
78,devolved,O
78,on,O
78,three,O
78,"sons,",O
78,"namely,",O
78,"Taher,",O
78,Wahid,B-Person
78,and,O
78,Amijur.,O
78,It,O
78,is,O
78,the,O
78,pleaded,O
78,case,O
78,of,O
78,the,O
78,said,O
78,defendants,O
78,that,O
78,Amijur,B-Person
78,sold,O
78,his,O
78,share,O
78,of,O
78,land,O
78,measuring,O
78,2,O
78,kathas,O
78,2,O
78,lechas,O
78,in,O
78,favour,O
78,of,O
78,the,O
78,defendant,O
78,"No.1,",O
78,for,O
78,"which,",O
78,"however,",O
78,no,O
78,sale,O
78,deed,O
78,has,O
78,been,O
78,executed.,O
78,They,O
78,have,O
78,also,O
78,claimed,O
78,that,O
78,the,O
78,defendant,B-Person
78,No.1,I-Person
78,has,O
78,acquired,O
78,the,O
78,right,O
78,over,O
78,the,O
78,property,O
78,by,O
78,adverse,O
78,possession,O
78,having,O
78,occupied,O
78,the,O
78,suit,O
78,land,O
78,for,O
78,more,O
78,than,O
78,12,O
78,years,O
78,openly,O
78,and,O
78,denouncing,O
78,the,O
78,title,O
78,of,O
78,the,O
78,rightful,O
78,owner,O
78,since,O
78,the,O
78,year,O
78,1962.,O
78,According,O
78,to,O
78,"them,",O
78,they,O
78,came,O
78,into,O
78,possession,O
78,of,O
78,the,O
78,said,O
78,land,O
78,on,O
78,being,O
78,put,O
78,by,O
78,Amijur.,O
78,The,O
78,defendant,O
78,Nos.22,O
78,and,O
78,23,O
78,in,O
78,their,O
78,joint,O
78,written,O
78,statement,O
78,have,O
78,claimed,O
78,that,O
78,land,O
78,measuring,O
78,1,O
78,katha,O
78,14,O
78,lechas,O
78,was,O
78,sold,O
78,to,O
78,them,O
78,by,O
78,the,O
78,plaintiff,B-Person
78,by,O
78,a,O
78,registered,O
78,deed,O
78,of,O
78,sale,O
78,No.4140/92.,O
,,
79,The,O
79,pleaded,O
79,case,O
79,in,O
79,the,O
79,plaint,O
79,is,O
79,that,O
79,the,O
79,respondent/plaintiff,O
79,is,O
79,a,O
79,limited,O
79,liability,O
79,company,O
79,registered,O
79,under,O
79,the,O
79,Indian,O
79,Companies,O
79,"Act,",O
79,"1956,",O
79,and,O
79,it,O
79,has,O
79,a,O
79,number,O
79,of,O
79,tea,O
79,estates,O
79,in,O
79,Assam,O
79,and,O
79,it,O
79,owns,O
79,and,O
79,"manages,",O
79,amongst,O
79,"others,",O
79,Dehing,O
79,Tea,O
79,Estate,O
79,at,O
79,Margherita.,O
79,The,O
79,plaintiff,B-Person
79,is,O
79,the,O
79,absolute,O
79,owner,O
79,of,O
79,the,O
79,suit,O
79,premises,O
79,described,O
79,in,O
79,the,O
79,schedule,B-Document
79,and,O
79,the,O
79,same,O
79,was,O
79,allotted,O
79,as,O
79,an,O
79,incidence,O
79,of,O
79,employment,O
79,to,O
79,a,O
79,permanent,O
79,worker,O
79,named,O
79,Smti,O
79,Nandi,O
79,"Gore,",O
79,wife,O
79,of,O
79,one,O
79,Rajesh,O
79,"Gore,",O
79,who,O
79,is,O
79,the,O
79,elder,O
79,brother,O
79,of,O
79,the,O
79,defendant.,O
79,In,O
79,the,O
79,month,O
79,of,O
79,"December,",O
79,"1981,",O
79,the,O
79,"defendant,",O
79,who,O
79,is,O
79,not,O
79,a,O
79,worker,O
79,of,O
79,Dehing,O
79,Tea,O
79,"Estate,",O
79,forcibly,O
79,dispossessed,O
79,her,O
79,and,O
79,started,O
79,occupying,O
79,the,O
79,same,O
79,unauthorisedly,O
79,and,O
79,"thus,",O
79,he,O
79,had,O
79,become,O
79,a,O
79,trespasser.,O
79,Despite,O
79,being,O
79,asked,O
79,several,O
79,times,O
79,to,O
79,vacate,O
79,the,O
79,suit,O
79,"premises,",O
79,the,O
79,defendant,B-Person
79,did,O
79,not,O
79,do,O
79,so.,O
79,Though,O
79,the,O
79,defendant,O
79,being,O
79,a,O
79,trespasser,O
79,was,O
79,otherwise,O
79,not,O
79,entitled,O
79,to,O
79,a,O
79,"notice,",O
79,a,O
79,legal,B-Document
79,notice,I-Document
79,dated,O
79,09.10.1985,B-Date
79,was,O
79,served,O
79,on,O
79,the,O
79,defendant,O
79,asking,O
79,him,O
79,to,O
79,"quit,",O
79,vacate,O
79,and,O
79,deliver,O
79,up,O
79,vacant,O
79,possession,O
79,of,O
79,the,O
79,suit,O
79,premises,O
79,immediately,O
79,on,O
79,expiry,O
79,of,O
79,31st,O
79,"October,",O
79,1985.,O
79,As,O
79,defendant,O
79,did,O
79,not,O
79,vacate,O
79,the,O
79,suit,O
79,"premises,",O
79,the,O
79,suit,O
79,was,O
79,filed,O
79,praying,O
79,"for,",O
79,amongst,O
79,"others,",O
79,a,O
79,decree,O
79,for,O
79,khas,O
79,possession,O
79,of,O
79,the,O
79,suit,O
79,premises,O
79,by,O
79,evicting,O
79,the,O
79,defendant,O
79,with,O
79,all,O
79,his,O
79,belongings,O
79,and,O
79,"dependants,",O
79,if,O
79,"any,",O
79,from,O
79,the,O
79,suit,O
79,premises,O
79,described,O
79,in,O
79,the,O
79,schedule.,O
,,
80,The,B-Person
80,appellant,I-Person
80,as,O
80,plaintiff,B-Person
80,instituted,O
80,the,O
80,aforesaid,O
80,suit,O
80,for,O
80,declaration,O
80,of,O
80,"right,",O
80,title,O
80,and,O
80,interest,O
80,in,O
80,respect,O
80,of,O
80,the,O
80,land,O
80,measuring,O
80,6,O
80,bighas,O
80,3,O
80,kathas,O
80,10,O
80,lechas,O
80,in,O
80,Dag,B-Document
80,No.85,I-Document
80,of,O
80,annual,O
80,patta,O
80,"No.19,",O
80,more,O
80,fully,O
80,described,O
80,in,O
80,schedule,O
80,to,O
80,the,O
80,"plaint,",O
80,and,O
80,also,O
80,for,O
80,recovery,O
80,of,O
80,khas,O
80,possession,O
80,by,O
80,evicting,O
80,the,O
80,defendants,B-Person
80,"therefrom,",O
80,contending,O
80,inter,O
80,alia,O
80,that,O
80,he,O
80,is,O
80,the,O
80,owner,O
80,of,O
80,the,O
80,land,O
80,measuring,O
80,11,O
80,bighas,O
80,3,O
80,kathas,O
80,12,O
80,lechas,O
80,covered,O
80,by,O
80,Dag,O
80,Nos.85,O
80,and,O
80,86,O
80,of,O
80,annual,O
80,patta,O
80,"No.19,",O
80,out,O
80,of,O
80,which,O
80,though,O
80,his,O
80,possession,O
80,in,O
80,respect,O
80,of,O
80,5,O
80,bighas,O
80,of,O
80,land,O
80,in,O
80,Dag,O
80,No.86,O
80,is,O
80,not,O
80,"disturbed,",O
80,the,O
80,defendants,O
80,dispossessed,O
80,the,O
80,plaintiff,O
80,from,O
80,the,O
80,land,O
80,measuring,O
80,6,O
80,bighas,O
80,3,O
80,kathas,O
80,10,O
80,lechas,O
80,in,O
80,Dag,O
80,No.85,O
80,of,O
80,annual,O
80,patta,O
80,"No.19,",O
80,which,O
80,is,O
80,the,O
80,suit,O
80,"land,",O
80,which,O
80,necessitated,O
80,filing,O
80,of,O
80,the,O
80,suit,O
80,as,O
80,aforesaid.,O
,,
81,On,O
81,15.06.2012,B-Date
81,(Annexure–8,O
81,of,O
81,the,O
81,writ,O
81,"petition),",O
81,the,O
81,respondent,B-Person
81,no.,I-Person
81,2,I-Person
81,issued,O
81,a,O
81,notice,O
81,inviting,O
81,candidates,O
81,only,O
81,from,O
81,Category–I,O
81,from,O
81,serial,O
81,no.,O
81,1,O
81,to,O
81,34,O
81,for,O
81,allotment,O
81,of,O
81,MBBS,O
81,seats,O
81,and,O
81,inviting,O
81,applications,O
81,from,O
81,them,O
81,indicating,O
81,their,O
81,preference,O
81,of,O
81,colleges,O
81,as,O
81,per,O
81,seats,O
81,made,O
81,available,O
81,to,O
81,the,O
81,State,O
81,during,O
81,the,O
81,last,O
81,year.,O
81,On,O
81,18.06.2012,B-Date
81,(Annexure–9,O
81,of,O
81,the,O
81,writ,O
81,"petition),",O
81,a,O
81,list,O
81,was,O
81,published,O
81,in,O
81,the,O
81,web,O
81,site,O
81,of,O
81,the,O
81,Directorate,O
81,of,O
81,Higher,O
81,and,O
81,Technical,O
81,Education,O
81,indicating,O
81,number,O
81,of,O
81,seats,O
81,already,O
81,received/yet,O
81,to,O
81,be,O
81,received,O
81,in,O
81,the,O
81,different,O
81,colleges,O
81,in,O
81,the,O
81,country,O
81,from,O
81,the,O
81,Government,O
81,of,O
81,India,O
81,and,O
81,the,O
81,regional,O
81,institutions.,O
81,In,O
81,the,O
81,said,O
81,"list,",O
81,it,O
81,was,O
81,mentioned,O
81,that,O
81,GOI,O
81,seats,O
81,are,O
81,shared,O
81,with,O
81,all,O
81,Categories,O
81,as,O
81,per,O
81,reservation,O
81,policy,O
81,of,O
81,the,O
81,State,O
81,Government,O
81,and,O
81,the,O
81,regional,O
81,seats,O
81,are,O
81,reserved,O
81,for,O
81,Category–I.,O
81,"Thereafter,",O
81,another,O
81,list,O
81,(Annexure–10,O
81,of,O
81,the,O
81,writ,O
81,petition),O
81,was,O
81,published,O
81,showing,O
81,allotment,O
81,of,O
81,PCB,O
81,group,O
81,seats,O
81,as,O
81,per,O
81,the,O
81,minutes,O
81,of,O
81,the,O
81,meeting,O
81,held,O
81,on,O
81,02.07.2012,B-Date
81,which,O
81,shows,O
81,that,O
81,34,O
81,MBBS,O
81,seats,O
81,were,O
81,allotted,O
81,to,O
81,34,O
81,Category–I,O
81,candidates.,O
,,
82,In,O
82,this,O
82,writ,O
82,"petition,",O
82,the,O
82,petitioner,B-Person
82,is,O
82,challenging,O
82,the,O
82,legality,O
82,of,O
82,the,O
82,order,O
82,dated,O
82,28-6-2005,B-Date
82,issued,O
82,by,O
82,the,O
82,Zonal,O
82,Manager,O
82,(E)/Disciplinary,O
82,"Authority,",O
82,"FCI,",O
82,Guwahati,O
82,(respondent,O
82,No.,O
82,3),O
82,imposing,O
82,penalty,O
82,for,O
82,recovery,O
82,of,O
82,"`42,767/-",O
82,from,O
82,the,O
82,pay,O
82,of,O
82,the,O
82,petitioner,O
82,and,O
82,the,O
82,order,O
82,dated,O
82,28.06.2005,O
82,issued,O
82,by,O
82,the,O
82,Managing,O
82,"Director,",O
82,"FCI,",O
82,New,O
82,Delhi,O
82,rejecting,O
82,the,O
82,appeal,O
82,filed,O
82,by,O
82,him.,O
82,The,O
82,facts,O
82,giving,O
82,rise,O
82,to,O
82,the,O
82,filing,O
82,of,O
82,this,O
82,writ,B-Document
82,petition,I-Document
82,are,O
82,that,O
82,when,O
82,the,O
82,petitioner,O
82,was,O
82,functioning,O
82,as,O
82,Asstt.,O
82,Manager,O
82,"(Cont.),",O
82,"FCI,",O
82,"R.O.,",O
82,"Guwahati,",O
82,the,O
82,Food,O
82,Corporation,O
82,of,O
82,India,O
82,(for,O
82,short,O
82,'Corporation'),O
82,on,O
82,14-10-1996,B-Date
82,floated,O
82,NIT,O
82,for,O
82,appointment,O
82,of,O
82,regular,O
82,Transport,O
82,Contractor,O
82,on,O
82,point,O
82,to,O
82,point,O
82,basis,O
82,for,O
82,2,O
82,years,O
82,from,O
82,New,O
82,Bongaigaon/Bongaigaon,O
82,Railway,O
82,siding,O
82,to,O
82,four,O
82,godowns,O
82,including,O
82,one,O
82,ASWC,O
82,"godown,",O
82,Bongaigaon,O
82,as,O
82,the,O
82,fourth,O
82,godown.,O
82,"Altogether,",O
82,7,O
82,persons,O
82,had,O
82,submitted,O
82,their,O
82,tenders.,O
82,According,O
82,to,O
82,the,O
82,"petitioner,",O
82,after,O
82,opening,O
82,the,O
82,tenders,B-Document
82,on,O
82,"08.11.1996,",O
82,the,O
82,dealing,O
82,assistant,O
82,in,O
82,the,O
82,Contract,O
82,"Section,",O
82,"FCI,",O
82,"R.O.,",O
82,Guwahati,O
82,made,O
82,calculations,O
82,of,O
82,the,O
82,rates,O
82,quoted,O
82,by,O
82,different,O
82,tenders,O
82,and,O
82,had,O
82,shown,O
82,that,O
82,one,O
82,Sri,B-Person
82,Hemandrajit,I-Person
82,Thakuria,I-Person
82,had,O
82,quoted,O
82,the,O
82,lowest,O
82,average,O
82,rates,O
82,for,O
82,the,O
82,said,O
82,four,O
82,godowns.,O
,,
83,In,O
83,this,O
83,writ,O
83,"petition,",O
83,the,B-Person
83,petitioner,I-Person
83,is,O
83,aggrieved,O
83,by,O
83,the,O
83,refusal,O
83,of,O
83,the,O
83,State-respondents,O
83,to,O
83,consider,O
83,her,O
83,appointment,O
83,as,O
83,a,O
83,Subject,O
83,Teacher,O
83,in,O
83,Assamese,O
83,at,O
83,Dakshinpat,O
83,H.S.,O
83,"School,",O
83,Nagaon,O
83,or,O
83,at,O
83,nearby,O
83,school,O
83,against,O
83,3%,O
83,quota,O
83,reserved,O
83,for,O
83,physically,O
83,handicapped,O
83,persons.,O
83,According,O
83,to,O
83,the,O
83,"petitioner,",O
83,she,B-Person
83,is,O
83,an,O
83,M.A.,O
83,in,O
83,Assamese,O
83,and,O
83,passed,O
83,her,O
83,final,O
83,examination,O
83,from,O
83,Gauhati,O
83,University,O
83,in,O
83,2003,B-Date
83,in,O
83,II,O
83,Class.,O
83,She,O
83,has,O
83,additional,O
83,Diploma,O
83,certificate,O
83,in,O
83,Computer.,O
83,She,O
83,is,O
83,also,O
83,a,O
83,physically,O
83,handicapped,O
83,person,O
83,(Orthopadically,O
83,handicapped),O
83,to,O
83,the,O
83,extent,O
83,of,O
83,50%,O
83,disability,O
83,and,O
83,claims,O
83,that,O
83,she,O
83,is,O
83,entitled,O
83,to,O
83,appointment,O
83,to,O
83,the,O
83,post,O
83,of,O
83,Subject,O
83,Teacher,O
83,in,O
83,Assamese,O
83,at,O
83,Dakshinpat,O
83,Higher,O
83,Secondary,O
83,School.,O
83,The,O
83,Director,O
83,of,O
83,Secondary,O
83,"Education,",O
83,Assam,O
83,issued,O
83,the,O
83,advertisement,B-Document
83,dated,O
83,"3.6.2007,",O
83,which,O
83,published,O
83,in,O
83,the,O
83,daily,O
83,'Assam,O
83,Tribune',O
83,inviting,O
83,applications,O
83,from,O
83,the,O
83,candidates,O
83,against,O
83,the,O
83,existing,O
83,post,O
83,of,O
83,158,O
83,numbers,O
83,of,O
83,Subject,O
83,Teacher,O
83,in,O
83,the,O
83,provincialised,O
83,Higher,O
83,Secondary,O
83,"Schools,",O
83,Assam.,O
83,In,O
83,that,O
83,"advertisement,",O
83,a,O
83,subject,B-Document
83,wise,I-Document
83,list,I-Document
83,was,O
83,also,O
83,"published,",O
83,wherein,O
83,one,O
83,post,O
83,of,O
83,Subject,O
83,Teacher,O
83,in,O
83,Assamese,O
83,at,O
83,Dakshinpat,O
83,Higher,O
83,Secondary,O
83,School,O
83,was,O
83,shown,O
83,to,O
83,be,O
83,vacant.,O
,,
84,It,O
84,is,O
84,against,O
84,this,O
84,"order,",O
84,the,O
84,assessee,O
84,had,O
84,felt,O
84,aggrieved,O
84,and,O
84,filed,O
84,this,O
84,writ,O
84,petition,O
84,under,O
84,Article,O
84,226/227,O
84,of,O
84,the,O
84,Constitution,O
84,of,O
84,India.,O
84,Heard,O
84,Mr.,O
84,GK,O
84,"Joshi,",O
84,learned,O
84,senior,O
84,counsel,O
84,for,O
84,the,O
84,petitioner,O
84,and,O
84,the,O
84,learned,O
84,Standing,O
84,Counsel,O
84,for,O
84,the,O
84,Income,O
84,Tax,O
84,Department.,O
84,Learned,O
84,senior,O
84,counsel,O
84,for,O
84,the,O
84,"petitioner,",O
84,placing,O
84,reliance,O
84,on,O
84,the,O
84,law,O
84,laid,O
84,down,O
84,in,O
84,122,O
84,ITR,O
84,610,O
84,"(Guj),",O
84,132,O
84,ITR,O
84,619,O
84,"(All),",O
84,150,O
84,ITR,O
84,105,O
84,"(Ker),",O
84,211,O
84,ITR,O
84,925,O
84,"(Guj),",O
84,251,O
84,ITR,O
84,873,O
84,"(Guj),",O
84,262,O
84,ITR,O
84,638,O
84,"(Cal),",O
84,262,O
84,ITR,O
84,633,O
84,"(Cal),",O
84,77,O
84,ITR,O
84,6,O
84,"(SC),",O
84,210,O
84,ITR,O
84,799,O
84,"(Guj),",O
84,276,O
84,ITR,O
84,165,O
84,"(Guj),",O
84,339,O
84,ITR,O
84,310,O
84,"(Guj),",O
84,258,O
84,ITR,O
84,401,O
84,"(Del),",O
84,267,O
84,ITR,O
84,289,O
84,"(Ker),",O
84,349,O
84,ITR,O
84,404,O
84,"(Bom),",O
84,contended,O
84,that,O
84,the,O
84,Commissioner,B-Person
84,erred,O
84,in,O
84,rejecting,O
84,the,O
84,petitioner’s,O
84,revision,O
84,as,O
84,not,O
84,maintainable.,O
84,It,O
84,was,O
84,his,O
84,submission,O
84,that,O
84,applying,O
84,the,O
84,principle,O
84,laid,O
84,down,O
84,in,O
84,the,O
84,decisions,O
84,cited,O
84,at,O
84,the,O
84,"bar,",O
84,the,O
84,revision,O
84,filed,O
84,by,O
84,the,O
84,petitioner,O
84,under,O
84,section,B-Section
84,264,I-Section
84,should,O
84,have,O
84,been,O
84,held,O
84,maintainable,O
84,"and,",O
84,"therefore,",O
84,it,O
84,should,O
84,have,O
84,been,O
84,entertained,O
84,for,O
84,deciding,O
84,the,O
84,same,O
84,on,O
84,its,O
84,merits.,O
84,In,O
84,"reply,",O
84,learned,O
84,counsel,O
84,for,O
84,the,O
84,respondent,O
84,(revenue),O
84,supported,O
84,the,O
84,impugned,O
84,order,O
84,and,O
84,prayed,O
84,for,O
84,its,O
84,upholding.,O
84,Having,O
84,heard,O
84,the,O
84,learned,O
84,counsel,O
84,for,O
84,the,O
84,parties,O
84,and,O
84,upon,O
84,perusal,O
84,of,O
84,the,O
84,record,O
84,of,O
84,the,O
84,"case,",O
84,we,O
84,find,O
84,force,O
84,in,O
84,the,O
84,submissions,O
84,of,O
84,learned,O
84,counsel,O
84,for,O
84,the,O
84,petitioner,O
84,and,O
84,"hence,",O
84,are,O
84,inclined,O
84,to,O
84,allow,O
84,the,O
84,writ,O
84,"petition,",O
84,in,O
84,"part,",O
84,as,O
84,indicated,O
84,infra.,O
,,
85,Mr.,O
85,A.,O
85,"Alom,",O
85,learned,O
85,counsel,O
85,appearing,O
85,for,O
85,the,O
85,"petitioner,",O
85,assailing,O
85,impugned,O
85,action,O
85,of,O
85,the,O
85,respondent,O
85,"No.7,",O
85,submits,O
85,that,O
85,the,O
85,respondent,B-Person
85,No.7,I-Person
85,in,O
85,denying,O
85,the,O
85,salary,O
85,of,O
85,the,O
85,petitioner,B-Person
85,has,O
85,acted,O
85,arbitrarily,O
85,and,O
85,without,O
85,authority,O
85,of,O
85,law.,O
85,Even,O
85,if,O
85,the,O
85,petitioner,O
85,could,O
85,be,O
85,charged,O
85,with,O
85,unauthorized,O
85,absence,O
85,from,O
85,"office,",O
85,argued,O
85,the,O
85,learned,O
85,"counsel,",O
85,no,O
85,penalty,O
85,of,O
85,the,O
85,like,O
85,nature,O
85,imposed,O
85,herein,O
85,can,O
85,be,O
85,lawfully,O
85,imposed,O
85,upon,O
85,the,O
85,petitioner,O
85,without,O
85,holding,O
85,an,O
85,enquiry.,O
85,Learned,O
85,counsel,O
85,for,O
85,the,O
85,petitioner,O
85,"therefore,",O
85,submits,O
85,that,O
85,the,O
85,impugned,O
85,action,O
85,of,O
85,the,O
85,respondent,O
85,No.7,O
85,has,O
85,no,O
85,legs,O
85,to,O
85,stand,O
85,upon,O
85,and,O
85,is,O
85,liable,O
85,to,O
85,be,O
85,interfered,O
85,with,O
85,by,O
85,this,O
85,Court.,O
85,Mr.,B-Person
85,Nur,I-Person
85,Mohammad,I-Person
85,learned,O
85,Government,O
85,Advocate,O
85,appearing,O
85,for,O
85,the,O
85,"respondents,",O
85,"however,",O
85,supports,O
85,the,O
85,impugned,O
85,action,O
85,and,O
85,submits,O
85,that,O
85,no,O
85,interference,O
85,is,O
85,called,O
85,for.,O
,,
86,Heard,O
86,Mr.,O
86,S.K.,O
86,"Goswami,",O
86,learned,O
86,Counsel,O
86,for,O
86,the,O
86,petitioners,B-Person
86,and,O
86,Dr.,O
86,B.,O
86,"Ahmed,",O
86,learned,O
86,Standing,O
86,"Counsel,",O
86,Irrigation,O
86,Department.,O
86,Also,O
86,heard,O
86,Mr.,O
86,J.,O
86,"Chutia,",O
86,learned,O
86,Counsel,O
86,appearing,O
86,for,O
86,the,O
86,respondent,O
86,"Nos.4,",O
86,5,O
86,and,O
86,6.,O
86,By,O
86,way,O
86,of,O
86,this,O
86,petition,O
86,under,O
86,article,B-Law
86,226,I-Law
86,of,O
86,the,O
86,Constitution,O
86,of,O
86,"India,",O
86,petitioners,O
86,seek,O
86,quashing,O
86,of,O
86,promotion,O
86,of,O
86,respondent,O
86,Nos.,O
86,"4,",O
86,5,O
86,and,O
86,6,O
86,to,O
86,the,O
86,post,O
86,of,O
86,Assistant,B-Person
86,Executive,I-Person
86,Engineer,I-Person
86,(Mechanical),I-Person
86,in,O
86,the,O
86,Irrigation,O
86,"Department,",O
86,Government,O
86,of,O
86,Assam,O
86,as,O
86,well,O
86,as,O
86,the,O
86,inter-se-seniority,O
86,position,O
86,of,O
86,the,O
86,petitioners,O
86,vis-à-vis,O
86,the,O
86,respondent,O
86,Nos.,O
86,"4,",O
86,5,O
86,and,O
86,6.,O
86,Further,O
86,prayer,O
86,made,O
86,is,O
86,to,O
86,restore,O
86,the,O
86,seniority,O
86,position,O
86,of,O
86,the,O
86,petitioners,O
86,above,O
86,respondent,O
86,Nos.,O
86,"4,",O
86,5,O
86,and,O
86,6.,O
,,
87,Both,O
87,Mr.,O
87,N.,O
87,"Dhar,",O
87,learned,O
87,counsel,O
87,appearing,O
87,for,O
87,the,O
87,petitioner,O
87,and,O
87,Mr.,O
87,M.,O
87,"Nath,",O
87,learned,O
87,counsel,O
87,appearing,O
87,for,O
87,the,O
87,respondents,O
87,have,O
87,been,O
87,heard,O
87,extensively.,O
87,This,O
87,application,O
87,under,O
87,Article,B-Law
87,227,I-Law
87,of,O
87,the,O
87,Constitution,B-Law
87,of,I-Law
87,India,I-Law
87,ought,O
87,to,O
87,have,O
87,been,O
87,registered,O
87,as,O
87,Civil,O
87,Revision,O
87,Petition(Article,O
87,227),O
87,and,O
87,not,O
87,as,O
87,a,O
87,Writ,O
87,Petition.,O
87,Necessary,O
87,correction,O
87,may,O
87,be,O
87,done,O
87,by,O
87,the,O
87,Registry,O
87,even,O
87,at,O
87,this,O
87,belated,O
87,stage.,O
87,This,O
87,application,O
87,is,O
87,directed,O
87,against,O
87,the,O
87,order,O
87,dated,O
87,30.9.2005,B-Date
87,passed,O
87,by,O
87,the,O
87,learned,O
87,Civil,O
87,Judge,O
87,(Junior,O
87,Division),O
87,"No.1,",O
87,Karimganj,O
87,in,O
87,Misc.,B-Case Number
87,Case,I-Case Number
87,No.180,I-Case Number
87,of,I-Case Number
87,2004,I-Case Number
87,allowing,O
87,the,O
87,application,O
87,filed,O
87,by,O
87,the,O
87,respondents,O
87,for,O
87,amendment,O
87,of,O
87,their,O
87,execution,O
87,application.,O
87,On,O
87,carefully,O
87,perusing,O
87,the,O
87,contents,O
87,of,O
87,the,O
87,impugned,O
87,"order,",O
87,I,O
87,am,O
87,of,O
87,the,O
87,view,O
87,that,O
87,the,O
87,same,O
87,does,O
87,not,O
87,suffer,O
87,from,O
87,any,O
87,grave,O
87,jurisdictional,O
87,error,O
87,calling,O
87,for,O
87,interference,O
87,of,O
87,this,O
87,Court.,O
,,
88,The,O
88,petitioner,O
88,M/s.,O
88,D.B.,O
88,"Enterprise,",O
88,represented,O
88,by,O
88,its,O
88,"proprietor,",O
88,as,O
88,claimed,O
88,in,O
88,the,O
88,writ,O
88,"petition,",O
88,is,O
88,engaged,O
88,in,O
88,various,O
88,kinds,O
88,of,O
88,supply,O
88,works,O
88,including,O
88,supply,O
88,of,O
88,goods,O
88,to,O
88,various,O
88,department,O
88,of,O
88,Govt.,O
88,of,O
88,Assam.,O
88,Responding,O
88,to,O
88,the,O
88,NIT,B-Document
88,dated,O
88,07/02/2013,B-Date
88,inviting,O
88,offers,O
88,for,O
88,supply,O
88,of,O
88,kitchen,O
88,"devices,",O
88,more,O
88,"particularly,",O
88,Stainless,O
88,Steel,O
88,plate,O
88,and,O
88,glass,O
88,for,O
88,Lower,O
88,Primary,O
88,and,O
88,Upper,O
88,Primary,O
88,Schools,O
88,under,O
88,Mid-day,O
88,meal,O
88,"scheme,",O
88,the,O
88,petitioner,O
88,offered,O
88,its,O
88,bid.,O
88,The,O
88,process,O
88,of,O
88,tender,O
88,was,O
88,a,O
88,2,O
88,(two),O
88,bid,O
88,"system,",O
88,technical,O
88,bid,O
88,followed,O
88,by,O
88,commercial,O
88,bid.,O
88,The,O
88,bidders,O
88,were,O
88,required,O
88,to,O
88,supply,O
88,the,O
88,samples,O
88,of,O
88,the,O
88,items,O
88,mentioned,O
88,in,O
88,the,O
88,NIT.,O
88,The,O
88,last,O
88,date,O
88,of,O
88,submission,O
88,of,O
88,bid,O
88,documents,O
88,was,O
88,18/02/2013.,O
88,The,O
88,bids,O
88,were,O
88,to,O
88,be,O
88,opened,O
88,on,O
88,the,O
88,same,O
88,day,O
88,and,O
88,the,O
88,date,O
88,of,O
88,opening,O
88,of,O
88,the,O
88,commercial,O
88,bid,O
88,was,O
88,to,O
88,be,O
88,intimated,O
88,to,O
88,the,O
88,qualified,O
88,bidders,O
88,on,O
88,the,O
88,date,O
88,of,O
88,opening,O
88,of,O
88,technical,O
88,bids.,O
,,
89,Case,O
89,of,O
89,the,O
89,petitioner,O
89,is,O
89,that,O
89,he,O
89,is,O
89,presently,O
89,working,O
89,as,O
89,Inspector,B-Person
89,of,I-Person
89,Police,I-Person
89,in,O
89,the,O
89,Special,O
89,Branch,O
89,Head,O
89,Quarter,O
89,of,O
89,Assam,O
89,"Police,",O
89,"Kahilipara,",O
89,Guwahati.,O
89,In,O
89,the,O
89,year,O
89,"2008,",O
89,his,O
89,wife,O
89,Swapna,B-Person
89,Chakraborty,I-Person
89,fell,O
89,ill.,O
89,Despite,O
89,treatment,O
89,at,O
89,"Guwahati,",O
89,she,O
89,did,O
89,not,O
89,recover.,O
89,She,O
89,was,O
89,then,O
89,taken,O
89,to,O
89,AMRI,O
89,Hospital,O
89,at,O
89,Kolkata,O
89,for,O
89,treatment,O
89,where,O
89,her,O
89,ailment,O
89,was,O
89,diagnosed,O
89,as,O
89,carcinoma,O
89,of,O
89,the,O
89,cervix.,O
89,She,O
89,had,O
89,to,O
89,undergo,O
89,hospitalization,O
89,in,O
89,the,O
89,said,O
89,hospital,O
89,on,O
89,a,O
89,number,O
89,of,O
89,occasions,O
89,for,O
89,chemotherapy,O
89,and,O
89,surgery.,O
89,After,O
89,completion,O
89,of,O
89,treatment,O
89,in,O
89,"December,",O
89,"2008,",O
89,she,O
89,returned,O
89,home,O
89,at,O
89,Guwahati.,O
,,
90,I,O
90,have,O
90,heard,O
90,eard,O
90,Mr.,O
90,A.,O
90,"Ali,",O
90,learned,O
90,counsel,O
90,for,O
90,the,O
90,petitioner.,O
90,Also,O
90,heard,O
90,Ms.,O
90,B.,O
90,"Das,",O
90,learned,O
90,CGC,O
90,and,O
90,Mrs.,O
90,H.,O
90,M.,O
90,"Phukan,",O
90,learned,O
90,State,O
90,Counsel.,O
90,I,O
90,have,O
90,also,O
90,perused,O
90,the,O
90,materials,O
90,on,O
90,record,O
90,including,O
90,the,O
90,records,O
90,received,O
90,from,O
90,the,O
90,Tribunal.,O
90,According,O
90,to,O
90,the,O
90,petitioner,B-Person
90,he,O
90,is,O
90,a,O
90,citizen,O
90,of,O
90,"India,",O
90,by,O
90,birth.,O
90,In,O
90,response,O
90,to,O
90,the,O
90,reference,O
90,that,O
90,was,O
90,made,O
90,against,O
90,him,O
90,and,O
90,the,O
90,notice,O
90,received,O
90,from,O
90,the,O
90,"Tribunal,",O
90,the,O
90,petitioner,O
90,responding,O
90,to,O
90,the,O
90,proceeding,O
90,submitted,O
90,his,O
90,written,O
90,statement,O
90,on,O
90,15.102012.,O
90,In,O
90,the,O
90,said,O
90,written,O
90,statement,O
90,it,O
90,was,O
90,contended,O
90,that,O
90,his,O
90,grand,O
90,father's,O
90,name,O
90,appeared,O
90,in,O
90,the,O
90,voter,O
90,list,O
90,of,O
90,1966,O
90,as,O
90,Habil,B-Person
90,Seikh,I-Person
90,(Ext.1).,O
90,The,O
90,petitioner,O
90,also,O
90,claimed,O
90,that,O
90,he,O
90,is,O
90,a,O
90,resident,O
90,of,O
90,village,O
90,Ghiladhari,O
90,and,O
90,in,O
90,support,O
90,of,O
90,the,O
90,"same,",O
90,produced,O
90,a,O
90,certificate,O
90,issued,O
90,by,O
90,the,O
90,Gaonbura,O
90,(Ext.2).,O
90,He,O
90,also,O
90,produced,O
90,a,O
90,Job,B-Document
90,Card,I-Document
90,of,I-Document
90,NREGA,I-Document
90,(Ext.3).,O
90,Ext.4,B-Document
90,is,O
90,the,O
90,Pass,O
90,Book,O
90,of,O
90,State,O
90,Bank,O
90,of,O
90,"India,",O
90,Koupati,O
90,Branch,O
90,in,O
90,the,O
90,name,O
90,of,O
90,the,O
90,petitioner.,O
,,
91,Case,O
91,of,O
91,the,O
91,petitioner,B-Person
91,is,O
91,that,O
91,while,O
91,he,O
91,was,O
91,serving,O
91,as,O
91,MMGS-II,B-Person
91,in,O
91,the,O
91,Mukalmua,O
91,Branch,O
91,of,O
91,UCO,O
91,"Bank,",O
91,he,O
91,was,O
91,served,O
91,with,O
91,a,O
91,show-cause,B-Document
91,notice,I-Document
91,dated,O
91,12-09-2006,B-Date
91,issued,O
91,by,O
91,the,O
91,disciplinary,O
91,authority,O
91,proposing,O
91,to,O
91,hold,O
91,a,O
91,disciplinary,O
91,enquiry,O
91,under,O
91,Regulation,B-Section
91,6,I-Section
91,of,O
91,the,O
91,UCO,O
91,Bank,O
91,Officer,O
91,Employees,O
91,(Discipline,O
91,and,O
91,Appeal),O
91,"Regulations,",O
91,1976,O
91,on,O
91,the,O
91,charges,O
91,mentioned,O
91,therein.,O
91,The,O
91,charges,O
91,pertain,O
91,to,O
91,various,O
91,"acts,",O
91,omissions,O
91,and,O
91,commissions,O
91,allegedly,O
91,committed,O
91,by,O
91,the,O
91,petitioner,O
91,in,O
91,the,O
91,sanctioning,O
91,and,O
91,disbursement,O
91,of,O
91,loans,O
91,while,O
91,serving,O
91,as,O
91,Assistant,O
91,Manager,O
91,of,O
91,the,O
91,Itanagar,O
91,Branch.,O
91,When,O
91,he,O
91,was,O
91,transferred,O
91,from,O
91,Itanagar,O
91,Branch,O
91,to,O
91,Mukalmua,O
91,"Branch,",O
91,he,O
91,had,O
91,transferred,O
91,the,O
91,four,O
91,loans,O
91,accounts,O
91,sanctioned,O
91,and,O
91,disbursed,O
91,by,O
91,him,O
91,while,O
91,functioning,O
91,at,O
91,the,O
91,Itanagar,O
91,"Branch,",O
91,to,O
91,the,O
91,Mukalmua,O
91,Branch,O
91,without,O
91,authority,O
91,with,O
91,an,O
91,intent,O
91,to,O
91,cover,O
91,up,O
91,the,O
91,irregularities.,O
,,
92,The,O
92,tenor,O
92,of,O
92,the,O
92,order,O
92,would,O
92,go,O
92,to,O
92,show,O
92,that,O
92,the,O
92,petitioner,B-Person
92,had,O
92,pleaded,O
92,that,O
92,in,O
92,view,O
92,of,O
92,his,O
92,acquittal,O
92,in,O
92,the,O
92,criminal,O
92,"case,",O
92,the,O
92,dismissal,O
92,order,O
92,was,O
92,liable,O
92,to,O
92,be,O
92,interfered,O
92,with,O
92,and,O
92,it,O
92,is,O
92,on,O
92,that,O
92,"basis,",O
92,the,O
92,High,B-Court
92,Court,I-Court
92,of,I-Court
92,Judicature,I-Court
92,at,I-Court
92,Allahabad,I-Court
92,directed,O
92,disposal,O
92,of,O
92,the,O
92,representations.,O
92,Subsequent,O
92,to,O
92,the,O
92,said,O
92,order,O
92,dated,O
92,"27.05.2005,",O
92,the,O
92,petitioner,O
92,filed,O
92,a,O
92,representation,O
92,dated,O
92,09.06.2005,B-Date
92,to,O
92,"ADIGP,",O
92,"GC,",O
92,"CRPF,",O
92,which,O
92,was,O
92,forwarded,O
92,to,O
92,the,O
92,Deputy,O
92,Inspector,O
92,General,O
92,of,O
92,"Police,",O
92,"CRPF,",O
92,being,O
92,the,O
92,appellate,O
92,authority.,O
92,The,O
92,Deputy,O
92,Inspector,O
92,General,O
92,of,O
92,"Police,",O
92,"CRPF,",O
92,by,O
92,its,O
92,order,O
92,dated,O
92,"20.09.2005,",O
92,rejected,O
92,the,O
92,"representation,",O
92,holding,O
92,that,O
92,only,O
92,because,O
92,of,O
92,his,O
92,acquittal,O
92,from,O
92,the,O
92,criminal,O
92,"charges,",O
92,he,O
92,was,O
92,not,O
92,entitled,O
92,to,O
92,be,O
92,reinstated,O
92,in,O
92,his,O
92,service,O
92,in,O
92,view,O
92,of,O
92,the,O
92,fact,O
92,that,O
92,dismissal,O
92,order,O
92,was,O
92,passed,O
92,on,O
92,the,O
92,basis,O
92,of,O
92,charges,O
92,proved,O
92,in,O
92,a,O
92,departmental,O
92,proceeding,O
92,and,O
92,the,O
92,charges,O
92,framed,O
92,against,O
92,him,O
92,in,O
92,the,O
92,departmental,O
92,proceedings,O
92,are,O
92,different,O
92,from,O
92,the,O
92,charges,O
92,against,O
92,him,O
92,in,O
92,criminal,O
92,trial.,O
92,In,O
92,the,O
92,said,O
92,"order,",O
92,it,O
92,has,O
92,also,O
92,be,O
92,noted,O
92,that,O
92,during,O
92,the,O
92,course,O
92,of,O
92,disciplinary,O
92,"proceeding,",O
92,the,O
92,petitioner,O
92,was,O
92,afforded,O
92,ample,O
92,opportunity,O
92,at,O
92,each,O
92,and,O
92,every,O
92,stage,O
92,to,O
92,defend,O
92,his,O
92,case.,O
,,
93,Termination,O
93,of,O
93,service,O
93,of,O
93,the,B-Person
93,workman,I-Person
93,gave,O
93,rise,O
93,to,O
93,an,O
93,industrial,O
93,dispute,O
93,which,O
93,ultimately,O
93,led,O
93,to,O
93,making,O
93,of,O
93,a,O
93,reference,O
93,by,O
93,the,O
93,appropriate,O
93,Government,O
93,to,O
93,the,O
93,Industrial,O
93,Tribunal,O
93,at,O
93,Dibrugarh.,O
93,The,O
93,subject,O
93,matter,O
93,of,O
93,reference,O
93,was,O
93,justification,O
93,or,O
93,otherwise,O
93,of,O
93,the,O
93,dismissal,O
93,of,O
93,the,O
93,workman,O
93,from,O
93,service,O
93,and,O
93,of,O
93,his,O
93,entitlement,O
93,to,O
93,reinstatement,O
93,with,O
93,full,O
93,back,O
93,wages.,O
93,On,O
93,behalf,O
93,of,O
93,the,O
93,workman,O
93,as,O
93,well,O
93,as,O
93,on,O
93,behalf,O
93,of,O
93,the,O
93,"Management,",O
93,written,B-Document
93,statements,I-Document
93,were,O
93,submitted.,O
93,In,O
93,the,O
93,reference,O
93,"proceeding,",O
93,the,O
93,learned,O
93,Industrial,O
93,Tribunal,O
93,simultaneously,O
93,considered,O
93,validity,O
93,of,O
93,the,O
93,domestic,O
93,enquiry,O
93,as,O
93,well,O
93,as,O
93,dismissal,O
93,of,O
93,the,O
93,workman,O
93,on,O
93,merit.,O
93,The,O
93,Management,B-Person
93,side,O
93,examined,O
93,six,O
93,witnesses,O
93,whereas,O
93,the,O
93,workman,O
93,examined,O
93,himself,O
93,as,O
93,the,O
93,sole,O
93,witness,O
93,on,O
93,his,O
93,behalf.,O
,,
94,In,O
94,the,O
94,proceeding,O
94,before,O
94,the,O
94,"Tribunal,",O
94,the,O
94,petitioner,B-Person
94,responding,O
94,to,O
94,the,O
94,notice,O
94,served,O
94,on,O
94,her,O
94,filed,O
94,written,B-Document
94,statement,I-Document
94,and,O
94,also,O
94,"documents,",O
94,claiming,O
94,herself,O
94,to,O
94,be,O
94,an,O
94,Indian,O
94,citizen,O
94,by,O
94,birth.,O
94,In,O
94,the,O
94,written,O
94,statement,O
94,submitted,O
94,by,O
94,the,O
94,"petitioner,",O
94,it,O
94,was,O
94,contended,O
94,that,O
94,the,O
94,petitioner,O
94,is,O
94,a,O
94,bonafide,O
94,citizen,O
94,of,O
94,India,O
94,and,O
94,her,O
94,father's,O
94,name,O
94,(Jaynal,O
94,Ali),O
94,appeared,O
94,in,O
94,the,O
94,voter,B-Document
94,list,I-Document
94,of,O
94,1965,B-Date
94,pertaining,O
94,to,O
94,53,O
94,No.,O
94,Sarukhetri,O
94,LAC.,O
94,It,O
94,was,O
94,further,O
94,contended,O
94,hat,O
94,her,O
94,name,O
94,also,O
94,appeared,O
94,in,O
94,the,O
94,1997,B-Date
94,voter,O
94,list.,O
94,Referring,O
94,one,O
94,Rajab,B-Person
94,Ali,I-Person
94,and,O
94,Kuran,B-Person
94,Ali,I-Person
94,as,O
94,her,O
94,"brothers,",O
94,it,O
94,was,O
94,contended,O
94,that,O
94,their,O
94,names,O
94,also,O
94,appeared,O
94,in,O
94,the,O
94,said,O
94,voter,O
94,list,O
94,of,O
94,1997.,O
94,The,O
94,petitioner,O
94,also,O
94,stated,O
94,in,O
94,the,O
94,written,O
94,statement,O
94,that,O
94,her,O
94,name,O
94,appeared,O
94,in,O
94,the,O
94,voter,O
94,list,O
94,of,O
94,1989,O
94,and,O
94,1997.,O
94,The,O
94,written,O
94,statement,O
94,also,O
94,refers,O
94,to,O
94,the,O
94,certificate,O
94,of,O
94,the,O
94,Gaonbura,O
94,certifying,O
94,the,O
94,marriage,O
94,of,O
94,the,O
94,petitioner,O
94,with,O
94,one,O
94,Hazarat,O
94,Ali.,O
94,In,O
94,the,O
94,written,O
94,"statement,",O
94,the,O
94,petitioner,O
94,also,O
94,contended,O
94,that,O
94,actual,O
94,name,O
94,of,O
94,her,O
94,father,O
94,is,O
94,Jaynal,B-Person
94,Ali,I-Person
94,instead,O
94,of,O
94,Jaynal,O
94,Seikh.,O
,,
95,Learned,O
95,counsel,O
95,for,O
95,the,O
95,petitioners,B-Person
95,says,O
95,that,O
95,originally,O
95,the,O
95,loan,O
95,amount,O
95,was,O
95,Rs.4.90,O
95,crores,O
95,and,O
95,"thereafter,",O
95,the,O
95,Bank,O
95,has,O
95,made,O
95,claim,O
95,for,O
95,more,O
95,amount,O
95,towards,O
95,further,O
95,loan,O
95,of,O
95,Rs.7,O
95,"crores,",O
95,which,O
95,the,O
95,petitioners,O
95,dispute.,O
95,The,O
95,petitioners,O
95,are,O
95,prepared,O
95,to,O
95,pay,O
95,the,O
95,admitted,O
95,amount,O
95,with,O
95,interest,O
95,within,O
95,six,O
95,months.,O
95,If,O
95,the,O
95,amount,O
95,is,O
95,not,O
95,"paid,",O
95,the,O
95,petition,O
95,may,O
95,be,O
95,treated,O
95,to,O
95,have,O
95,been,O
95,dismissed.,O
95,In,O
95,view,O
95,of,O
95,the,O
95,above,O
95,"statement,",O
95,issue,O
95,notice,O
95,to,O
95,Respondent,O
95,No.1.,O
95,Pending,O
95,further,O
95,"consideration,",O
95,the,O
95,Bank,O
95,may,O
95,not,O
95,proceed,O
95,with,O
95,the,O
95,recovery,O
95,proceedings,O
95,against,O
95,the,O
95,petitioners,O
95,but,O
95,will,O
95,be,O
95,at,O
95,liberty,O
95,to,O
95,take,O
95,possession,O
95,of,O
95,the,O
95,properties,O
95,at,O
95,Gurgaon,O
95,and,O
95,Mohali,O
95,and,O
95,permit,O
95,raising,O
95,of,O
95,funds,O
95,against,O
95,the,O
95,said,O
95,property,O
95,by,O
95,way,O
95,of,O
95,tripartite,B-Document
95,agreement,I-Document
95,between,O
95,the,O
95,"petitioners,",O
95,the,O
95,Bank,O
95,and,O
95,a,O
95,third,O
95,party.,O
95,List,O
95,for,O
95,further,O
95,consideration,O
95,on,O
95,3rd,O
95,"December,",O
95,2012.,O
,,
96,This,O
96,writ,O
96,petition,O
96,under,O
96,Article,O
96,226,O
96,of,O
96,the,O
96,Constitution,B-Law
96,of,I-Law
96,India,I-Law
96,is,O
96,filed,O
96,by,O
96,the,O
96,petitioner,B-Person
96,questioning,O
96,the,O
96,selection,O
96,of,O
96,respondent,B-Person
96,No.,I-Person
96,4,I-Person
96,for,O
96,grant,O
96,of,O
96,Retail,O
96,Outlet,O
96,(RO),O
96,in,O
96,the,O
96,category,O
96,of,O
96,'outstanding,O
96,sports,O
96,"person',",O
96,for,O
96,"short,",O
96,"OSP,",O
96,in,O
96,respect,O
96,of,O
96,location,O
96,at,O
96,Amguri,O
96,in,O
96,the,O
96,district,O
96,of,O
96,Sivasagar.,O
96,Direction,O
96,is,O
96,also,O
96,sought,O
96,for,O
96,to,O
96,declare,O
96,the,O
96,petitioner,O
96,as,O
96,the,O
96,most,O
96,suitable,O
96,candidate,O
96,under,O
96,the,O
96,category,O
96,of,O
96,OSP,O
96,or,O
96,in,O
96,the,O
96,category,O
96,of,O
96,33%,O
96,reserved,O
96,for,O
96,women,O
96,category.,O
96,"Conspicuously,",O
96,date,O
96,of,O
96,the,O
96,letter,O
96,purporting,O
96,to,O
96,indicate,O
96,selection,O
96,of,O
96,the,O
96,respondent,O
96,No.,O
96,4,O
96,has,O
96,been,O
96,kept,O
96,blank.,O
96,The,O
96,"facts,",O
96,in,O
96,a,O
96,"nutshell,",O
96,as,O
96,emerging,O
96,from,O
96,the,O
96,writ,O
96,petition,O
96,is,O
96,that,O
96,the,O
96,petitioner,O
96,is,O
96,an,O
96,educated,B-Person
96,unemployed,I-Person
96,youth,I-Person
96,and,O
96,a,O
96,national,O
96,level,O
96,sports,O
96,woman.,O
96,She,O
96,had,O
96,earned,O
96,many,O
96,laurels,O
96,and,O
96,prizes,O
96,in,O
96,various,O
96,national,O
96,level,O
96,competitions,O
96,in,O
96,the,O
96,discipline,O
96,of,O
96,'weight,O
96,lifting'.,O
96,She,O
96,had,O
96,secured,O
96,first,O
96,place,O
96,in,O
96,56kg,O
96,weight,O
96,class,O
96,at,O
96,the,O
96,national,O
96,bench,O
96,press,O
96,power,O
96,lifting,O
96,championship,O
96,held,O
96,at,O
96,Mount,O
96,Abu,O
96,on,O
96,and,O
96,from,O
96,16th,O
96,to,O
96,18th,O
96,"July,",O
96,2004.,O
96,The,O
96,said,O
96,competition,O
96,is,O
96,recognised,O
96,by,O
96,the,O
96,Department,O
96,of,O
96,Youth,O
96,Affairs,O
96,&,O
96,"Sports,",O
96,Ministry,O
96,of,O
96,Human,O
96,Resources,O
96,"Development,",O
96,Government,O
96,of,O
96,India,O
96,and,O
96,International,O
96,Power,O
96,Lifting,O
96,Federation,O
96,and,O
96,The,O
96,Indian,O
96,Olympic,O
96,Association.,O
,,
97,Heard,O
97,Mr.,O
97,A.,O
97,M.,O
97,"Buzarbaruah,",O
97,learned,O
97,counsel,O
97,for,O
97,the,O
97,petitioners,B-Person
97,and,O
97,Mr.,O
97,J.,O
97,"Handique,",O
97,learned,O
97,Government,O
97,"Advocate,",O
97,Assam,O
97,for,O
97,the,O
97,respondents.,O
97,By,O
97,way,O
97,of,O
97,this,O
97,petition,O
97,under,O
97,Article,B-Law
97,226,I-Law
97,of,O
97,the,O
97,Constitution,O
97,of,O
97,"India,",O
97,petitioners,O
97,have,O
97,questioned,O
97,the,O
97,decision,O
97,of,O
97,the,O
97,respondents,B-Person
97,in,O
97,making,O
97,deduction,O
97,from,O
97,their,O
97,retirement,O
97,dues,O
97,of,O
97,certain,O
97,amounts,O
97,which,O
97,is,O
97,stated,O
97,to,O
97,have,O
97,been,O
97,drawn,O
97,as,O
97,excess,O
97,salary,O
97,by,O
97,the,O
97,petitioners.,O
97,Case,O
97,of,O
97,the,O
97,petitioners,O
97,is,O
97,that,O
97,they,O
97,had,O
97,served,O
97,as,O
97,Secretaries,O
97,in,O
97,different,O
97,Gaon,O
97,Panchayats,O
97,under,O
97,various,O
97,Zilla,O
97,Parishads,O
97,and,O
97,after,O
97,rendering,O
97,service,O
97,for,O
97,fairly,O
97,long,O
97,"periods,",O
97,they,O
97,had,O
97,superannuated,O
97,from,O
97,service.,O
,,
98,have,O
98,heard,O
98,Mr.,O
98,J.,O
98,"Ahmed,",O
98,learned,O
98,counsel,O
98,for,O
98,the,O
98,petitioner.,O
98,I,O
98,have,O
98,also,O
98,heard,O
98,Mrs.,O
98,H.M.,O
98,"Phukan,",O
98,learned,O
98,State,O
98,Counsel,O
98,as,O
98,well,O
98,as,O
98,Mr.,O
98,M.,O
98,"Bhagabati,",O
98,learned,O
98,CGC.,O
98,On,O
98,the,O
98,basis,O
98,of,O
98,the,O
98,reference,O
98,made,O
98,by,O
98,the,O
98,Superintendent,O
98,Police,O
98,"(B),",O
98,"Morigaon,",O
98,initially,O
98,the,O
98,IM(D)T,B-Case Number
98,case,I-Case Number
98,No.,I-Case Number
98,179/2002,I-Case Number
98,was,O
98,registered,O
98,against,O
98,the,O
98,petitioners,B-Person
98,and,O
98,thereafter,O
98,upon,O
98,scrapping,O
98,of,O
98,the,O
98,IM(D)T,B-Law
98,Act,I-Law
98,in,O
98,Sarbananda,O
98,Sonowal-I,O
98,Vs.,O
98,Union,O
98,of,O
98,India,O
98,reported,O
98,in,O
98,AIR,O
98,2005,O
98,SC,O
98,"2920,",O
98,the,O
98,reference,O
98,was,O
98,registered,O
98,as,O
98,FT(C),B-Case Number
98,Case,I-Case Number
98,No.,I-Case Number
98,105/2007,I-Case Number
98,and,O
98,the,O
98,impugned,O
98,declaration,O
98,having,O
98,been,O
98,made,O
98,vide,O
98,the,O
98,judgement,B-Document
98,and,I-Document
98,order,I-Document
98,dated,O
98,"25/01/2013,",O
98,the,O
98,petitioners,O
98,have,O
98,filed,O
98,the,O
98,instant,O
98,writ,O
98,petition.,O
,,
99,I,O
99,have,O
99,heard,O
99,Mr.,O
99,E.,O
99,"Ahmed,",O
99,learned,O
99,counsel,O
99,for,O
99,the,B-Person
99,petitioner,I-Person
99,and,O
99,have,O
99,also,O
99,heard,O
99,Mrs.,O
99,H.M.,O
99,"Phukan,",O
99,learned,O
99,State,O
99,Counsel,O
99,and,O
99,so,O
99,also,O
99,Ms.,O
99,B.,O
99,"Das,",O
99,learned,O
99,CGC.,O
99,I,O
99,have,O
99,perused,O
99,the,O
99,entire,O
99,materials,O
99,on,O
99,record,O
99,received,O
99,from,O
99,the,O
99,Tribunal.,O
99,On,O
99,receipt,O
99,of,O
99,the,O
99,notice,O
99,from,O
99,the,O
99,"Tribunal,",O
99,the,O
99,petitioner,O
99,duly,O
99,appeared,O
99,and,O
99,filed,O
99,written,B-Document
99,statement,I-Document
99,stating,O
99,inter,O
99,alia,O
99,that,O
99,he,O
99,was,O
99,born,O
99,in,O
99,the,O
99,year,O
99,1968,B-Date
99,at,O
99,Village-Mahadebpur,O
99,Part-I.,O
99,He,O
99,further,O
99,stated,O
99,in,O
99,his,O
99,written,O
99,statement,O
99,that,O
99,his,O
99,father's,O
99,name,O
99,appears,O
99,in,O
99,the,O
99,voter,O
99,list,O
99,of,O
99,1970,O
99,under,O
99,No.,O
99,"17,",O
99,Katigorah,O
99,Constituency.,O
99,He,O
99,also,O
99,stated,O
99,that,O
99,his,O
99,name,O
99,appeared,O
99,in,O
99,the,O
99,voter,O
99,list,O
99,of,O
99,1993,O
99,under,O
99,No.,O
99,15,O
99,Katigorah,O
99,Constituency.,O
99,He,O
99,also,O
99,referred,O
99,to,O
99,his,O
99,name,O
99,appeared,O
99,in,O
99,the,O
99,1997,B-Date
99,and,O
99,2005,O
99,voter,O
99,lists,O
99,of,O
99,Village-,O
99,Biswambarpur.,O
,,
100,Two,O
100,writ,O
100,petitions,O
100,being,O
100,W.P.(C)No.2647/06,B-Case Number
100,and,O
100,W.P(C)No.5332/05,B-Case Number
100,were,O
100,filed,O
100,with,O
100,the,O
100,grievance,O
100,that,O
100,five,B-Person
100,persons,I-Person
100,were,O
100,illegally,O
100,upgraded,O
100,to,O
100,the,O
100,post,O
100,of,O
100,Section,O
100,Assistant,O
100,without,O
100,considering,O
100,the,O
100,cases,O
100,of,O
100,the,O
100,said,O
100,writ,O
100,petitioners.,O
100,"However,",O
100,the,O
100,said,O
100,five,O
100,persons,O
100,were,O
100,not,O
100,made,O
100,parties,O
100,in,O
100,the,O
100,said,O
100,two,O
100,writ,O
100,petitions.,O
100,On,O
100,the,O
100,basis,O
100,of,O
100,materials,O
100,on,O
100,"record,",O
100,this,O
100,"court,",O
100,in,O
100,its,O
100,judgment,B-Document
100,and,I-Document
100,order,I-Document
100,dated,O
100,"27.01.2009,",O
100,recorded,O
100,a,O
100,prima,O
100,facie,O
100,finding,O
100,that,O
100,the,O
100,up-gradation/promotion/appointment,O
100,of,O
100,those,O
100,five,O
100,persons,O
100,were,O
100,made,O
100,illegally.,O
100,Taking,O
100,note,O
100,of,O
100,the,O
100,fact,O
100,that,O
100,the,O
100,said,O
100,five,O
100,persons,O
100,were,O
100,not,O
100,made,O
100,"party-respondents,",O
100,this,B-Court
100,court,I-Court
100,did,O
100,not,O
100,set,O
100,aside,O
100,and,O
100,quash,O
100,their,O
100,orders,O
100,of,O
100,appointment/up-gradation,O
100,and,O
100,directed,O
100,the,O
100,respondents,O
100,to,O
100,pass,O
100,appropriate,O
100,orders,O
100,consistent,O
100,with,O
100,the,O
100,observations,O
100,made,O
100,in,O
100,the,O
100,said,O
100,judgment,O
100,after,O
100,providing,O
100,adequate,O
100,opportunities,O
100,to,O
100,the,O
100,five,O
100,incumbents.,O
,,
101,Heard,O
101,Mr.,O
101,G,O
101,"Uzir,",O
101,learned,O
101,counsel,O
101,for,O
101,the,O
101,petitioner,B-Person
101,and,O
101,Mr.,O
101,J.,O
101,"Handique,",O
101,learned,O
101,Government,O
101,"Advocate,",O
101,"Assam,",O
101,who,O
101,has,O
101,also,O
101,produced,O
101,the,O
101,record.,O
101,Also,O
101,heard,O
101,Mr.,O
101,C.,O
101,"Baruah,",O
101,learned,O
101,Standing,O
101,"counsel,",O
101,Accountant,O
101,General.,O
101,Challenge,O
101,made,O
101,in,O
101,this,O
101,writ,O
101,petition,O
101,is,O
101,to,O
101,the,O
101,suspension,B-Document
101,order,I-Document
101,dated,O
101,29.12.2001,B-Date
101,and,O
101,show-cause,B-Document
101,notice,I-Document
101,dated,O
101,29.11.2002.,O
101,Further,O
101,prayer,O
101,made,O
101,is,O
101,for,O
101,quashing,O
101,of,O
101,the,O
101,disciplinary,O
101,proceeding,O
101,initiated,O
101,against,O
101,the,O
101,petitioner.,O
101,Case,O
101,of,O
101,the,O
101,petitioner,O
101,is,O
101,that,O
101,while,O
101,he,O
101,was,O
101,serving,O
101,as,O
101,Block,O
101,Development,O
101,Officer,O
101,(BDO),O
101,in,O
101,the,O
101,Tingkhong,O
101,Development,O
101,Block,O
101,in,O
101,Dibrugarh,O
101,"district,",O
101,he,O
101,was,O
101,placed,O
101,under,O
101,suspension,O
101,on,O
101,"29.12.2001,",O
101,3,O
101,(three),O
101,days,O
101,prior,O
101,to,O
101,his,O
101,retirement.,O
101,The,O
101,allegation,O
101,against,O
101,the,O
101,petitioner,O
101,was,O
101,of,O
101,mis-appropriation,O
101,of,O
101,Government,O
101,money.,O
101,Petitioner,B-Person
101,thereafter,O
101,superannuated,O
101,from,O
101,service,O
101,on,O
101,31.12.2001.,O
,,
